NO.,Storage Location,Lot_ID,Re-Code,Material,Material Description,Base Unit of Measure,Intake Vol (kg),Remain Vol (kg),Pkg Vol,Date of Manufacture,Expire Date,Batch prepare (KG.)
1,SPP,lot-2026-01-27-001,,1200000000000131,CMC Blanose 7HOF,KG,125,125,0,1/4/2025 ,1/4/2027 ,
2,SPP,lot-2026-01-27-002,,1200000000000131,CMC Blanose 7HOF,KG,300,300,0,27/4/2025 ,27/4/2027 ,
3,SPP,lot-2026-01-27-003,,1200000000000132,Trisodium Citrate,KG,225,225,0,24/9/2025 ,23/9/2028 ,
4,SPP,lot-2026-01-27-004,,1200000041000029,"Potassium Sorbate, 25 kgs/bag.",KG,950,950,0,8/12/2025 ,7/12/2027 ,
5,SPP,lot-2026-01-27-005,,1200000041000032,Potasium Chloride (KCl),KG,350,350,0,3/4/2025 ,3/4/2030 ,
6,SPP,lot-2026-01-27-006,,1200000041000032,Potasium Chloride (KCl),KG,1500,1500,0,27/6/2025 ,27/6/2030 ,
7,SPP,lot-2026-01-27-007,,1200000041000033,"Malic Acid, 25 kgs/bag.",KG,250,250,0,29/8/2025 ,28/8/2030 ,
8,SPP,lot-2026-01-27-008,,1200000041000034,Magnesium Lactate (PURAMEX MG)25 kg/bag.,KG,153.32,153.32,0,6/3/2022 ,5/3/2027 ,
9,SPP,lot-2026-01-27-009,,1200000041000035,"Sodium Benzoate, 25 kgs/bag",KG,275,275,0,4/8/2025 ,3/8/2027 ,
10,SPP,lot-2026-01-27-010,,1216180740000001,SPORIX,KG,88.762,88.762,0,28/5/2025 ,27/5/2027 ,
11,SPP,lot-2026-01-27-011,,1216180740000002,CPK Keltrol,KG,21.226,21.226,0,27/4/2025 ,25/4/2028 ,
12,SPP,lot-2026-01-27-012,,1216180740000003,Kelcogel (Gellan Gum),KG,15.34,15.34,0,30/8/2024 ,29/8/2026 ,
13,SPP,lot-2026-01-27-013,,1216450240000112,Lumur Vanilla Extrack 2X,KG,50,50,0,5/11/2024 ,5/11/2029 ,
14,SPP,lot-2026-01-27-014,,1216450240000112,Lumur Vanilla Extrack 2X,KG,25,25,0,27/3/2025 ,27/3/2030 ,
15,FH,lot-2026-01-27-015,,1216450240000118,Signature Cream F10T384,KG,25,25,0,18/8/2025 ,18/8/2026 ,5.4
16,FH,lot-2026-01-27-016,,1216450240000118,Signature Cream F10T384,KG,5.022,5.022,0,8/5/2026 ,8/5/2026 ,5.4
17,FH,lot-2026-01-27-017,,1216450240000124,White choc. E_22020877,KG,25,25,0,7/10/2025 ,7/10/2026 ,5.4
18,SPP,lot-2026-01-27-018,,1216450240000126,Clear Peach Juice Concentrate 8357,KG,346.966,346.966,0,29/12/2024 ,29/12/2026 ,
19,SPP,lot-2026-01-27-019,,1216450240000126,Clear Peach Juice Concentrate 8357,KG,25,25,0,13/6/2024 ,13/6/2026 ,
20,SPP,lot-2026-01-27-020,,1216450240000129,SIMPLISTICA SY 4210,KG,230,230,0,5/7/2024 ,5/7/2026 ,
21,SPP,lot-2026-01-27-021,,1216450240000129,SIMPLISTICA SY 4210,KG,125,125,0,12/9/2024 ,12/9/2026 ,
22,SPP,lot-2026-01-27-022,,1216450240000131,Clear Kiwi Juice Concentrate,KG,126.422,126.422,0,23/10/2024 ,22/10/2026 ,
23,SPP,lot-2026-01-27-023,,1216450240000140,Erythritol (Baolingbao) 25kg/bag,KG,54.954,54.954,0,16/10/2025 ,15/10/2028 ,
24,SPP,lot-2026-01-27-024,,1216450240000146,"Steviol Glycosides Crest, 20 kg/Box",KG,15.028,15.028,0,18/11/2025 ,17/11/2028 ,
25,SPP,lot-2026-01-27-025,,1216450241000077,NFC Yuzu – DKSH,KG,453.25,453.25,0,4/11/2025 ,4/11/2026 ,
26,SPP,lot-2026-01-27-026,,1216450241000078,YUZU ARTE P 801300,KG,1.348,1.348,0,3/1/2025 ,3/1/2027 ,
27,SPP,lot-2026-01-27-027,,1216450241000078,YUZU ARTE P 801300,KG,200,200,0,10/9/2025 ,10/9/2027 ,
28,SPP,lot-2026-01-27-028,,1216450241000078,YUZU ARTE P 801300,KG,60,60,0,3/1/2025 ,3/1/2027 ,
29,FH,lot-2026-01-27-029,,1216450241000079,T.Hasegawa Yuzu THT-893,KG,50,50,0,19/9/2025 ,18/9/2026 ,5.4
30,FH,lot-2026-01-27-030,,1216450241000079,T.Hasegawa Yuzu THT-893,KG,50,50,0,29/8/2025 ,28/8/2026 ,5.4
31,FH,lot-2026-01-27-031,,1216450241000079,T.Hasegawa Yuzu THT-893,KG,20.76,20.76,0,19/6/2025 ,18/6/2026 ,5.4
32,FH,lot-2026-01-27-032,,1216450241000096,Rose Hip Flavor 957792,KG,,,0,9/1/2025 ,4/4/2026 ,5.4
33,FH,lot-2026-01-27-033,,1216450241000097,Rose Flavor RP2211252,KG,,,0,14/8/2024 ,14/8/2025 ,5.4
34,FH,lot-2026-01-27-034,,1216450241000099,Caramel Flavor 963198,KG,19.54,19.54,0,8/4/2025 ,6/10/2026 ,5.4
35,FH,lot-2026-01-27-035,,1216450241000100,J - forte Rose Flavor FT2018,KG,36.507,36.507,0,4/9/2024 ,3/7/2026 ,5.4
36,FH,lot-2026-01-27-036,,1216450241000101,Elderflower Flavor 52788,KG,19.734,19.734,0,15/1/2025 ,15/1/2026 ,5.4
37,FH,lot-2026-01-27-037,,1216450241000102,Elderflower Flavor 7.65165,KG,23.582,23.582,0,5/2/2025 ,5/2/2026 ,5.4
38,FH,lot-2026-01-27-038,,1216450241000103,Elderflower Flavor TF66263,KG,19.924,19.924,0,11/1/2025 ,11/1/2026 ,5.4
39,FH,lot-2026-01-27-039,,1216450241000103,Elderflower Flavor TF66263,KG,24.234,24.234,0,27/6/2025 ,27/6/2027 ,5.4
40,FH,lot-2026-01-27-040,,1216450241000105,Vanilla Flavor 65024,KG,24.902,24.902,0,3/6/2025 ,3/6/2026 ,5.4
41,FH,lot-2026-01-27-041,,1216450241000105,Vanilla Flavor 65024,KG,13.694,13.694,0,6/1/2025 ,6/1/2026 ,5.4
42,FH,lot-2026-01-27-042,,1216450241000106,Natural Grenadine Flavor T10116600,KG,22.642,22.642,0,8/9/2025 ,5/6/2026 ,5.4
43,FH,lot-2026-01-27-043,,1216450241000107,Natural Pomegranate Flavor 001772,KG,19.454,19.454,0,7/1/2025 ,7/1/2026 ,5.4
44,FH,lot-2026-01-27-044,,1216450241000107,Natural Pomegranate Flavor 001772,KG,14.746,14.746,0,13/3/2025 ,13/3/2026 ,5.4
45,FH,lot-2026-01-27-045,,1216450241000111,Raspberry Flavor GWFC10782,KG,11.21,11.21,0,24/12/2024 ,24/12/2027 ,5.4
46,FH,lot-2026-01-27-046,,1216450241000114,Hazelnut Flavour TF00622,KG,25,25,0,16/12/2025 ,16/12/2026 ,5.4
47,FH,lot-2026-01-27-047,,1216450241000115,Apple Flavor TF74467,KG,25,25,0,12/12/2025 ,12/12/2026 ,5.4
48,FH,lot-2026-01-27-048,,1216450241000116,Apple Flavor GWF A01301,KG,10.326,10.326,0,26/8/2024 ,25/8/2029 ,5.4
49,FH,lot-2026-01-27-049,,1216450241000119,Vanilla Flavor 98AF8436,KG,9.91,9.91,0,11/5/2024 ,11/5/2027 ,5.4
50,FH,lot-2026-01-27-050,,1216450241000120,Vanilla Flavor A16182022,KG,12.646,12.646,0,26/8/2024 ,27/2/2026 ,5.4
51,FH,lot-2026-01-27-051,,1216450241000122,Passion fruit Flavor 54223,KG,13.512,13.512,0,1/11/2024 ,1/11/2026 ,5.4
52,FH,lot-2026-01-27-052,,1216450241000123,Passion fruit Flavor TH195967,KG,18.764,18.764,0,26/11/2025 ,26/11/2026 ,5.4
53,FH,lot-2026-01-27-053,,1216450241000125,White choc. Flavour 70FM101478,KG,20,20,0,7/11/2025 ,6/11/2026 ,5.4
54,FH,lot-2026-01-27-054,,1216450241000127,PEACH FLAVOUR 986057,KG,200,200,0,1/10/2025 ,26/9/2026 ,5.4
55,FH,lot-2026-01-27-055,,1216450241000127,PEACH FLAVOUR 986057,KG,66.574,66.574,0,7/7/2025 ,2/7/2026 ,5.4
56,FH,lot-2026-01-27-056,,1216450241000127,PEACH FLAVOUR 986057,KG,25,25,0,20/5/2025 ,15/5/2026 ,5.4
57,FH,lot-2026-01-27-057,,1216450241000127,PEACH FLAVOUR 986057,KG,24.486,24.486,0,9/1/2025 ,4/4/2026 ,5.4
58,FH,lot-2026-01-27-058,,1216450241000128,FRUIT PUNCH FLAVOUR TF68104,KG,67.16,67.16,0,1/3/2025 ,1/3/2026 ,5.4
59,FH,lot-2026-01-27-059,,1216450241000128,FRUIT PUNCH FLAVOUR TF68104,KG,50,50,0,26/8/2025 ,26/8/2026 ,5.4
60,FH,lot-2026-01-27-060,,1216450241000130,BROWN SUGAR FLAVOUR RP240009,KG,1.88,1.88,0,3/9/2024 ,3/11/2025 ,5.4
61,FH,lot-2026-01-27-061,,1216450241000141,"SWEET MODULATION TH-7439, 20kg/Drum",KG,300,300,0,21/7/2025 ,21/7/2026 ,5.4
62,FH,lot-2026-01-27-062,,1216450241000142,"CLASSIC CARAMEL FLAVOUR CR-02,25 Kg/Drum",KG,100,100,0,7/10/2025 ,7/10/2026 ,5.4
63,FH,lot-2026-01-27-063,,1216450241000142,"CLASSIC CARAMEL FLAVOUR CR-02,25 Kg/Drum",KG,69,69,0,3/9/2025 ,3/9/2026 ,5.4
64,FH,lot-2026-01-27-064,,1216450241000144,"FRESH MINT FLAVOUR 7.64476, 25 Kg/Drum",KG,3.286,3.286,0,19/11/2025 ,19/5/2026 ,0.5
65,FH,lot-2026-01-27-065,,1216450241000145,"Muscat Flavor 592738 C, 25 Kg/Drum",KG,25,25,0,27/9/2028 ,27/9/2026 ,5.4
66,FH,lot-2026-01-27-066,,1216450241100007,Caramel Flavour CR-02.,KG,94,94,0,14/10/2025 ,14/10/2026 ,5.4
67,FH,lot-2026-01-27-067,,1216450241100026,Sugar Flavour SG-01.,KG,200,200,0,24/10/2025 ,24/10/2026 ,5.4
68,FH,lot-2026-01-27-068,,1216450241100026,Sugar Flavour SG-01.,KG,17.56,17.56,0,2/6/2025 ,2/6/2026 ,5.4
68,FH,lot-2026-01-27-069,,1216450241100026,Sugar Flavour SG-01.,KG,100,100,0,19/7/2025 ,19/7/2026 ,5.4
70,FH,lot-2026-01-27-070,,1216450241200002,Strawberry Flavour ST-01.,KG,29.738,29.738,0,1/10/2024 ,24/4/2026 ,5.4
71,SPP,lot-2026-01-27-071,,1216450241200008,"Coconut Water Powder, 25 kgs/drum.",KG,3395.934,3395.934,0,2/9/2025 ,1/8/2027 ,
72,SPP,lot-2026-01-27-072,,1216450241200008,"Coconut Water Powder, 25 kgs/drum.",KG,100,100,0,15/10/2025 ,14/9/2027 ,
73,SPP,lot-2026-01-27-073,,1216450241200009,Strawberry Juice Concentrate.,KG,578,578,0,5/12/2024 ,5/12/2026 ,
74,SPP,lot-2026-01-27-074,,1216450241200009,Strawberry Juice Concentrate.,KG,40,40,0,5/7/2024 ,5/7/2026 ,
75,FH,lot-2026-01-27-075,,1216450241200023,Melon Flavour ML-01.,KG,44.578,44.578,0,27/11/2024 ,27/5/2026 ,5.4
76,FH,lot-2026-01-27-076,,1216450241200038,Coconut Flavour CN-01.,KG,1790,1790,0,4/8/2025 ,4/8/2026 ,5.4
77,FH,lot-2026-01-27-077,,1216450241200038,Coconut Flavour CN-01.,KG,1600,1600,0,19/9/2025 ,19/9/2026 ,5.4
78,FH,lot-2026-01-27-078,,1216450241200039,Lychee Flavour LC-01.,KG,225,225,0,17/12/2025 ,16/12/2026 ,5.4
79,FH,lot-2026-01-27-079,,1216450241200039,Lychee Flavour LC-01.,KG,13.55,13.55,0,19/8/2025 ,18/8/2026 ,5.4
80,FH,lot-2026-01-27-080,,1216450241200040,YOUNG COCONUT FLAVOUR 752625.,KG,637.5,637.5,0,2/9/2025 ,28/8/2026 ,5.4
81,FH,lot-2026-01-27-081,,1216450241200041,Blue Curacao Flavor BC-01.,KG,13.834,13.834,0,10/3/2025 ,10/3/2026 ,5.4
82,FH,lot-2026-01-27-082,,1216450241200041,Blue Curacao Flavor BC-01.,KG,49.572,49.572,0,31/12/2024 ,5/7/2026 ,5.4
83,SPP,lot-2026-01-27-083,,1216450241200042,Lychee Juice Concentrate.,KG,1762.75,1762.75,0,6/2/2025 ,5/2/2027 ,
84,SPP,lot-2026-01-27-084,,1216450241200044,"Melon Powder, 20 kgs/pack.",KG,,,0,,,
85,FH,lot-2026-01-27-085,,1216450241200045,"Okrong Mango Flavour E20093290,25kg/dr.",KG,,,0,,,5.4
86,FH,lot-2026-01-27-086,,1216450241200046,"Fruity Sweet Flavour DLN1, 20kg/drum.",KG,280,280,0,10/2/2025 ,10/2/2026 ,5.4
87,FH,lot-2026-01-27-087,,1216450241200046,"Fruity Sweet Flavour DLN1, 20kg/drum.",KG,308.874,308.874,0,17/2/2025 ,17/2/2026 ,5.4
88,FH,lot-2026-01-27-088,,1216450241200048,"Chrysanthemum Flavour GWFA10421, 20kg/d.",KG,1.616,1.616,0,19/10/2021 ,18/10/2026 ,5.4
89,FH,lot-2026-01-27-089,,1216450241200049,"Mango Flavour 98AF4572, 20kg/drum.",KG,,,0,,,5.4
90,FH,lot-2026-01-27-090,,1216450241200050,"Mango Flavour MG-03, 25kg/drum.",KG,50,50,0,23/9/2025 ,23/9/2026 ,5.4
91,FH,lot-2026-01-27-091,,1216450241200050,"Mango Flavour MG-03, 25kg/drum.",KG,98.062,98.062,0,21/8/2025 ,21/8/2026 ,5.4
92,FH,lot-2026-01-27-092,,1216450241200051,"Herb Flavour 962070 (N670), 20kg/drum.",KG,,,0,,,5.4
93,FH,lot-2026-01-27-093,,1216450241200053,Strawberry Jam Flavor SC534471,KG,1885.782,1885.782,0,6/11/2025 ,6/11/2026 ,5.4
94,SPP,lot-2026-01-27-094,,1216450241200054,LEMON LIME FLAVOUR 693503,KG,175,175,0,9/7/2025 ,4/7/2026 ,
95,SPP,lot-2026-01-27-095,,1216450241200054,LEMON LIME FLAVOUR 693503,KG,178.954,178.954,0,14/8/2025 ,9/8/2026 ,
96,FH,lot-2026-01-27-096,,1216450241200055,LYCHEE FLVOUR 484994,KG,348.842,348.842,0,3/7/2025 ,28/6/2026 ,5.4
97,FH,lot-2026-01-27-097,,1216450241200055,LYCHEE FLVOUR 484994,KG,300,300,0,31/8/2025 ,26/8/2026 ,5.4
98,SPP,lot-2026-01-27-098,,1216450241200056,Kiwi Flavor GWFA10951,KG,20,20,0,7/4/2025 ,6/4/2030 ,
99,SPP,lot-2026-01-27-099,,1216450241200056,Kiwi Flavor GWFA10951,KG,87.754,87.754,0,17/5/2025 ,16/5/2030 ,
100,FH,lot-2026-01-27-100,,1216450241200057,Apple Flavor SC771074,KG,14.97,14.97,0,11/9/2025 ,11/9/2026 ,5.4
101,FH,lot-2026-01-27-101,,1216450241200059,Orange 591872 CIP,KG,117.53,117.53,0,25/8/2025 ,25/8/2026 ,5.4
102,SPP,lot-2026-01-27-102,,1216450241200060,Vitasweet® Ace-K (E950),KG,100,100,0,27/5/2025 ,26/5/2028 ,
103,FH,lot-2026-01-27-103,,1216450241200061,Sala Flavour Givaudan L-F01657,KG,150,150,0,1/4/2025 ,1/4/2026 ,5.4
104,FH,lot-2026-01-27-104,,1216450241200061,Sala Flavour Givaudan L-F01657,KG,100,100,0,2/8/2025 ,2/8/2026 ,5.4
105,FH,lot-2026-01-27-105,,1216450241200061,Sala Flavour Givaudan L-F01657,KG,300,300,0,16/8/2025 ,16/8/2026 ,5.4
106,FH,lot-2026-01-27-106,,1216450241200061,Sala Flavour Givaudan L-F01657,KG,304.925,304.925,0,22/1/2025 ,21/2/2026 ,5.4
107,FH,lot-2026-01-27-107,,1216450241200062,Sala Flavour Mane E20158434,KG,399.544,399.544,0,4/8/2025 ,4/8/2026 ,5.4
108,FH,lot-2026-01-27-108,,1216450241200062,Sala Flavour Mane E20158434,KG,714.412,714.412,0,7/1/2025 ,5/7/2026 ,5.4
109,FH,lot-2026-01-27-109,,1216450241200062,Sala Flavour Mane E20158434,KG,400,400,0,10/2/2025 ,12/7/2026 ,5.4
110,FH,lot-2026-01-27-110,,1216450241200062,Sala Flavour Mane E20158434,KG,800,800,0,23/6/2025 ,23/6/2026 ,5.4
111,FH,lot-2026-01-27-111,,1216450241200063,Lychee Flavor E22050308 (Mane),KG,200,200,0,8/10/2025 ,8/10/2026 ,5.4
112,FH,lot-2026-01-27-112,,1216450241200063,Lychee Flavor E22050308 (Mane),KG,323.384,323.384,0,3/6/2025 ,3/6/2026 ,5.4
113,FH,lot-2026-01-27-113,,1216450241200063,Lychee Flavor E22050308 (Mane),KG,100,100,0,3/9/2025 ,3/9/2026 ,5.4
114,FH,lot-2026-01-27-114,,1216450241200063,Lychee Flavor E22050308 (Mane),KG,300,300,0,4/8/2025 ,4/8/2026 ,5.4
115,FH,lot-2026-01-27-115,,1216450241200064,Lime Flavor 001483 (TPM),KG,200,200,0,6/8/2025 ,6/8/2026 ,5.4
116,FH,lot-2026-01-27-116,,1216450241200064,Lime Flavor 001483 (TPM),KG,47.818,47.818,0,11/6/2025 ,11/6/2026 ,5.4
117,FH,lot-2026-01-27-117,,1216450241200064,Lime Flavor 001483 (TPM),KG,240,240,0,14/5/2025 ,14/5/2026 ,5.4
118,FH,lot-2026-01-27-118,,1216450241200064,Lime Flavor 001483 (TPM),KG,100,100,0,26/6/2025 ,26/6/2026 ,5.4
119,FH,lot-2026-01-27-119,,1216450241200064,Lime Flavor 001483 (TPM),KG,100,100,0,28/11/2025 ,28/11/2026 ,5.4
120,SPP,lot-2026-01-27-120,,1216450241200065,Frozen Strawberry Puree,KG,694.31,694.31,0,17/12/2025 ,17/6/2027 ,
121,SPP,lot-2026-01-27-121,,1216450241200066,Frozen  Lemon Concentrate,KG,5688,5688,0,20/7/2025 ,20/7/2027 ,
122,SPP,lot-2026-01-27-122,,1216450241200067,Frozen Apple Jiuce Concentrate,KG,308.77,308.77,0,21/8/2025 ,20/8/2027 ,
123,SPP,lot-2026-01-27-123,,1216450241200070,Frozen Tangerine Concentrate,KG,255.524,255.524,0,21/3/2025 ,20/3/2027 ,
124,SPP,lot-2026-01-27-124,,1216450241200071,Frozen Lychee Puree (Chakkapat),KG,928.004,928.004,0,7/10/2025 ,6/10/2027 ,
125,SPP,lot-2026-01-27-125,,1216450241200072,Frozen Mango Puree (Nam Dok  Mai),KG,350,350,0,19/12/2025 ,19/12/2027 ,
126,SPP,lot-2026-01-27-126,,1216450241200073,Frozen Orange Pulp,KG,157.322,157.322,0,19/2/2025 ,19/2/2027 ,
127,FH,lot-2026-01-27-127,,1216450241200074,Cloudy SC4,KG,400,400,0,10/7/2025 ,9/7/2027 ,0.5
128,FH,lot-2026-01-27-128,,1216450241200074,Cloudy SC4,KG,107.894,107.894,0,19/3/2025 ,18/3/2027 ,0.5
129,FH,lot-2026-01-27-129,,1216450241200075,Peach Flavour Firmenich 050001 R10060,KG,16.926,16.926,0,26/8/2025 ,26/8/2026 ,5.4
130,FH,lot-2026-01-27-130,,1216450241200075,Peach Flavour Firmenich 050001 R10060,KG,25,25,0,26/8/2025 ,26/8/2026 ,5.4
131,FH,lot-2026-01-27-131,,1216450241200076,Peach Flavour Jean Niel TF65195,KG,100,100,0,9/12/2025 ,9/12/2026 ,5.4
132,FH,lot-2026-01-27-132,,1216450241200076,Peach Flavour Jean Niel TF65195,KG,75,75,0,6/8/2025 ,6/8/2026 ,5.4
133,FH,lot-2026-01-27-133,,1216450241200076,Peach Flavour Jean Niel TF65195,KG,94.21,94.21,0,19/9/2025 ,19/9/2026 ,5.4
134,FH,lot-2026-01-27-134,,1216450241200076,Peach Flavour Jean Niel TF65195,KG,100,100,0,28/10/2025 ,28/10/2026 ,5.4
135,FH,lot-2026-01-27-135,,1216450241200076,Peach Flavour Jean Niel TF65195,KG,50,50,0,6/6/2025 ,6/6/2026 ,5.4
136,SPP,lot-2026-01-27-136,,1216450241200080,Frozen Dice Orange Peel,KG,201,201,0,2/6/2025 ,1/6/2026 ,
137,SPP,lot-2026-01-27-137,,1216450241200084,Frozen Pomegranate Concentrate (DKSH),KG,658.334,658.334,0,28/5/2024 ,28/5/2026 ,
138,FH,lot-2026-01-27-138,,1216450241200085,Pineapple Flavor Mane E23030086,KG,557.142,557.142,0,21/5/2025 ,21/5/2026 ,5.4
139,SPP,lot-2026-01-27-139,,1216450241200086,Frozen Blueberry Concentrate (IFI),KG,197.88,197.88,0,21/3/2025 ,21/3/2027 ,
140,SPP,lot-2026-01-27-140,,1216450241200086,Frozen Blueberry Concentrate (IFI),KG,9.154,9.154,0,22/8/2024 ,22/8/2026 ,
141,FH,lot-2026-01-27-141,,1216450241200087,Blueberry Flavour Roberte 54220,KG,84.874,84.874,0,10/4/2025 ,10/4/2026 ,5.4
142,FH,lot-2026-01-27-142,,1216450241200088,Blueberry Flavour Jean Niel TF00115,KG,96.022,96.022,0,29/4/2025 ,29/10/2026 ,5.4
143,SPP,lot-2026-01-27-143,,1216450241200089,Frozen Grape Concentrate,KG,189.51,189.51,0,18/12/2024 ,17/12/2026 ,
144,FH,lot-2026-01-27-144,,1216450241200090,Firmenich Signature Grape F72T827,KG,144.936,144.936,0,10/3/2025 ,10/3/2026 ,5.4
145,FH,lot-2026-01-27-145,,1216450241200090,Firmenich Signature Grape F72T827,KG,50,50,0,18/10/2024 ,18/5/2026 ,5.4
146,FH,lot-2026-01-27-146,,1216450241200091,Jean Niel Grape TF67550,KG,145.572,145.572,0,28/4/2025 ,28/4/2026 ,5.4
147,SPP,lot-2026-01-27-147,,1216450241200092,Frozen Passion Fruit Puree,KG,285,285,0,24/4/2025 ,24/4/2027 ,
148,SPP,lot-2026-01-27-148,,1216450241200092,Frozen Passion Fruit Puree,KG,45,45,0,19/10/2024 ,19/10/2026 ,
149,SPP,lot-2026-01-27-149,,1216450241200092,Frozen Passion Fruit Puree,KG,74.964,74.964,0,24/11/2025 ,24/5/2027 ,
150,FH,lot-2026-01-27-150,,1216450241200093,Jean Niel Passion Fruit  TF53958,KG,25,25,0,12/6/2025 ,12/12/2026 ,5.4
151,FH,lot-2026-01-27-151,,1216450241200093,Jean Niel Passion Fruit  TF53958,KG,25,25,0,11/7/2025 ,11/7/2026 ,5.4
152,FH,lot-2026-01-27-152,,1216450241200093,Jean Niel Passion Fruit  TF53958,KG,0.204,0.204,0,4/4/2025 ,4/4/2026 ,5.4
153,FH,lot-2026-01-27-153,,1216450241200093,Jean Niel Passion Fruit  TF53958,KG,24.718,24.718,0,11/5/2025 ,11/5/2026 ,5.4
154,SPP,lot-2026-01-27-154,,1216450241200094,Frozen Pineapple Juice Concentrate,KG,250,250,0,5/8/2025 ,5/8/2026 ,
155,SPP,lot-2026-01-27-155,,1216450241200094,Frozen Pineapple Juice Concentrate,KG,720,720,0,8/1/2025 ,22/12/2026 ,
156,SPP,lot-2026-01-27-156,,1216450241200094,Frozen Pineapple Juice Concentrate,KG,780,780,0,22/12/2025 ,22/12/2026 ,
157,FH,lot-2026-01-27-157,,1216450241200095,Pineapple Flavor IFF TH828995,KG,30,30,0,3/6/2025 ,3/6/2026 ,5.4
158,FH,lot-2026-01-27-158,,1216450241200095,Pineapple Flavor IFF TH828995,KG,840,840,0,25/6/2025 ,25/6/2026 ,5.4
159,FH,lot-2026-01-27-159,,1216450241200095,Pineapple Flavor IFF TH828995,KG,40,40,0,6/3/2025 ,6/3/2026 ,5.4
160,FH,lot-2026-01-27-160,,1216450241200095,Pineapple Flavor IFF TH828995,KG,40,40,0,14/5/2025 ,14/5/2026 ,5.4
161,SPP,lot-2026-01-27-161,,1216450241200104,Elderflower Extract Powder,KG,20,20,0,26/10/2024 ,26/10/2026 ,
162,SPP,lot-2026-01-27-162,,1216450241200104,Elderflower Extract Powder,KG,13.974,13.974,0,25/4/2023 ,24/4/2026 ,
163,SPP,lot-2026-01-27-163,,1216450241200108,Raspberry Powder,KG,25.36,25.36,0,13/11/2024 ,12/11/2027 ,
164,SPP,lot-2026-01-27-164,,1216450241200113,Mixed Berry Concentrate,KG,30.064,30.064,0,5/6/2025 ,5/6/2027 ,
165,SPP,lot-2026-01-27-165,,1216450241200117,Apple Juice Concentrate,KG,125,125,0,10/2/2025 ,10/2/2026 ,
166,SPP,lot-2026-01-27-166,,1216450241200117,Apple Juice Concentrate,KG,200,200,0,16/9/2025 ,16/9/2026 ,
167,SPP,lot-2026-01-27-167,,1216450241200121,Passion fruit puree,KG,,,0,,,
168,SPP,lot-2026-01-27-168,,1216450241200132,Frozen Lychee Puree (100%),KG,1056.2,1056.2,0,14/3/2025 ,13/3/2027 ,
169,SPP,lot-2026-01-27-169,,1216450242000037,"Coconut syrup, น้ำเชื่อมตาลมะพร้าว.",KG,2220,2220,0,8/1/2026 ,8/3/2026 ,
170,SPP,lot-2026-01-27-170,,1216450242000037,"Coconut syrup, น้ำเชื่อมตาลมะพร้าว.",KG,8910,8910,0,15/1/2026 ,15/3/2026 ,
171,SPP,lot-2026-01-27-171,,1216450242000037,"Coconut syrup, น้ำเชื่อมตาลมะพร้าว.",KG,720,720,0,13/1/2026 ,13/3/2026 ,
172,FH,lot-2026-01-27-172,,1217150041000001,FD&C BLUE NO.1 (Brilliant Blue Colour).,KG,40,40,0,13/11/2024 ,12/11/2030 ,0.5
173,FH,lot-2026-01-27-173,,1217150041000002,FD&C YELLOW NO. 5 (Tartrazine Color).,KG,20,20,0,12/12/2022 ,10/12/2028 ,0.5
174,FH,lot-2026-01-27-174,,1217150041000004,FD&C Red No.40 (Allura Red Colour).,KG,41.0135,41.0135,0,14/2/2025 ,13/2/2031 ,0.5
175,FH,lot-2026-01-27-175,,1217150041000004,FD&C Red No.40 (Allura Red Colour).,KG,20,20,0,2/1/2025 ,1/1/2031 ,0.5
176,FH,lot-2026-01-27-176,,1217150041000005,Caramel Colour Class IV (INS 150d).,KG,25,25,0,16/4/2025 ,15/4/2027 ,0.5
177,FH,lot-2026-01-27-177,,1217150041000005,Caramel Colour Class IV (INS 150d).,KG,12.146,12.146,0,16/4/2025 ,15/4/2027 ,0.5
178,FH,lot-2026-01-27-178,,1217150041000012,Caramel Colour Class III (INS 150c).,KG,25.615,25.615,0,8/8/2025 ,7/8/2027 ,0.5
179,FH,lot-2026-01-27-179,,1217150041000015,"Sunset Yellow FD&C Yellow No.6, 1kg/bag.",KG,20,20,0,1/6/2024 ,31/5/2028 ,0.5
180,FH,lot-2026-01-27-180,,1217150041000015,"Sunset Yellow FD&C Yellow No.6, 1kg/bag.",KG,32.412,32.412,0,17/3/2022 ,15/3/2028 ,0.5
181,FH,lot-2026-01-27-181,,1217150041000017,Eurocert carmoisine,KG,240,240,0,21/11/2023 ,19/11/2029 ,0.5
182,FH,lot-2026-01-27-182,,1217150041000017,Eurocert carmoisine,KG,20,20,0,19/9/2023 ,17/9/2029 ,0.5
183,SPP,lot-2026-01-27-183,,1217150041000018,Instant Textaid A,KG,703.7,703.7,0,8/9/2025 ,8/9/2027 ,
184,SPP,lot-2026-01-27-184,,1235210443000028,"Erythritol, 25 kgs/bag.",KG,2063.084,2063.084,0,21/9/2025 ,20/9/2027 ,
185,SPP,lot-2026-01-27-185,,4114181242000021,"Liquid Glucose, กลูโคสเหลว 80 บริกซ์.",KG,5520,5520,0,7/1/2026 ,8/3/2026 ,
186,SPP,lot-2026-01-27-186,,4114181242000021,"Liquid Glucose, กลูโคสเหลว 80 บริกซ์.",KG,6168,6168,0,10/1/2026 ,11/3/2026 ,
187,SPP,lot-2026-01-27-187,,4114181242000021,"Liquid Glucose, กลูโคสเหลว 80 บริกซ์.",KG,3264,3264,0,5/1/2026 ,6/3/2026 ,
188,SPP,lot-2026-01-27-188,,4114181242000021,"Liquid Glucose, กลูโคสเหลว 80 บริกซ์.",KG,1152,1152,0,12/1/2026 ,13/3/2026 ,
189,SPP,lot-2026-01-27-189,,4114181242000021,"Liquid Glucose, กลูโคสเหลว 80 บริกซ์.",KG,6168,6168,0,10/1/2026 ,11/3/2026 ,
190,SPP,lot-2026-01-27-190,,4114181242000021,"Liquid Glucose, กลูโคสเหลว 80 บริกซ์.",KG,576,576,0,13/1/2026 ,14/3/2026 ,
191,SPP,lot-2026-01-27-191,,5016190043000027,"Sucralose, 1kg * 10/bag.",KG,120,120,0,20/5/2025 ,19/5/2027 ,
192,SPP,lot-2026-01-27-192,,5016190043000027,"Sucralose, 1kg * 10/bag.",KG,190,190,0,31/8/2025 ,30/8/2027 ,
193,SPP,lot-2026-01-27-193,,5016190043000027,"Sucralose, 1kg * 10/bag.",KG,40,40,0,19/4/2025 ,18/4/2025 ,
194,SPP,lot-2026-01-27-194,,5022130041000036,NATIONAL FRIGEX CL,KG,2000,2000,0,16/12/2025 ,16/12/2027 ,
195,SPP,lot-2026-01-27-195,,5022130041000036,NATIONAL FRIGEX CL,KG,800,800,0,22/10/2025 ,22/10/2027 ,
196,SPP,lot-2026-01-27-196,,5022130042000023,"Modified starch, แป้งดัดแปร, 25 kgs/bag.",KG,3600,3600,0,13/10/2025 ,13/10/2027 ,
197,SPP,lot-2026-01-27-197,,5022130042000023,"Modified starch, แป้งดัดแปร, 25 kgs/bag.",KG,1100,1100,0,20/7/2025 ,20/7/2027 ,
198,SPP,lot-2026-01-27-198,,5022130043000022,Native tapioca starch แป้งมัน 20 kg/bag.,KG,420,420,0,28/11/2025 ,25/2/2026 ,
199,SPP,lot-2026-01-27-199,,5113162841000024,Citric Acid.,KG,2425,2425,0,1/11/2025 ,1/11/2028 ,
201,SPP,lot-2026-01-27-200,,5119160242000025,"Salt, NaCl, เกลือ บรรจุ 400 g,25 kg/bag.",KG,7400,7400,0,8/1/2026 ,8/1/2029 ,
202,SPP,lot-2026-01-27-201,,5119160242000025,"Salt, NaCl, เกลือ บรรจุ 400 g,25 kg/bag.",KG,975,975,0,14/12/2025 ,14/12/2028 ,