mariadb-dump: Error: 'Access denied; you need (at least one of) the PROCESS privilege(s) for this operation' when trying to dump tablespaces
/*M!999999\- enable the sandbox mode */ 
-- MariaDB dump 10.19-12.2.2-MariaDB, for debian-linux-gnu (aarch64)
--
-- Host: 152.42.166.150    Database: xMixingControl
-- ------------------------------------------------------
-- Server version	8.0.44

/*!40101 SET @OLD_CHARACTER_SET_CLIENT=@@CHARACTER_SET_CLIENT */;
/*!40101 SET @OLD_CHARACTER_SET_RESULTS=@@CHARACTER_SET_RESULTS */;
/*!40101 SET @OLD_COLLATION_CONNECTION=@@COLLATION_CONNECTION */;
/*!40101 SET NAMES utf8mb4 */;
/*!40103 SET @OLD_TIME_ZONE=@@TIME_ZONE */;
/*!40103 SET TIME_ZONE='+00:00' */;
/*!40014 SET @OLD_UNIQUE_CHECKS=@@UNIQUE_CHECKS, UNIQUE_CHECKS=0 */;
/*!40014 SET @OLD_FOREIGN_KEY_CHECKS=@@FOREIGN_KEY_CHECKS, FOREIGN_KEY_CHECKS=0 */;
/*!40101 SET @OLD_SQL_MODE=@@SQL_MODE, SQL_MODE='NO_AUTO_VALUE_ON_ZERO' */;
/*M!100616 SET @OLD_NOTE_VERBOSITY=@@NOTE_VERBOSITY, NOTE_VERBOSITY=0 */;

--
-- Current Database: `xMixingControl`
--

CREATE DATABASE /*!32312 IF NOT EXISTS*/ `xMixingControl` /*!40100 DEFAULT CHARACTER SET utf8mb4 COLLATE utf8mb4_0900_ai_ci */ /*!80016 DEFAULT ENCRYPTION='N' */;

USE `xMixingControl`;

--
-- Table structure for table `batches`
--

DROP TABLE IF EXISTS `batches`;
/*!40101 SET @saved_cs_client     = @@character_set_client */;
/*!40101 SET character_set_client = utf8mb4 */;
CREATE TABLE `batches` (
  `id` int NOT NULL AUTO_INCREMENT,
  `batch_number` varchar(50) NOT NULL,
  `production_order_id` int NOT NULL,
  `start_time` datetime DEFAULT NULL,
  `end_time` datetime DEFAULT NULL,
  `status` enum('pending','mixing','completed','failed') DEFAULT 'pending',
  `actual_quantity` decimal(10,2) DEFAULT NULL,
  PRIMARY KEY (`id`),
  UNIQUE KEY `batch_number` (`batch_number`),
  KEY `production_order_id` (`production_order_id`),
  CONSTRAINT `batches_ibfk_1` FOREIGN KEY (`production_order_id`) REFERENCES `production_orders` (`id`)
) ENGINE=InnoDB AUTO_INCREMENT=3 DEFAULT CHARSET=utf8mb4 COLLATE=utf8mb4_0900_ai_ci;
/*!40101 SET character_set_client = @saved_cs_client */;

--
-- Dumping data for table `batches`
--

SET @OLD_AUTOCOMMIT=@@AUTOCOMMIT, @@AUTOCOMMIT=0;
LOCK TABLES `batches` WRITE;
/*!40000 ALTER TABLE `batches` DISABLE KEYS */;
INSERT INTO `batches` VALUES
(1,'BATCH-001',1,'2023-10-10 08:00:00','2023-10-10 09:30:00','completed',105.00),
(2,'BATCH-002',1,'2023-10-10 10:00:00','2023-10-10 11:30:00','completed',102.50);
/*!40000 ALTER TABLE `batches` ENABLE KEYS */;
UNLOCK TABLES;
COMMIT;
SET AUTOCOMMIT=@OLD_AUTOCOMMIT;

--
-- Table structure for table `ingredient_intake_history`
--

DROP TABLE IF EXISTS `ingredient_intake_history`;
/*!40101 SET @saved_cs_client     = @@character_set_client */;
/*!40101 SET character_set_client = utf8mb4 */;
CREATE TABLE `ingredient_intake_history` (
  `id` int NOT NULL AUTO_INCREMENT,
  `intake_list_id` int NOT NULL,
  `action` varchar(50) NOT NULL,
  `old_status` varchar(20) DEFAULT NULL,
  `new_status` varchar(20) DEFAULT NULL,
  `remarks` varchar(255) DEFAULT NULL,
  `changed_by` varchar(50) NOT NULL,
  `changed_at` timestamp NULL DEFAULT CURRENT_TIMESTAMP,
  PRIMARY KEY (`id`),
  KEY `intake_list_id` (`intake_list_id`),
  KEY `ix_ingredient_intake_history_id` (`id`),
  CONSTRAINT `ingredient_intake_history_ibfk_1` FOREIGN KEY (`intake_list_id`) REFERENCES `ingredient_intake_lists` (`id`)
) ENGINE=InnoDB AUTO_INCREMENT=3 DEFAULT CHARSET=utf8mb4 COLLATE=utf8mb4_0900_ai_ci;
/*!40101 SET character_set_client = @saved_cs_client */;

--
-- Dumping data for table `ingredient_intake_history`
--

SET @OLD_AUTOCOMMIT=@@AUTOCOMMIT, @@AUTOCOMMIT=0;
LOCK TABLES `ingredient_intake_history` WRITE;
/*!40000 ALTER TABLE `ingredient_intake_history` DISABLE KEYS */;
INSERT INTO `ingredient_intake_history` VALUES
(1,108,'Status Change','Active','Hold','Record updated via API','cj','2026-02-07 17:30:33'),
(2,108,'Status Change','Hold','Active','Record updated via API','cj','2026-02-07 17:31:10');
/*!40000 ALTER TABLE `ingredient_intake_history` ENABLE KEYS */;
UNLOCK TABLES;
COMMIT;
SET AUTOCOMMIT=@OLD_AUTOCOMMIT;

--
-- Table structure for table `ingredient_intake_lists`
--

DROP TABLE IF EXISTS `ingredient_intake_lists`;
/*!40101 SET @saved_cs_client     = @@character_set_client */;
/*!40101 SET character_set_client = utf8mb4 */;
CREATE TABLE `ingredient_intake_lists` (
  `id` int NOT NULL AUTO_INCREMENT,
  `intake_lot_id` varchar(50) NOT NULL,
  `lot_id` varchar(50) NOT NULL,
  `warehouse_location` varchar(50) DEFAULT NULL,
  `blind_code` varchar(50) DEFAULT NULL,
  `mat_sap_code` varchar(50) NOT NULL,
  `re_code` varchar(50) DEFAULT NULL,
  `material_description` varchar(200) DEFAULT NULL,
  `uom` varchar(20) DEFAULT NULL,
  `intake_vol` float NOT NULL,
  `remain_vol` float NOT NULL,
  `intake_package_vol` float DEFAULT NULL,
  `package_intake` int DEFAULT NULL,
  `expire_date` datetime DEFAULT NULL,
  `status` varchar(20) DEFAULT NULL,
  `intake_at` timestamp NULL DEFAULT CURRENT_TIMESTAMP,
  `intake_by` varchar(50) NOT NULL,
  `edit_by` varchar(50) DEFAULT NULL,
  `edit_at` timestamp NULL DEFAULT CURRENT_TIMESTAMP ON UPDATE CURRENT_TIMESTAMP,
  `po_number` varchar(50) DEFAULT NULL,
  `manufacturing_date` datetime DEFAULT NULL,
  `batch_prepare_vol` float DEFAULT NULL,
  `std_package_size` float DEFAULT NULL,
  PRIMARY KEY (`id`),
  KEY `ix_ingredient_intake_lists_intake_lot_id` (`intake_lot_id`),
  KEY `ix_ingredient_intake_lists_id` (`id`),
  KEY `ix_ingredient_intake_lists_mat_sap_code` (`mat_sap_code`),
  KEY `ix_ingredient_intake_lists_blind_code` (`blind_code`)
) ENGINE=InnoDB AUTO_INCREMENT=256 DEFAULT CHARSET=utf8mb4 COLLATE=utf8mb4_0900_ai_ci;
/*!40101 SET character_set_client = @saved_cs_client */;

--
-- Dumping data for table `ingredient_intake_lists`
--

SET @OLD_AUTOCOMMIT=@@AUTOCOMMIT, @@AUTOCOMMIT=0;
LOCK TABLES `ingredient_intake_lists` WRITE;
/*!40000 ALTER TABLE `ingredient_intake_lists` DISABLE KEYS */;
INSERT INTO `ingredient_intake_lists` VALUES
(1,'lot-2026-01-27-001','lot-2026-01-27-001','SPP',NULL,'1200000000000131','XX0131','CMC Blanose 7HOF','KG',125,125,NULL,NULL,'2027-04-01 00:00:00','Active','2026-02-07 11:52:18','system',NULL,'2026-02-07 12:32:51',NULL,'2025-04-01 00:00:00',0,25),
(2,'lot-2026-01-27-002','lot-2026-01-27-002','SPP',NULL,'1200000000000131','XX0131','CMC Blanose 7HOF','KG',300,300,NULL,NULL,'2027-04-27 00:00:00','Active','2026-02-07 11:52:18','system',NULL,'2026-02-07 12:32:51',NULL,'2025-04-27 00:00:00',0,25),
(3,'lot-2026-01-27-003','lot-2026-01-27-003','SPP',NULL,'1200000000000132','XX0132','Trisodium Citrate','KG',225,225,NULL,NULL,'2028-09-23 00:00:00','Active','2026-02-07 11:52:18','system',NULL,'2026-02-07 12:32:51',NULL,'2025-09-24 00:00:00',0,25),
(4,'lot-2026-01-27-004','lot-2026-01-27-004','SPP',NULL,'1200000041000029','XX0002','Potassium Sorbate, 25 kgs/bag.','KG',950,950,NULL,NULL,'2027-12-07 00:00:00','Active','2026-02-07 11:52:18','system',NULL,'2026-02-07 12:32:51',NULL,'2025-12-08 00:00:00',0,25),
(5,'lot-2026-01-27-005','lot-2026-01-27-005','SPP',NULL,'1200000041000032','XX0005','Potasium Chloride (KCl)','KG',350,350,NULL,NULL,'2030-04-03 00:00:00','Active','2026-02-07 11:52:18','system',NULL,'2026-02-07 12:32:51',NULL,'2025-04-03 00:00:00',0,25),
(6,'lot-2026-01-27-006','lot-2026-01-27-006','SPP',NULL,'1200000041000032','XX0005','Potasium Chloride (KCl)','KG',1500,1500,NULL,NULL,'2030-06-27 00:00:00','Active','2026-02-07 11:52:18','system',NULL,'2026-02-07 12:32:51',NULL,'2025-06-27 00:00:00',0,25),
(7,'lot-2026-01-27-007','lot-2026-01-27-007','SPP',NULL,'1200000041000033','XX0033','Malic Acid, 25 kgs/bag.','KG',250,250,NULL,NULL,'2030-08-28 00:00:00','Active','2026-02-07 11:52:19','system',NULL,'2026-02-07 12:32:51',NULL,'2025-08-29 00:00:00',0,25),
(8,'lot-2026-01-27-008','lot-2026-01-27-008','SPP',NULL,'1200000041000034','XX0034','Magnesium Lactate (PURAMEX MG)25 kg/bag.','KG',153.32,153.32,NULL,NULL,'2027-03-05 00:00:00','Active','2026-02-07 11:52:19','system',NULL,'2026-02-07 12:32:51',NULL,'2022-03-06 00:00:00',0,25),
(9,'lot-2026-01-27-009','lot-2026-01-27-009','SPP',NULL,'1200000041000035','XX0003','Sodium Benzoate, 25 kgs/bag','KG',275,275,NULL,NULL,'2027-08-03 00:00:00','Active','2026-02-07 11:52:19','system',NULL,'2026-02-07 12:32:51',NULL,'2025-08-04 00:00:00',0,25),
(10,'lot-2026-01-27-010','lot-2026-01-27-010','SPP',NULL,'1216180740000001','XX0001','SPORIX','KG',88.762,88.762,NULL,NULL,'2027-05-27 00:00:00','Active','2026-02-07 11:52:19','system',NULL,'2026-02-07 12:32:51',NULL,'2025-05-28 00:00:00',0,25),
(11,'lot-2026-01-27-011','lot-2026-01-27-011','SPP',NULL,'1216180740000002','XX0002A','CPK Keltrol','KG',21.226,21.226,NULL,NULL,'2028-04-25 00:00:00','Active','2026-02-07 11:52:19','system',NULL,'2026-02-07 12:32:51',NULL,'2025-04-27 00:00:00',0,25),
(12,'lot-2026-01-27-012','lot-2026-01-27-012','SPP',NULL,'1216180740000003','XX0003A','Kelcogel (Gellan Gum)','KG',15.34,15.34,NULL,NULL,'2026-08-29 00:00:00','Active','2026-02-07 11:52:19','system',NULL,'2026-02-07 12:32:51',NULL,'2024-08-30 00:00:00',0,25),
(13,'lot-2026-01-27-013','lot-2026-01-27-013','SPP',NULL,'1216450240000112','XX0112','Lumur Vanilla Extrack 2X','KG',50,50,NULL,NULL,'2029-11-05 00:00:00','Active','2026-02-07 11:52:19','system',NULL,'2026-02-07 12:32:51',NULL,'2024-11-05 00:00:00',0,25),
(14,'lot-2026-01-27-014','lot-2026-01-27-014','SPP',NULL,'1216450240000112','XX0112','Lumur Vanilla Extrack 2X','KG',25,25,NULL,NULL,'2030-03-27 00:00:00','Active','2026-02-07 11:52:19','system',NULL,'2026-02-07 12:32:51',NULL,'2025-03-27 00:00:00',0,25),
(15,'lot-2026-01-27-015','lot-2026-01-27-015','FH',NULL,'1216450240000118','FV042A','Signature Cream F10T384','KG',25,25,NULL,NULL,'2026-08-18 00:00:00','Active','2026-02-07 11:52:19','system',NULL,'2026-02-07 12:32:51',NULL,'2025-08-18 00:00:00',5.4,25),
(16,'lot-2026-01-27-016','lot-2026-01-27-016','FH',NULL,'1216450240000118','FV042A','Signature Cream F10T384','KG',5.022,5.022,NULL,NULL,'2026-05-08 00:00:00','Active','2026-02-07 11:52:19','system',NULL,'2026-02-07 12:32:51',NULL,'2026-05-08 00:00:00',5.4,25),
(17,'lot-2026-01-27-017','lot-2026-01-27-017','FH',NULL,'1216450240000124','FV050A','White choc. E_22020877','KG',25,25,NULL,NULL,'2026-10-07 00:00:00','Active','2026-02-07 11:52:19','system',NULL,'2026-02-07 12:32:51',NULL,'2025-10-07 00:00:00',5.4,25),
(18,'lot-2026-01-27-018','lot-2026-01-27-018','SPP',NULL,'1216450240000126','FV0126','Clear Peach Juice Concentrate 8357','KG',346.966,346.966,NULL,NULL,'2026-12-29 00:00:00','Active','2026-02-07 11:52:19','system',NULL,'2026-02-07 12:32:51',NULL,'2024-12-29 00:00:00',0,25),
(19,'lot-2026-01-27-019','lot-2026-01-27-019','SPP',NULL,'1216450240000126','FV0126','Clear Peach Juice Concentrate 8357','KG',25,25,NULL,NULL,'2026-06-13 00:00:00','Active','2026-02-07 11:52:19','system',NULL,'2026-02-07 12:32:51',NULL,'2024-06-13 00:00:00',0,25),
(20,'lot-2026-01-27-020','lot-2026-01-27-020','SPP',NULL,'1216450240000129','XX0129','SIMPLISTICA SY 4210','KG',230,230,NULL,NULL,'2026-07-05 00:00:00','Active','2026-02-07 11:52:19','system',NULL,'2026-02-07 12:32:51',NULL,'2024-07-05 00:00:00',0,25),
(21,'lot-2026-01-27-021','lot-2026-01-27-021','SPP',NULL,'1216450240000129','XX0129','SIMPLISTICA SY 4210','KG',125,125,NULL,NULL,'2026-09-12 00:00:00','Active','2026-02-07 11:52:19','system',NULL,'2026-02-07 12:32:51',NULL,'2024-09-12 00:00:00',0,25),
(22,'lot-2026-01-27-022','lot-2026-01-27-022','SPP',NULL,'1216450240000131','FV0131','Clear Kiwi Juice Concentrate','KG',126.422,126.422,NULL,NULL,'2026-10-22 00:00:00','Active','2026-02-07 11:52:19','system',NULL,'2026-02-07 12:32:51',NULL,'2024-10-23 00:00:00',0,25),
(23,'lot-2026-01-27-023','lot-2026-01-27-023','SPP',NULL,'1216450240000140','XX0140','Erythritol (Baolingbao) 25kg/bag','KG',54.954,54.954,NULL,NULL,'2028-10-15 00:00:00','Active','2026-02-07 11:52:19','system',NULL,'2026-02-07 12:32:51',NULL,'2025-10-16 00:00:00',0,25),
(24,'lot-2026-01-27-024','lot-2026-01-27-024','SPP',NULL,'1216450240000146','XX0146','Steviol Glycosides Crest, 20 kg/Box','KG',15.028,15.028,NULL,NULL,'2028-11-17 00:00:00','Active','2026-02-07 11:52:19','system',NULL,'2026-02-07 12:32:51',NULL,'2025-11-18 00:00:00',0,25),
(25,'lot-2026-01-27-025','lot-2026-01-27-025','SPP',NULL,'1216450241000077','XX0077','NFC Yuzu – DKSH','KG',453.25,453.25,NULL,NULL,'2026-11-04 00:00:00','Active','2026-02-07 11:52:19','system',NULL,'2026-02-07 12:32:51',NULL,'2025-11-04 00:00:00',0,25),
(26,'lot-2026-01-27-026','lot-2026-01-27-026','SPP',NULL,'1216450241000078','XX0078','YUZU ARTE P 801300','KG',1.348,1.348,NULL,NULL,'2027-01-03 00:00:00','Active','2026-02-07 11:52:19','system',NULL,'2026-02-07 12:32:51',NULL,'2025-01-03 00:00:00',0,25),
(27,'lot-2026-01-27-027','lot-2026-01-27-027','SPP',NULL,'1216450241000078','XX0078','YUZU ARTE P 801300','KG',200,200,NULL,NULL,'2027-09-10 00:00:00','Active','2026-02-07 11:52:19','system',NULL,'2026-02-07 12:32:51',NULL,'2025-09-10 00:00:00',0,25),
(28,'lot-2026-01-27-028','lot-2026-01-27-028','SPP',NULL,'1216450241000078','XX0078','YUZU ARTE P 801300','KG',60,60,NULL,NULL,'2027-01-03 00:00:00','Active','2026-02-07 11:52:19','system',NULL,'2026-02-07 12:32:51',NULL,'2025-01-03 00:00:00',0,25),
(29,'lot-2026-01-27-029','lot-2026-01-27-029','FH',NULL,'1216450241000079','FV046A','T.Hasegawa Yuzu THT-893','KG',50,50,NULL,NULL,'2026-09-18 00:00:00','Active','2026-02-07 11:52:19','system',NULL,'2026-02-07 12:32:51',NULL,'2025-09-19 00:00:00',5.4,25),
(30,'lot-2026-01-27-030','lot-2026-01-27-030','FH',NULL,'1216450241000079','FV046A','T.Hasegawa Yuzu THT-893','KG',50,50,NULL,NULL,'2026-08-28 00:00:00','Active','2026-02-07 11:52:19','system',NULL,'2026-02-07 12:32:51',NULL,'2025-08-29 00:00:00',5.4,25),
(31,'lot-2026-01-27-031','lot-2026-01-27-031','FH',NULL,'1216450241000079','FV046A','T.Hasegawa Yuzu THT-893','KG',20.76,20.76,NULL,NULL,'2026-06-18 00:00:00','Active','2026-02-07 11:52:19','system',NULL,'2026-02-07 12:32:51',NULL,'2025-06-19 00:00:00',5.4,25),
(32,'lot-2026-01-27-032','lot-2026-01-27-032','FH',NULL,'1216450241000096','FV063A','Rose Hip Flavor 957792','KG',0,0,NULL,NULL,'2026-04-04 00:00:00','Active','2026-02-07 11:52:20','system',NULL,'2026-02-07 12:32:51',NULL,'2025-01-09 00:00:00',5.4,25),
(33,'lot-2026-01-27-033','lot-2026-01-27-033','FH',NULL,'1216450241000097','FV062A','Rose Flavor RP2211252','KG',0,0,NULL,NULL,'2025-08-14 00:00:00','Active','2026-02-07 11:52:20','system',NULL,'2026-02-07 12:32:51',NULL,'2024-08-14 00:00:00',5.4,25),
(34,'lot-2026-01-27-034','lot-2026-01-27-034','FH',NULL,'1216450241000099','FV010A','Caramel Flavor 963198','KG',19.54,19.54,NULL,NULL,'2026-10-06 00:00:00','Active','2026-02-07 11:52:20','system',NULL,'2026-02-07 12:32:51',NULL,'2025-04-08 00:00:00',5.4,25),
(35,'lot-2026-01-27-035','lot-2026-01-27-035','FH',NULL,'1216450241000100','FV058A','J - forte Rose Flavor FT2018','KG',36.507,36.507,NULL,NULL,'2026-07-03 00:00:00','Active','2026-02-07 11:52:20','system',NULL,'2026-02-07 12:32:51',NULL,'2024-09-04 00:00:00',5.4,25),
(36,'lot-2026-01-27-036','lot-2026-01-27-036','FH',NULL,'1216450241000101','FV055A','Elderflower Flavor 52788','KG',19.734,19.734,NULL,NULL,'2026-01-15 00:00:00','Active','2026-02-07 11:52:20','system',NULL,'2026-02-07 12:32:51',NULL,'2025-01-15 00:00:00',5.4,25),
(37,'lot-2026-01-27-037','lot-2026-01-27-037','FH',NULL,'1216450241000102','FV056A','Elderflower Flavor 7.65165','KG',23.582,23.582,NULL,NULL,'2026-02-05 00:00:00','Active','2026-02-07 11:52:20','system',NULL,'2026-02-07 12:32:51',NULL,'2025-02-05 00:00:00',5.4,25),
(38,'lot-2026-01-27-038','lot-2026-01-27-038','FH',NULL,'1216450241000103','FV057A','Elderflower Flavor TF66263','KG',19.924,19.924,NULL,NULL,'2026-01-11 00:00:00','Active','2026-02-07 11:52:20','system',NULL,'2026-02-07 12:32:51',NULL,'2025-01-11 00:00:00',5.4,25),
(39,'lot-2026-01-27-039','lot-2026-01-27-039','FH',NULL,'1216450241000103','FV057A','Elderflower Flavor TF66263','KG',24.234,24.234,NULL,NULL,'2027-06-27 00:00:00','Active','2026-02-07 11:52:20','system',NULL,'2026-02-07 12:32:51',NULL,'2025-06-27 00:00:00',5.4,25),
(40,'lot-2026-01-27-040','lot-2026-01-27-040','FH',NULL,'1216450241000105','FV047A','Vanilla Flavor 65024','KG',24.902,24.902,NULL,NULL,'2026-06-03 00:00:00','Active','2026-02-07 11:52:20','system',NULL,'2026-02-07 12:32:51',NULL,'2025-06-03 00:00:00',5.4,25),
(41,'lot-2026-01-27-041','lot-2026-01-27-041','FH',NULL,'1216450241000105','FV047A','Vanilla Flavor 65024','KG',13.694,13.694,NULL,NULL,'2026-01-06 00:00:00','Active','2026-02-07 11:52:20','system',NULL,'2026-02-07 12:32:51',NULL,'2025-01-06 00:00:00',5.4,25),
(42,'lot-2026-01-27-042','lot-2026-01-27-042','FH',NULL,'1216450241000106','FV064A','Natural Grenadine Flavor T10116600','KG',22.642,22.642,NULL,NULL,'2026-06-05 00:00:00','Active','2026-02-07 11:52:20','system',NULL,'2026-02-07 12:32:51',NULL,'2025-09-08 00:00:00',5.4,25),
(43,'lot-2026-01-27-043','lot-2026-01-27-043','FH',NULL,'1216450241000107','FV059A','Natural Pomegranate Flavor 001772','KG',19.454,19.454,NULL,NULL,'2026-01-07 00:00:00','Active','2026-02-07 11:52:20','system',NULL,'2026-02-07 12:32:51',NULL,'2025-01-07 00:00:00',5.4,25),
(44,'lot-2026-01-27-044','lot-2026-01-27-044','FH',NULL,'1216450241000107','FV059A','Natural Pomegranate Flavor 001772','KG',14.746,14.746,NULL,NULL,'2026-03-13 00:00:00','Active','2026-02-07 11:52:20','system',NULL,'2026-02-07 12:32:51',NULL,'2025-03-13 00:00:00',5.4,25),
(45,'lot-2026-01-27-045','lot-2026-01-27-045','FH',NULL,'1216450241000111','FV061A','Raspberry Flavor GWFC10782','KG',11.21,11.21,NULL,NULL,'2027-12-24 00:00:00','Active','2026-02-07 11:52:20','system',NULL,'2026-02-07 12:32:51',NULL,'2024-12-24 00:00:00',5.4,25),
(46,'lot-2026-01-27-046','lot-2026-01-27-046','FH',NULL,'1216450241000114','FV016A','Hazelnut Flavour TF00622','KG',25,25,NULL,NULL,'2026-12-16 00:00:00','Active','2026-02-07 11:52:20','system',NULL,'2026-02-07 12:32:51',NULL,'2025-12-16 00:00:00',5.4,25),
(47,'lot-2026-01-27-047','lot-2026-01-27-047','FH',NULL,'1216450241000115','FV003A','Apple Flavor TF74467','KG',25,25,NULL,NULL,'2026-12-12 00:00:00','Active','2026-02-07 11:52:20','system',NULL,'2026-02-07 12:32:51',NULL,'2025-12-12 00:00:00',5.4,25),
(48,'lot-2026-01-27-048','lot-2026-01-27-048','FH',NULL,'1216450241000116','FV001A','Apple Flavor GWF A01301','KG',10.326,10.326,NULL,NULL,'2029-08-25 00:00:00','Active','2026-02-07 11:52:20','system',NULL,'2026-02-07 12:32:51',NULL,'2024-08-26 00:00:00',5.4,25),
(49,'lot-2026-01-27-049','lot-2026-01-27-049','FH',NULL,'1216450241000119','FV048A','Vanilla Flavor 98AF8436','KG',9.91,9.91,NULL,NULL,'2027-05-11 00:00:00','Active','2026-02-07 11:52:20','system',NULL,'2026-02-07 12:32:51',NULL,'2024-05-11 00:00:00',5.4,25),
(50,'lot-2026-01-27-050','lot-2026-01-27-050','FH',NULL,'1216450241000120','FV049A','Vanilla Flavor A16182022','KG',12.646,12.646,NULL,NULL,'2026-02-27 00:00:00','Active','2026-02-07 11:52:20','system',NULL,'2026-02-07 12:32:51',NULL,'2024-08-26 00:00:00',5.4,25),
(51,'lot-2026-01-27-051','lot-2026-01-27-051','FH',NULL,'1216450241000122','FV032A','Passion fruit Flavor 54223','KG',13.512,13.512,NULL,NULL,'2026-11-01 00:00:00','Active','2026-02-07 11:52:20','system',NULL,'2026-02-07 12:32:51',NULL,'2024-11-01 00:00:00',5.4,25),
(52,'lot-2026-01-27-052','lot-2026-01-27-052','FH',NULL,'1216450241000123','FV034A','Passion fruit Flavor TH195967','KG',18.764,18.764,NULL,NULL,'2026-11-26 00:00:00','Active','2026-02-07 11:52:20','system',NULL,'2026-02-07 12:32:51',NULL,'2025-11-26 00:00:00',5.4,25),
(53,'lot-2026-01-27-053','lot-2026-01-27-053','FH',NULL,'1216450241000125','FV051A','White choc. Flavour 70FM101478','KG',20,20,NULL,NULL,'2026-11-06 00:00:00','Active','2026-02-07 11:52:20','system',NULL,'2026-02-07 12:32:51',NULL,'2025-11-07 00:00:00',5.4,25),
(54,'lot-2026-01-27-054','lot-2026-01-27-054','FH',NULL,'1216450241000127','FV035A','PEACH FLAVOUR 986057','KG',200,200,NULL,NULL,'2026-09-26 00:00:00','Active','2026-02-07 11:52:20','system',NULL,'2026-02-07 12:32:51',NULL,'2025-10-01 00:00:00',5.4,25),
(55,'lot-2026-01-27-055','lot-2026-01-27-055','FH',NULL,'1216450241000127','FV035A','PEACH FLAVOUR 986057','KG',66.574,66.574,NULL,NULL,'2026-07-02 00:00:00','Active','2026-02-07 11:52:20','system',NULL,'2026-02-07 12:32:51',NULL,'2025-07-07 00:00:00',5.4,25),
(56,'lot-2026-01-27-056','lot-2026-01-27-056','FH',NULL,'1216450241000127','FV035A','PEACH FLAVOUR 986057','KG',25,25,NULL,NULL,'2026-05-15 00:00:00','Active','2026-02-07 11:52:20','system',NULL,'2026-02-07 12:32:51',NULL,'2025-05-20 00:00:00',5.4,25),
(57,'lot-2026-01-27-057','lot-2026-01-27-057','FH',NULL,'1216450241000127','FV035A','PEACH FLAVOUR 986057','KG',24.486,24.486,NULL,NULL,'2026-04-04 00:00:00','Active','2026-02-07 11:52:21','system',NULL,'2026-02-07 12:32:51',NULL,'2025-01-09 00:00:00',5.4,25),
(58,'lot-2026-01-27-058','lot-2026-01-27-058','FH',NULL,'1216450241000128','FV014A','FRUIT PUNCH FLAVOUR TF68104','KG',67.16,67.16,NULL,NULL,'2026-03-01 00:00:00','Active','2026-02-07 11:52:21','system',NULL,'2026-02-07 12:32:51',NULL,'2025-03-01 00:00:00',5.4,25),
(59,'lot-2026-01-27-059','lot-2026-01-27-059','FH',NULL,'1216450241000128','FV014A','FRUIT PUNCH FLAVOUR TF68104','KG',50,50,NULL,NULL,'2026-08-26 00:00:00','Active','2026-02-07 11:52:21','system',NULL,'2026-02-07 12:32:51',NULL,'2025-08-26 00:00:00',5.4,25),
(60,'lot-2026-01-27-060','lot-2026-01-27-060','FH',NULL,'1216450241000130','FV054A','BROWN SUGAR FLAVOUR RP240009','KG',1.88,1.88,NULL,NULL,'2025-11-03 00:00:00','Active','2026-02-07 11:52:21','system',NULL,'2026-02-07 12:32:51',NULL,'2024-09-03 00:00:00',5.4,25),
(61,'lot-2026-01-27-061','lot-2026-01-27-061','FH',NULL,'1216450241000141','XX0141','SWEET MODULATION TH-7439, 20kg/Drum','KG',300,300,NULL,NULL,'2026-07-21 00:00:00','Active','2026-02-07 11:52:21','system',NULL,'2026-02-07 12:32:51',NULL,'2025-07-21 00:00:00',5.4,25),
(62,'lot-2026-01-27-062','lot-2026-01-27-062','FH',NULL,'1216450241000142','FV007A','CLASSIC CARAMEL FLAVOUR CR-02,25 Kg/Drum','KG',100,100,NULL,NULL,'2026-10-07 00:00:00','Active','2026-02-07 11:52:21','system',NULL,'2026-02-07 12:32:51',NULL,'2025-10-07 00:00:00',5.4,25),
(63,'lot-2026-01-27-063','lot-2026-01-27-063','FH',NULL,'1216450241000142','FV007A','CLASSIC CARAMEL FLAVOUR CR-02,25 Kg/Drum','KG',69,69,NULL,NULL,'2026-09-03 00:00:00','Active','2026-02-07 11:52:21','system',NULL,'2026-02-07 12:32:51',NULL,'2025-09-03 00:00:00',5.4,25),
(64,'lot-2026-01-27-064','lot-2026-01-27-064','FH',NULL,'1216450241000144','FV029A','FRESH MINT FLAVOUR 7.64476, 25 Kg/Drum','KG',3.286,3.286,NULL,NULL,'2026-05-19 00:00:00','Active','2026-02-07 11:52:21','system',NULL,'2026-02-07 12:32:51',NULL,'2025-11-19 00:00:00',0.5,25),
(65,'lot-2026-01-27-065','lot-2026-01-27-065','FH',NULL,'1216450241000145','FV0145','Muscat Flavor 592738 C, 25 Kg/Drum','KG',25,25,NULL,NULL,'2026-09-27 00:00:00','Active','2026-02-07 11:52:21','system',NULL,'2026-02-07 12:32:51',NULL,'2028-09-27 00:00:00',5.4,25),
(66,'lot-2026-01-27-066','lot-2026-01-27-066','FH',NULL,'1216450241100007','FV008A','Caramel Flavour CR-02.','KG',94,94,NULL,NULL,'2026-10-14 00:00:00','Active','2026-02-07 11:52:21','system',NULL,'2026-02-07 12:32:51',NULL,'2025-10-14 00:00:00',5.4,25),
(67,'lot-2026-01-27-067','lot-2026-01-27-067','FH',NULL,'1216450241100026','FV045A','Sugar Flavour SG-01.','KG',200,200,NULL,NULL,'2026-10-24 00:00:00','Active','2026-02-07 11:52:21','system',NULL,'2026-02-07 12:32:51',NULL,'2025-10-24 00:00:00',5.4,25),
(68,'lot-2026-01-27-068','lot-2026-01-27-068','FH',NULL,'1216450241100026','FV045A','Sugar Flavour SG-01.','KG',17.56,17.56,NULL,NULL,'2026-06-02 00:00:00','Active','2026-02-07 11:52:21','system',NULL,'2026-02-07 12:32:51',NULL,'2025-06-02 00:00:00',5.4,25),
(69,'lot-2026-01-27-069','lot-2026-01-27-069','FH',NULL,'1216450241100026','FV045A','Sugar Flavour SG-01.','KG',100,100,NULL,NULL,'2026-07-19 00:00:00','Active','2026-02-07 11:52:21','system',NULL,'2026-02-07 12:32:51',NULL,'2025-07-19 00:00:00',5.4,25),
(70,'lot-2026-01-27-070','lot-2026-01-27-070','FH',NULL,'1216450241200002','FV043A','Strawberry Flavour ST-01.','KG',29.738,29.738,NULL,NULL,'2026-04-24 00:00:00','Active','2026-02-07 11:52:21','system',NULL,'2026-02-07 12:32:51',NULL,'2024-10-01 00:00:00',5.4,25),
(71,'lot-2026-01-27-071','lot-2026-01-27-071','SPP',NULL,'1216450241200008','XX0007','Coconut Water Powder, 25 kgs/drum.','KG',3395.93,3395.93,NULL,NULL,'2027-08-01 00:00:00','Active','2026-02-07 11:52:21','system',NULL,'2026-02-07 12:32:51',NULL,'2025-09-02 00:00:00',0,25),
(72,'lot-2026-01-27-072','lot-2026-01-27-072','SPP',NULL,'1216450241200008','XX0007','Coconut Water Powder, 25 kgs/drum.','KG',100,100,NULL,NULL,'2027-09-14 00:00:00','Active','2026-02-07 11:52:21','system',NULL,'2026-02-07 12:32:51',NULL,'2025-10-15 00:00:00',0,25),
(73,'lot-2026-01-27-073','lot-2026-01-27-073','SPP',NULL,'1216450241200009','FV0009','Strawberry Juice Concentrate.','KG',578,578,NULL,NULL,'2026-12-05 00:00:00','Active','2026-02-07 11:52:21','system',NULL,'2026-02-07 12:32:51',NULL,'2024-12-05 00:00:00',0,25),
(74,'lot-2026-01-27-074','lot-2026-01-27-074','SPP',NULL,'1216450241200009','FV0009','Strawberry Juice Concentrate.','KG',40,40,NULL,NULL,'2026-07-05 00:00:00','Active','2026-02-07 11:52:21','system',NULL,'2026-02-07 12:32:51',NULL,'2024-07-05 00:00:00',0,25),
(75,'lot-2026-01-27-075','lot-2026-01-27-075','FH',NULL,'1216450241200023','FV028A','Melon Flavour ML-01.','KG',44.578,44.578,NULL,NULL,'2026-05-27 00:00:00','Active','2026-02-07 11:52:21','system',NULL,'2026-02-07 12:32:51',NULL,'2024-11-27 00:00:00',5.4,25),
(76,'lot-2026-01-27-076','lot-2026-01-27-076','FH',NULL,'1216450241200038','FV012A','Coconut Flavour CN-01.','KG',1790,1790,NULL,NULL,'2026-08-04 00:00:00','Active','2026-02-07 11:52:21','system',NULL,'2026-02-07 12:32:51',NULL,'2025-08-04 00:00:00',5.4,25),
(77,'lot-2026-01-27-077','lot-2026-01-27-077','FH',NULL,'1216450241200038','FV012A','Coconut Flavour CN-01.','KG',1600,1600,NULL,NULL,'2026-09-19 00:00:00','Active','2026-02-07 11:52:21','system',NULL,'2026-02-07 12:32:51',NULL,'2025-09-19 00:00:00',5.4,25),
(78,'lot-2026-01-27-078','lot-2026-01-27-078','FH',NULL,'1216450241200039','FV023A','Lychee Flavour LC-01.','KG',225,225,NULL,NULL,'2026-12-16 00:00:00','Active','2026-02-07 11:52:21','system',NULL,'2026-02-07 12:32:51',NULL,'2025-12-17 00:00:00',5.4,25),
(79,'lot-2026-01-27-079','lot-2026-01-27-079','FH',NULL,'1216450241200039','FV023A','Lychee Flavour LC-01.','KG',13.55,13.55,NULL,NULL,'2026-08-18 00:00:00','Active','2026-02-07 11:52:21','system',NULL,'2026-02-07 12:32:51',NULL,'2025-08-19 00:00:00',5.4,25),
(80,'lot-2026-01-27-080','lot-2026-01-27-080','FH',NULL,'1216450241200040','FV052A','YOUNG COCONUT FLAVOUR 752625.','KG',637.5,637.5,NULL,NULL,'2026-08-28 00:00:00','Active','2026-02-07 11:52:21','system',NULL,'2026-02-07 12:32:51',NULL,'2025-09-02 00:00:00',5.4,25),
(81,'lot-2026-01-27-081','lot-2026-01-27-081','FH',NULL,'1216450241200041','FV004A','Blue Curacao Flavor BC-01.','KG',13.834,13.834,NULL,NULL,'2026-03-10 00:00:00','Active','2026-02-07 11:52:21','system',NULL,'2026-02-07 12:32:51',NULL,'2025-03-10 00:00:00',5.4,25),
(82,'lot-2026-01-27-082','lot-2026-01-27-082','FH',NULL,'1216450241200041','FV004A','Blue Curacao Flavor BC-01.','KG',49.572,49.572,NULL,NULL,'2026-07-05 00:00:00','Active','2026-02-07 11:52:22','system',NULL,'2026-02-07 12:32:51',NULL,'2024-12-31 00:00:00',5.4,25),
(83,'lot-2026-01-27-083','lot-2026-01-27-083','SPP',NULL,'1216450241200042','FV0042','Lychee Juice Concentrate.','KG',1762.75,1762.75,NULL,NULL,'2027-02-05 00:00:00','Active','2026-02-07 11:52:22','system',NULL,'2026-02-07 12:32:51',NULL,'2025-02-06 00:00:00',0,25),
(84,'lot-2026-01-27-084','lot-2026-01-27-084','SPP',NULL,'1216450241200044','XX0044','Melon Powder, 20 kgs/pack.','KG',0,0,NULL,NULL,NULL,'Active','2026-02-07 11:52:22','system',NULL,'2026-02-07 12:32:51',NULL,NULL,0,25),
(85,'lot-2026-01-27-085','lot-2026-01-27-085','FH',NULL,'1216450241200045','FV030A','Okrong Mango Flavour E20093290,25kg/dr.','KG',0,0,NULL,NULL,NULL,'Active','2026-02-07 11:52:22','system',NULL,'2026-02-07 12:32:51',NULL,NULL,5.4,25),
(86,'lot-2026-01-27-086','lot-2026-01-27-086','FH',NULL,'1216450241200046','FV015A','Fruity Sweet Flavour DLN1, 20kg/drum.','KG',280,280,NULL,NULL,'2026-02-10 00:00:00','Active','2026-02-07 11:52:22','system',NULL,'2026-02-07 12:32:51',NULL,'2025-02-10 00:00:00',5.4,25),
(87,'lot-2026-01-27-087','lot-2026-01-27-087','FH',NULL,'1216450241200046','FV015A','Fruity Sweet Flavour DLN1, 20kg/drum.','KG',308.874,308.874,NULL,NULL,'2026-02-17 00:00:00','Active','2026-02-07 11:52:22','system',NULL,'2026-02-07 12:32:51',NULL,'2025-02-17 00:00:00',5.4,25),
(88,'lot-2026-01-27-088','lot-2026-01-27-088','FH',NULL,'1216450241200048','FV011A','Chrysanthemum Flavour GWFA10421, 20kg/d.','KG',1.616,1.616,NULL,NULL,'2026-10-18 00:00:00','Active','2026-02-07 11:52:22','system',NULL,'2026-02-07 12:32:51',NULL,'2021-10-19 00:00:00',5.4,25),
(89,'lot-2026-01-27-089','lot-2026-01-27-089','FH',NULL,'1216450241200049','FV025A','Mango Flavour 98AF4572, 20kg/drum.','KG',0,0,NULL,NULL,NULL,'Active','2026-02-07 11:52:22','system',NULL,'2026-02-07 12:32:51',NULL,NULL,5.4,25),
(90,'lot-2026-01-27-090','lot-2026-01-27-090','FH',NULL,'1216450241200050','FV026A','Mango Flavour MG-03, 25kg/drum.','KG',50,50,NULL,NULL,'2026-09-23 00:00:00','Active','2026-02-07 11:52:22','system',NULL,'2026-02-07 12:32:51',NULL,'2025-09-23 00:00:00',5.4,25),
(91,'lot-2026-01-27-091','lot-2026-01-27-091','FH',NULL,'1216450241200050','FV026A','Mango Flavour MG-03, 25kg/drum.','KG',98.062,98.062,NULL,NULL,'2026-08-21 00:00:00','Active','2026-02-07 11:52:22','system',NULL,'2026-02-07 12:32:51',NULL,'2025-08-21 00:00:00',5.4,25),
(92,'lot-2026-01-27-092','lot-2026-01-27-092','FH',NULL,'1216450241200051','FV017A','Herb Flavour 962070 (N670), 20kg/drum.','KG',0,0,NULL,NULL,NULL,'Active','2026-02-07 11:52:22','system',NULL,'2026-02-07 12:32:51',NULL,NULL,5.4,25),
(93,'lot-2026-01-27-093','lot-2026-01-27-093','FH',NULL,'1216450241200053','FV044A','Strawberry Jam Flavor SC534471','KG',1885.78,1885.78,NULL,NULL,'2026-11-06 00:00:00','Active','2026-02-07 11:52:22','system',NULL,'2026-02-07 12:32:51',NULL,'2025-11-06 00:00:00',5.4,25),
(94,'lot-2026-01-27-094','lot-2026-01-27-094','SPP',NULL,'1216450241200054','FV020C','LEMON LIME FLAVOUR 693503','KG',175,175,NULL,NULL,'2026-07-04 00:00:00','Active','2026-02-07 11:52:22','system',NULL,'2026-02-07 12:32:51',NULL,'2025-07-09 00:00:00',0,25),
(95,'lot-2026-01-27-095','lot-2026-01-27-095','SPP',NULL,'1216450241200054','FV020C','LEMON LIME FLAVOUR 693503','KG',178.954,178.954,NULL,NULL,'2026-08-09 00:00:00','Active','2026-02-07 11:52:22','system',NULL,'2026-02-07 12:32:51',NULL,'2025-08-14 00:00:00',0,25),
(96,'lot-2026-01-27-096','lot-2026-01-27-096','FH',NULL,'1216450241200055','FV024A','LYCHEE FLVOUR 484994','KG',348.842,348.842,NULL,NULL,'2026-06-28 00:00:00','Active','2026-02-07 11:52:22','system',NULL,'2026-02-07 12:32:51',NULL,'2025-07-03 00:00:00',5.4,25),
(97,'lot-2026-01-27-097','lot-2026-01-27-097','FH',NULL,'1216450241200055','FV024A','LYCHEE FLVOUR 484994','KG',300,300,NULL,NULL,'2026-08-26 00:00:00','Active','2026-02-07 11:52:22','system',NULL,'2026-02-07 12:32:51',NULL,'2025-08-31 00:00:00',5.4,25),
(98,'lot-2026-01-27-098','lot-2026-01-27-098','SPP',NULL,'1216450241200056','FV065A','Kiwi Flavor GWFA10951','KG',20,20,NULL,NULL,'2030-04-06 00:00:00','Active','2026-02-07 11:52:22','system',NULL,'2026-02-07 12:32:51',NULL,'2025-04-07 00:00:00',0,25),
(99,'lot-2026-01-27-099','lot-2026-01-27-099','SPP',NULL,'1216450241200056','FV065A','Kiwi Flavor GWFA10951','KG',87.754,87.754,NULL,NULL,'2030-05-16 00:00:00','Active','2026-02-07 11:52:22','system',NULL,'2026-02-07 12:32:51',NULL,'2025-05-17 00:00:00',0,25),
(100,'lot-2026-01-27-100','lot-2026-01-27-100','FH',NULL,'1216450241200057','FV002A','Apple Flavor SC771074','KG',14.97,14.97,NULL,NULL,'2026-09-11 00:00:00','Active','2026-02-07 11:52:22','system',NULL,'2026-02-07 12:32:51',NULL,'2025-09-11 00:00:00',5.4,25),
(101,'lot-2026-01-27-101','lot-2026-01-27-101','FH',NULL,'1216450241200059','FV031A','Orange 591872 CIP','KG',117.53,117.53,NULL,NULL,'2026-08-25 00:00:00','Active','2026-02-07 11:52:22','system',NULL,'2026-02-07 12:32:51',NULL,'2025-08-25 00:00:00',5.4,25),
(102,'lot-2026-01-27-102','lot-2026-01-27-102','SPP',NULL,'1216450241200060','XX0060','Vitasweet® Ace-K (E950)','KG',100,100,NULL,NULL,'2028-05-26 00:00:00','Active','2026-02-07 11:52:22','system',NULL,'2026-02-07 12:32:51',NULL,'2025-05-27 00:00:00',0,25),
(103,'lot-2026-01-27-103','lot-2026-01-27-103','FH',NULL,'1216450241200061','FV040A','Sala Flavour Givaudan L-F01657','KG',150,150,NULL,NULL,'2026-04-01 00:00:00','Active','2026-02-07 11:52:22','system',NULL,'2026-02-07 12:32:51',NULL,'2025-04-01 00:00:00',5.4,25),
(104,'lot-2026-01-27-104','lot-2026-01-27-104','FH',NULL,'1216450241200061','FV040A','Sala Flavour Givaudan L-F01657','KG',100,100,NULL,NULL,'2026-08-02 00:00:00','Active','2026-02-07 11:52:22','system',NULL,'2026-02-07 12:32:51',NULL,'2025-08-02 00:00:00',5.4,25),
(105,'lot-2026-01-27-105','lot-2026-01-27-105','FH',NULL,'1216450241200061','FV040A','Sala Flavour Givaudan L-F01657','KG',300,300,NULL,NULL,'2026-08-16 00:00:00','Active','2026-02-07 11:52:22','system',NULL,'2026-02-07 12:32:51',NULL,'2025-08-16 00:00:00',5.4,25),
(106,'lot-2026-01-27-106','lot-2026-01-27-106','FH',NULL,'1216450241200061','FV040A','Sala Flavour Givaudan L-F01657','KG',304.925,304.925,NULL,NULL,'2026-02-21 00:00:00','Active','2026-02-07 11:52:22','system',NULL,'2026-02-07 12:32:51',NULL,'2025-01-22 00:00:00',5.4,25),
(107,'lot-2026-01-27-107','lot-2026-01-27-107','FH',NULL,'1216450241200062','FV041A','Sala Flavour Mane E20158434','KG',399.544,399.544,NULL,NULL,'2026-08-04 00:00:00','Active','2026-02-07 11:52:22','system',NULL,'2026-02-07 12:32:51',NULL,'2025-08-04 00:00:00',5.4,25),
(108,'lot-2026-01-27-108','lot-2026-01-27-108','FH',NULL,'1216450241200062','FV041A','Sala Flavour Mane E20158434','KG',714.412,714.412,NULL,NULL,'2026-07-05 00:00:00','Active','2026-02-07 11:52:23','system','cj','2026-02-07 17:31:09',NULL,'2025-01-07 00:00:00',5.4,25),
(109,'lot-2026-01-27-109','lot-2026-01-27-109','FH',NULL,'1216450241200062','FV041A','Sala Flavour Mane E20158434','KG',400,400,NULL,NULL,'2026-07-12 00:00:00','Active','2026-02-07 11:52:23','system',NULL,'2026-02-07 12:32:51',NULL,'2025-02-10 00:00:00',5.4,25),
(110,'lot-2026-01-27-110','lot-2026-01-27-110','FH',NULL,'1216450241200062','FV041A','Sala Flavour Mane E20158434','KG',800,799.924,NULL,NULL,'2026-06-23 00:00:00','Active','2026-02-07 11:52:23','system',NULL,'2026-02-09 14:40:57',NULL,'2025-06-23 00:00:00',5.4,25),
(111,'lot-2026-01-27-111','lot-2026-01-27-111','FH',NULL,'1216450241200063','FV022A','Lychee Flavor E22050308 (Mane)','KG',200,200,NULL,NULL,'2026-10-08 00:00:00','Active','2026-02-07 11:52:23','system',NULL,'2026-02-07 12:32:51',NULL,'2025-10-08 00:00:00',5.4,25),
(112,'lot-2026-01-27-112','lot-2026-01-27-112','FH',NULL,'1216450241200063','FV022A','Lychee Flavor E22050308 (Mane)','KG',323.384,323.384,NULL,NULL,'2026-06-03 00:00:00','Active','2026-02-07 11:52:23','system',NULL,'2026-02-07 12:32:51',NULL,'2025-06-03 00:00:00',5.4,25),
(113,'lot-2026-01-27-113','lot-2026-01-27-113','FH',NULL,'1216450241200063','FV022A','Lychee Flavor E22050308 (Mane)','KG',100,100,NULL,NULL,'2026-09-03 00:00:00','Active','2026-02-07 11:52:23','system',NULL,'2026-02-07 12:32:51',NULL,'2025-09-03 00:00:00',5.4,25),
(114,'lot-2026-01-27-114','lot-2026-01-27-114','FH',NULL,'1216450241200063','FV022A','Lychee Flavor E22050308 (Mane)','KG',300,300,NULL,NULL,'2026-08-04 00:00:00','Active','2026-02-07 11:52:23','system',NULL,'2026-02-07 12:32:51',NULL,'2025-08-04 00:00:00',5.4,25),
(115,'lot-2026-01-27-115','lot-2026-01-27-115','FH',NULL,'1216450241200064','FV021A','Lime Flavor 001483 (TPM)','KG',200,200,NULL,NULL,'2026-08-06 00:00:00','Active','2026-02-07 11:52:23','system',NULL,'2026-02-07 12:32:51',NULL,'2025-08-06 00:00:00',5.4,25),
(116,'lot-2026-01-27-116','lot-2026-01-27-116','FH',NULL,'1216450241200064','FV021A','Lime Flavor 001483 (TPM)','KG',47.818,47.818,NULL,NULL,'2026-06-11 00:00:00','Active','2026-02-07 11:52:23','system',NULL,'2026-02-07 12:32:51',NULL,'2025-06-11 00:00:00',5.4,25),
(117,'lot-2026-01-27-117','lot-2026-01-27-117','FH',NULL,'1216450241200064','FV021A','Lime Flavor 001483 (TPM)','KG',240,240,NULL,NULL,'2026-05-14 00:00:00','Active','2026-02-07 11:52:23','system',NULL,'2026-02-07 12:32:51',NULL,'2025-05-14 00:00:00',5.4,25),
(118,'lot-2026-01-27-118','lot-2026-01-27-118','FH',NULL,'1216450241200064','FV021A','Lime Flavor 001483 (TPM)','KG',100,100,NULL,NULL,'2026-06-26 00:00:00','Active','2026-02-07 11:52:23','system',NULL,'2026-02-07 12:32:51',NULL,'2025-06-26 00:00:00',5.4,25),
(119,'lot-2026-01-27-119','lot-2026-01-27-119','FH',NULL,'1216450241200064','FV021A','Lime Flavor 001483 (TPM)','KG',100,100,NULL,NULL,'2026-11-28 00:00:00','Active','2026-02-07 11:52:23','system',NULL,'2026-02-07 12:32:51',NULL,'2025-11-28 00:00:00',5.4,25),
(120,'lot-2026-01-27-120','lot-2026-01-27-120','SPP',NULL,'1216450241200065','FV0065','Frozen Strawberry Puree','KG',694.31,694.31,NULL,NULL,'2027-06-17 00:00:00','Active','2026-02-07 11:52:23','system',NULL,'2026-02-07 12:32:51',NULL,'2025-12-17 00:00:00',0,25),
(121,'lot-2026-01-27-121','lot-2026-01-27-121','SPP',NULL,'1216450241200066','FV0066','Frozen  Lemon Concentrate','KG',5688,5688,NULL,NULL,'2027-07-20 00:00:00','Active','2026-02-07 11:52:23','system',NULL,'2026-02-07 12:32:51',NULL,'2025-07-20 00:00:00',0,25),
(122,'lot-2026-01-27-122','lot-2026-01-27-122','SPP',NULL,'1216450241200067','FV0067','Frozen Apple Jiuce Concentrate','KG',308.77,308.77,NULL,NULL,'2027-08-20 00:00:00','Active','2026-02-07 11:52:23','system',NULL,'2026-02-07 12:32:51',NULL,'2025-08-21 00:00:00',0,25),
(123,'lot-2026-01-27-123','lot-2026-01-27-123','SPP',NULL,'1216450241200070','FV0070','Frozen Tangerine Concentrate','KG',255.524,255.524,NULL,NULL,'2027-03-20 00:00:00','Active','2026-02-07 11:52:23','system',NULL,'2026-02-07 12:32:51',NULL,'2025-03-21 00:00:00',0,25),
(124,'lot-2026-01-27-124','lot-2026-01-27-124','SPP',NULL,'1216450241200071','FV0071','Frozen Lychee Puree (Chakkapat)','KG',928.004,928.004,NULL,NULL,'2027-10-06 00:00:00','Active','2026-02-07 11:52:23','system',NULL,'2026-02-07 12:32:51',NULL,'2025-10-07 00:00:00',0,25),
(125,'lot-2026-01-27-125','lot-2026-01-27-125','SPP',NULL,'1216450241200072','FV0072','Frozen Mango Puree (Nam Dok  Mai)','KG',350,350,NULL,NULL,'2027-12-19 00:00:00','Active','2026-02-07 11:52:23','system',NULL,'2026-02-07 12:32:51',NULL,'2025-12-19 00:00:00',0,25),
(126,'lot-2026-01-27-126','lot-2026-01-27-126','SPP',NULL,'1216450241200073','XX0073','Frozen Orange Pulp','KG',157.322,157.322,NULL,NULL,'2027-02-19 00:00:00','Active','2026-02-07 11:52:23','system',NULL,'2026-02-07 12:32:51',NULL,'2025-02-19 00:00:00',0,25),
(127,'lot-2026-01-27-127','lot-2026-01-27-127','FH',NULL,'1216450241200074','CL003A','Cloudy SC4','KG',400,400,NULL,NULL,'2027-07-09 00:00:00','Active','2026-02-07 11:52:23','system',NULL,'2026-02-07 12:32:51',NULL,'2025-07-10 00:00:00',0.5,25),
(128,'lot-2026-01-27-128','lot-2026-01-27-128','FH',NULL,'1216450241200074','CL003A','Cloudy SC4','KG',107.894,107.894,NULL,NULL,'2027-03-18 00:00:00','Active','2026-02-07 11:52:23','system',NULL,'2026-02-07 12:32:51',NULL,'2025-03-19 00:00:00',0.5,25),
(129,'lot-2026-01-27-129','lot-2026-01-27-129','FH',NULL,'1216450241200075','FV036A','Peach Flavour Firmenich 050001 R10060','KG',16.926,16.926,NULL,NULL,'2026-08-26 00:00:00','Active','2026-02-07 11:52:23','system',NULL,'2026-02-07 12:32:51',NULL,'2025-08-26 00:00:00',5.4,25),
(130,'lot-2026-01-27-130','lot-2026-01-27-130','FH',NULL,'1216450241200075','FV036A','Peach Flavour Firmenich 050001 R10060','KG',25,25,NULL,NULL,'2026-08-26 00:00:00','Active','2026-02-07 11:52:23','system',NULL,'2026-02-07 12:32:51',NULL,'2025-08-26 00:00:00',5.4,25),
(131,'lot-2026-01-27-131','lot-2026-01-27-131','FH',NULL,'1216450241200076','FV037A','Peach Flavour Jean Niel TF65195','KG',100,100,NULL,NULL,'2026-12-09 00:00:00','Active','2026-02-07 11:52:23','system',NULL,'2026-02-07 12:32:51',NULL,'2025-12-09 00:00:00',5.4,25),
(132,'lot-2026-01-27-132','lot-2026-01-27-132','FH',NULL,'1216450241200076','FV037A','Peach Flavour Jean Niel TF65195','KG',75,75,NULL,NULL,'2026-08-06 00:00:00','Active','2026-02-07 11:52:23','system',NULL,'2026-02-07 12:32:51',NULL,'2025-08-06 00:00:00',5.4,25),
(133,'lot-2026-01-27-133','lot-2026-01-27-133','FH',NULL,'1216450241200076','FV037A','Peach Flavour Jean Niel TF65195','KG',94.21,94.21,NULL,NULL,'2026-09-19 00:00:00','Active','2026-02-07 11:52:24','system',NULL,'2026-02-07 12:32:51',NULL,'2025-09-19 00:00:00',5.4,25),
(134,'lot-2026-01-27-134','lot-2026-01-27-134','FH',NULL,'1216450241200076','FV037A','Peach Flavour Jean Niel TF65195','KG',100,100,NULL,NULL,'2026-10-28 00:00:00','Active','2026-02-07 11:52:24','system',NULL,'2026-02-07 12:32:51',NULL,'2025-10-28 00:00:00',5.4,25),
(135,'lot-2026-01-27-135','lot-2026-01-27-135','FH',NULL,'1216450241200076','FV037A','Peach Flavour Jean Niel TF65195','KG',50,50,NULL,NULL,'2026-06-06 00:00:00','Active','2026-02-07 11:52:24','system',NULL,'2026-02-07 12:32:51',NULL,'2025-06-06 00:00:00',5.4,25),
(136,'lot-2026-01-27-136','lot-2026-01-27-136','SPP',NULL,'1216450241200080','XX0080','Frozen Dice Orange Peel','KG',201,201,NULL,NULL,'2026-06-01 00:00:00','Active','2026-02-07 11:52:24','system',NULL,'2026-02-07 12:32:51',NULL,'2025-06-02 00:00:00',0,25),
(137,'lot-2026-01-27-137','lot-2026-01-27-137','SPP',NULL,'1216450241200084','FV0084','Frozen Pomegranate Concentrate (DKSH)','KG',658.334,658.334,NULL,NULL,'2026-05-28 00:00:00','Active','2026-02-07 11:52:24','system',NULL,'2026-02-07 12:32:51',NULL,'2024-05-28 00:00:00',0,25),
(138,'lot-2026-01-27-138','lot-2026-01-27-138','FH',NULL,'1216450241200085','FV039A','Pineapple Flavor Mane E23030086','KG',557.142,557.142,NULL,NULL,'2026-05-21 00:00:00','Active','2026-02-07 11:52:24','system',NULL,'2026-02-07 12:32:51',NULL,'2025-05-21 00:00:00',5.4,25),
(139,'lot-2026-01-27-139','lot-2026-01-27-139','SPP',NULL,'1216450241200086','FV0086','Frozen Blueberry Concentrate (IFI)','KG',197.88,197.88,NULL,NULL,'2027-03-21 00:00:00','Active','2026-02-07 11:52:24','system',NULL,'2026-02-07 12:32:51',NULL,'2025-03-21 00:00:00',0,25),
(140,'lot-2026-01-27-140','lot-2026-01-27-140','SPP',NULL,'1216450241200086','FV0086','Frozen Blueberry Concentrate (IFI)','KG',9.154,9.154,NULL,NULL,'2026-08-22 00:00:00','Active','2026-02-07 11:52:24','system',NULL,'2026-02-07 12:32:51',NULL,'2024-08-22 00:00:00',0,25),
(141,'lot-2026-01-27-141','lot-2026-01-27-141','FH',NULL,'1216450241200087','FV006A','Blueberry Flavour Roberte 54220','KG',84.874,84.874,NULL,NULL,'2026-04-10 00:00:00','Active','2026-02-07 11:52:24','system',NULL,'2026-02-07 12:32:51',NULL,'2025-04-10 00:00:00',5.4,25),
(142,'lot-2026-01-27-142','lot-2026-01-27-142','FH',NULL,'1216450241200088','FV005A','Blueberry Flavour Jean Niel TF00115','KG',96.022,96.022,NULL,NULL,'2026-10-29 00:00:00','Active','2026-02-07 11:52:24','system',NULL,'2026-02-07 12:32:51',NULL,'2025-04-29 00:00:00',5.4,25),
(143,'lot-2026-01-27-143','lot-2026-01-27-143','SPP',NULL,'1216450241200089','FV0089','Frozen Grape Concentrate','KG',189.51,189.51,NULL,NULL,'2026-12-17 00:00:00','Active','2026-02-07 11:52:24','system',NULL,'2026-02-07 12:32:51',NULL,'2024-12-18 00:00:00',0,25),
(144,'lot-2026-01-27-144','lot-2026-01-27-144','FH',NULL,'1216450241200090','FV013A','Firmenich Signature Grape F72T827','KG',144.936,144.936,NULL,NULL,'2026-03-10 00:00:00','Active','2026-02-07 11:52:24','system',NULL,'2026-02-07 12:32:51',NULL,'2025-03-10 00:00:00',5.4,25),
(145,'lot-2026-01-27-145','lot-2026-01-27-145','FH',NULL,'1216450241200090','FV013A','Firmenich Signature Grape F72T827','KG',50,50,NULL,NULL,'2026-05-18 00:00:00','Active','2026-02-07 11:52:24','system',NULL,'2026-02-07 12:32:51',NULL,'2024-10-18 00:00:00',5.4,25),
(146,'lot-2026-01-27-146','lot-2026-01-27-146','FH',NULL,'1216450241200091','FV018A','Jean Niel Grape TF67550','KG',145.572,145.572,NULL,NULL,'2026-04-28 00:00:00','Active','2026-02-07 11:52:24','system',NULL,'2026-02-07 12:32:51',NULL,'2025-04-28 00:00:00',5.4,25),
(147,'lot-2026-01-27-147','lot-2026-01-27-147','SPP',NULL,'1216450241200092','FV0092','Frozen Passion Fruit Puree','KG',285,285,NULL,NULL,'2027-04-24 00:00:00','Active','2026-02-07 11:52:24','system',NULL,'2026-02-07 12:32:51',NULL,'2025-04-24 00:00:00',0,25),
(148,'lot-2026-01-27-148','lot-2026-01-27-148','SPP',NULL,'1216450241200092','FV0092','Frozen Passion Fruit Puree','KG',45,45,NULL,NULL,'2026-10-19 00:00:00','Active','2026-02-07 11:52:24','system',NULL,'2026-02-07 12:32:51',NULL,'2024-10-19 00:00:00',0,25),
(149,'lot-2026-01-27-149','lot-2026-01-27-149','SPP',NULL,'1216450241200092','FV0092','Frozen Passion Fruit Puree','KG',74.964,74.964,NULL,NULL,'2027-05-24 00:00:00','Active','2026-02-07 11:52:24','system',NULL,'2026-02-07 12:32:51',NULL,'2025-11-24 00:00:00',0,25),
(150,'lot-2026-01-27-150','lot-2026-01-27-150','FH',NULL,'1216450241200093','FV019A','Jean Niel Passion Fruit  TF53958','KG',25,25,NULL,NULL,'2026-12-12 00:00:00','Active','2026-02-07 11:52:24','system',NULL,'2026-02-07 12:32:51',NULL,'2025-06-12 00:00:00',5.4,25),
(151,'lot-2026-01-27-151','lot-2026-01-27-151','FH',NULL,'1216450241200093','FV019A','Jean Niel Passion Fruit  TF53958','KG',25,25,NULL,NULL,'2026-07-11 00:00:00','Active','2026-02-07 11:52:24','system',NULL,'2026-02-07 12:32:51',NULL,'2025-07-11 00:00:00',5.4,25),
(152,'lot-2026-01-27-152','lot-2026-01-27-152','FH',NULL,'1216450241200093','FV019A','Jean Niel Passion Fruit  TF53958','KG',0.204,0.204,NULL,NULL,'2026-04-04 00:00:00','Active','2026-02-07 11:52:24','system',NULL,'2026-02-07 12:32:51',NULL,'2025-04-04 00:00:00',5.4,25),
(153,'lot-2026-01-27-153','lot-2026-01-27-153','FH',NULL,'1216450241200093','FV019A','Jean Niel Passion Fruit  TF53958','KG',24.718,24.718,NULL,NULL,'2026-05-11 00:00:00','Active','2026-02-07 11:52:24','system',NULL,'2026-02-07 12:32:51',NULL,'2025-05-11 00:00:00',5.4,25),
(154,'lot-2026-01-27-154','lot-2026-01-27-154','SPP',NULL,'1216450241200094','FV0094','Frozen Pineapple Juice Concentrate','KG',250,250,NULL,NULL,'2026-08-05 00:00:00','Active','2026-02-07 11:52:24','system',NULL,'2026-02-07 12:32:51',NULL,'2025-08-05 00:00:00',0,25),
(155,'lot-2026-01-27-155','lot-2026-01-27-155','SPP',NULL,'1216450241200094','FV0094','Frozen Pineapple Juice Concentrate','KG',720,720,NULL,NULL,'2026-12-22 00:00:00','Active','2026-02-07 11:52:24','system',NULL,'2026-02-07 12:32:51',NULL,'2025-01-08 00:00:00',0,25),
(156,'lot-2026-01-27-156','lot-2026-01-27-156','SPP',NULL,'1216450241200094','FV0094','Frozen Pineapple Juice Concentrate','KG',780,780,NULL,NULL,'2026-12-22 00:00:00','Active','2026-02-07 11:52:24','system',NULL,'2026-02-07 12:32:51',NULL,'2025-12-22 00:00:00',0,25),
(157,'lot-2026-01-27-157','lot-2026-01-27-157','FH',NULL,'1216450241200095','FV038A','Pineapple Flavor IFF TH828995','KG',30,30,NULL,NULL,'2026-06-03 00:00:00','Active','2026-02-07 11:52:25','system',NULL,'2026-02-07 12:32:51',NULL,'2025-06-03 00:00:00',5.4,25),
(158,'lot-2026-01-27-158','lot-2026-01-27-158','FH',NULL,'1216450241200095','FV038A','Pineapple Flavor IFF TH828995','KG',840,840,NULL,NULL,'2026-06-25 00:00:00','Active','2026-02-07 11:52:25','system',NULL,'2026-02-07 12:32:51',NULL,'2025-06-25 00:00:00',5.4,25),
(159,'lot-2026-01-27-159','lot-2026-01-27-159','FH',NULL,'1216450241200095','FV038A','Pineapple Flavor IFF TH828995','KG',40,40,NULL,NULL,'2026-03-06 00:00:00','Active','2026-02-07 11:52:25','system',NULL,'2026-02-07 12:32:51',NULL,'2025-03-06 00:00:00',5.4,25),
(160,'lot-2026-01-27-160','lot-2026-01-27-160','FH',NULL,'1216450241200095','FV038A','Pineapple Flavor IFF TH828995','KG',40,40,NULL,NULL,'2026-05-14 00:00:00','Active','2026-02-07 11:52:25','system',NULL,'2026-02-07 12:32:51',NULL,'2025-05-14 00:00:00',5.4,25),
(161,'lot-2026-01-27-161','lot-2026-01-27-161','SPP',NULL,'1216450241200104','FV0104','Elderflower Extract Powder','KG',20,20,NULL,NULL,'2026-10-26 00:00:00','Active','2026-02-07 11:52:25','system',NULL,'2026-02-07 12:32:51',NULL,'2024-10-26 00:00:00',0,25),
(162,'lot-2026-01-27-162','lot-2026-01-27-162','SPP',NULL,'1216450241200104','FV0104','Elderflower Extract Powder','KG',13.974,13.974,NULL,NULL,'2026-04-24 00:00:00','Active','2026-02-07 11:52:25','system',NULL,'2026-02-07 12:32:51',NULL,'2023-04-25 00:00:00',0,25),
(163,'lot-2026-01-27-163','lot-2026-01-27-163','SPP',NULL,'1216450241200108','XX0108','Raspberry Powder','KG',25.36,25.36,NULL,NULL,'2027-11-12 00:00:00','Active','2026-02-07 11:52:25','system',NULL,'2026-02-07 12:32:51',NULL,'2024-11-13 00:00:00',0,25),
(164,'lot-2026-01-27-164','lot-2026-01-27-164','SPP',NULL,'1216450241200113','FV0113','Mixed Berry Concentrate','KG',30.064,30.064,NULL,NULL,'2027-06-05 00:00:00','Active','2026-02-07 11:52:25','system',NULL,'2026-02-07 12:32:51',NULL,'2025-06-05 00:00:00',0,25),
(165,'lot-2026-01-27-165','lot-2026-01-27-165','SPP',NULL,'1216450241200117','FV0117','Apple Juice Concentrate','KG',125,125,NULL,NULL,'2026-02-10 00:00:00','Active','2026-02-07 11:52:25','system',NULL,'2026-02-07 12:32:51',NULL,'2025-02-10 00:00:00',0,25),
(166,'lot-2026-01-27-166','lot-2026-01-27-166','SPP',NULL,'1216450241200117','FV0117','Apple Juice Concentrate','KG',200,200,NULL,NULL,'2026-09-16 00:00:00','Active','2026-02-07 11:52:25','system',NULL,'2026-02-07 12:32:51',NULL,'2025-09-16 00:00:00',0,25),
(167,'lot-2026-01-27-167','lot-2026-01-27-167','SPP',NULL,'1216450241200121','FV0121','Passion fruit puree','KG',0,0,NULL,NULL,NULL,'Active','2026-02-07 11:52:25','system',NULL,'2026-02-07 12:32:51',NULL,NULL,0,25),
(168,'lot-2026-01-27-168','lot-2026-01-27-168','SPP',NULL,'1216450241200132','FV0132','Frozen Lychee Puree (100%)','KG',1056.2,1056.2,NULL,NULL,'2027-03-13 00:00:00','Active','2026-02-07 11:52:25','system',NULL,'2026-02-07 12:32:51',NULL,'2025-03-14 00:00:00',0,25),
(169,'lot-2026-01-27-169','lot-2026-01-27-169','SPP',NULL,'1216450242000037','XX0037','Coconut syrup, น้ำเชื่อมตาลมะพร้าว.','KG',2220,2220,NULL,NULL,'2026-03-08 00:00:00','Active','2026-02-07 11:52:25','system',NULL,'2026-02-07 12:32:51',NULL,'2026-01-08 00:00:00',0,25),
(170,'lot-2026-01-27-170','lot-2026-01-27-170','SPP',NULL,'1216450242000037','XX0037','Coconut syrup, น้ำเชื่อมตาลมะพร้าว.','KG',8910,8910,NULL,NULL,'2026-03-15 00:00:00','Active','2026-02-07 11:52:25','system',NULL,'2026-02-07 12:32:51',NULL,'2026-01-15 00:00:00',0,25),
(171,'lot-2026-01-27-171','lot-2026-01-27-171','SPP',NULL,'1216450242000037','XX0037','Coconut syrup, น้ำเชื่อมตาลมะพร้าว.','KG',720,720,NULL,NULL,'2026-03-13 00:00:00','Active','2026-02-07 11:52:25','system',NULL,'2026-02-07 12:32:51',NULL,'2026-01-13 00:00:00',0,25),
(172,'lot-2026-01-27-172','lot-2026-01-27-172','FH',NULL,'1217150041000001','CL005A','FD&C BLUE NO.1 (Brilliant Blue Colour).','KG',40,40,NULL,NULL,'2030-11-12 00:00:00','Active','2026-02-07 11:52:25','system',NULL,'2026-02-07 12:32:51',NULL,'2024-11-13 00:00:00',0.5,25),
(173,'lot-2026-01-27-173','lot-2026-01-27-173','FH',NULL,'1217150041000002','CL007A','FD&C YELLOW NO. 5 (Tartrazine Color).','KG',20,20,NULL,NULL,'2028-12-10 00:00:00','Active','2026-02-07 11:52:25','system',NULL,'2026-02-07 12:32:51',NULL,'2022-12-12 00:00:00',0.5,25),
(174,'lot-2026-01-27-174','lot-2026-01-27-174','FH',NULL,'1217150041000004','CL006A','FD&C Red No.40 (Allura Red Colour).','KG',41.0135,41.0135,NULL,NULL,'2031-02-13 00:00:00','Active','2026-02-07 11:52:25','system',NULL,'2026-02-07 12:32:51',NULL,'2025-02-14 00:00:00',0.5,25),
(175,'lot-2026-01-27-175','lot-2026-01-27-175','FH',NULL,'1217150041000004','CL006A','FD&C Red No.40 (Allura Red Colour).','KG',20,20,NULL,NULL,'2031-01-01 00:00:00','Active','2026-02-07 11:52:25','system',NULL,'2026-02-07 12:32:51',NULL,'2025-01-02 00:00:00',0.5,25),
(176,'lot-2026-01-27-176','lot-2026-01-27-176','FH',NULL,'1217150041000005','CL002A','Caramel Colour Class IV (INS 150d).','KG',25,25,NULL,NULL,'2027-04-15 00:00:00','Active','2026-02-07 11:52:25','system',NULL,'2026-02-07 12:32:51',NULL,'2025-04-16 00:00:00',0.5,25),
(177,'lot-2026-01-27-177','lot-2026-01-27-177','FH',NULL,'1217150041000005','CL002A','Caramel Colour Class IV (INS 150d).','KG',12.146,12.146,NULL,NULL,'2027-04-15 00:00:00','Active','2026-02-07 11:52:25','system',NULL,'2026-02-07 12:32:51',NULL,'2025-04-16 00:00:00',0.5,25),
(178,'lot-2026-01-27-178','lot-2026-01-27-178','FH',NULL,'1217150041000012','CL001A','Caramel Colour Class III (INS 150c).','KG',25.615,25.5396,NULL,NULL,'2027-08-07 00:00:00','Active','2026-02-07 11:52:25','system',NULL,'2026-02-09 18:07:57',NULL,'2025-08-08 00:00:00',0.5,25),
(179,'lot-2026-01-27-179','lot-2026-01-27-179','FH',NULL,'1217150041000015','CL008A','Sunset Yellow FD&C Yellow No.6, 1kg/bag.','KG',20,20,NULL,NULL,'2028-05-31 00:00:00','Active','2026-02-07 11:52:25','system',NULL,'2026-02-07 12:32:51',NULL,'2024-06-01 00:00:00',0.5,25),
(180,'lot-2026-01-27-180','lot-2026-01-27-180','FH',NULL,'1217150041000015','CL008A','Sunset Yellow FD&C Yellow No.6, 1kg/bag.','KG',32.412,32.412,NULL,NULL,'2028-03-15 00:00:00','Active','2026-02-07 11:52:25','system',NULL,'2026-02-07 12:32:51',NULL,'2022-03-17 00:00:00',0.5,25),
(181,'lot-2026-01-27-181','lot-2026-01-27-181','FH',NULL,'1217150041000017','CL004A','Eurocert carmoisine','KG',240,240,NULL,NULL,'2029-11-19 00:00:00','Active','2026-02-07 11:52:25','system',NULL,'2026-02-07 12:32:51',NULL,'2023-11-21 00:00:00',0.5,25),
(182,'lot-2026-01-27-182','lot-2026-01-27-182','FH',NULL,'1217150041000017','CL004A','Eurocert carmoisine','KG',20,20,NULL,NULL,'2029-09-17 00:00:00','Active','2026-02-07 11:52:26','system',NULL,'2026-02-07 12:32:51',NULL,'2023-09-19 00:00:00',0.5,25),
(183,'lot-2026-01-27-183','lot-2026-01-27-183','SPP',NULL,'1217150041000018','XX0018','Instant Textaid A','KG',703.7,703.7,NULL,NULL,'2027-09-08 00:00:00','Active','2026-02-07 11:52:26','system',NULL,'2026-02-07 12:32:51',NULL,'2025-09-08 00:00:00',0,25),
(184,'lot-2026-01-27-184','lot-2026-01-27-184','SPP',NULL,'1235210443000028','XX0028','Erythritol, 25 kgs/bag.','KG',2063.08,2063.08,NULL,NULL,'2027-09-20 00:00:00','Active','2026-02-07 11:52:26','system',NULL,'2026-02-07 12:32:51',NULL,'2025-09-21 00:00:00',0,25),
(185,'lot-2026-01-27-185','lot-2026-01-27-185','SPP',NULL,'4114181242000021','XX0021','Liquid Glucose, กลูโคสเหลว 80 บริกซ์.','KG',5520,5520,NULL,NULL,'2026-03-08 00:00:00','Active','2026-02-07 11:52:26','system',NULL,'2026-02-07 12:32:51',NULL,'2026-01-07 00:00:00',0,25),
(186,'lot-2026-01-27-186','lot-2026-01-27-186','SPP',NULL,'4114181242000021','XX0021','Liquid Glucose, กลูโคสเหลว 80 บริกซ์.','KG',6168,6168,NULL,NULL,'2026-03-11 00:00:00','Active','2026-02-07 11:52:26','system',NULL,'2026-02-07 12:32:51',NULL,'2026-01-10 00:00:00',0,25),
(187,'lot-2026-01-27-187','lot-2026-01-27-187','SPP',NULL,'4114181242000021','XX0021','Liquid Glucose, กลูโคสเหลว 80 บริกซ์.','KG',3264,3264,NULL,NULL,'2026-03-06 00:00:00','Active','2026-02-07 11:52:26','system',NULL,'2026-02-07 12:32:51',NULL,'2026-01-05 00:00:00',0,25),
(188,'lot-2026-01-27-188','lot-2026-01-27-188','SPP',NULL,'4114181242000021','XX0021','Liquid Glucose, กลูโคสเหลว 80 บริกซ์.','KG',1152,1152,NULL,NULL,'2026-03-13 00:00:00','Active','2026-02-07 11:52:26','system',NULL,'2026-02-07 12:32:51',NULL,'2026-01-12 00:00:00',0,25),
(189,'lot-2026-01-27-189','lot-2026-01-27-189','SPP',NULL,'4114181242000021','XX0021','Liquid Glucose, กลูโคสเหลว 80 บริกซ์.','KG',6168,6168,NULL,NULL,'2026-03-11 00:00:00','Active','2026-02-07 11:52:26','system',NULL,'2026-02-07 12:32:51',NULL,'2026-01-10 00:00:00',0,25),
(190,'lot-2026-01-27-190','lot-2026-01-27-190','SPP',NULL,'4114181242000021','XX0021','Liquid Glucose, กลูโคสเหลว 80 บริกซ์.','KG',576,576,NULL,NULL,'2026-03-14 00:00:00','Active','2026-02-07 11:52:26','system',NULL,'2026-02-07 12:32:51',NULL,'2026-01-13 00:00:00',0,25),
(191,'lot-2026-01-27-191','lot-2026-01-27-191','SPP',NULL,'5016190043000027','XX0027','Sucralose, 1kg * 10/bag.','KG',120,120,NULL,NULL,'2027-05-19 00:00:00','Active','2026-02-07 11:52:26','system',NULL,'2026-02-07 12:32:51',NULL,'2025-05-20 00:00:00',0,25),
(192,'lot-2026-01-27-192','lot-2026-01-27-192','SPP',NULL,'5016190043000027','XX0027','Sucralose, 1kg * 10/bag.','KG',190,190,NULL,NULL,'2027-08-30 00:00:00','Active','2026-02-07 11:52:26','system',NULL,'2026-02-07 12:32:51',NULL,'2025-08-31 00:00:00',0,25),
(193,'lot-2026-01-27-193','lot-2026-01-27-193','SPP',NULL,'5016190043000027','XX0027','Sucralose, 1kg * 10/bag.','KG',40,40,NULL,NULL,'2025-04-18 00:00:00','Active','2026-02-07 11:52:26','system',NULL,'2026-02-07 12:32:51',NULL,'2025-04-19 00:00:00',0,25),
(194,'lot-2026-01-27-194','lot-2026-01-27-194','SPP',NULL,'5022130041000036','XX0036','NATIONAL FRIGEX CL','KG',2000,2000,NULL,NULL,'2027-12-16 00:00:00','Active','2026-02-07 11:52:26','system',NULL,'2026-02-07 12:32:51',NULL,'2025-12-16 00:00:00',0,25),
(195,'lot-2026-01-27-195','lot-2026-01-27-195','SPP',NULL,'5022130041000036','XX0036','NATIONAL FRIGEX CL','KG',800,800,NULL,NULL,'2027-10-22 00:00:00','Active','2026-02-07 11:52:26','system',NULL,'2026-02-07 12:32:51',NULL,'2025-10-22 00:00:00',0,25),
(196,'lot-2026-01-27-196','lot-2026-01-27-196','SPP',NULL,'5022130042000023','XX0023','Modified starch, แป้งดัดแปร, 25 kgs/bag.','KG',3600,3600,NULL,NULL,'2027-10-13 00:00:00','Active','2026-02-07 11:52:26','system',NULL,'2026-02-07 12:32:51',NULL,'2025-10-13 00:00:00',0,25),
(197,'lot-2026-01-27-197','lot-2026-01-27-197','SPP',NULL,'5022130042000023','XX0023','Modified starch, แป้งดัดแปร, 25 kgs/bag.','KG',1100,1100,NULL,NULL,'2027-07-20 00:00:00','Active','2026-02-07 11:52:26','system',NULL,'2026-02-07 12:32:51',NULL,'2025-07-20 00:00:00',0,25),
(198,'lot-2026-01-27-198','lot-2026-01-27-198','SPP',NULL,'5022130043000022','XX0022','Native tapioca starch แป้งมัน 20 kg/bag.','KG',420,420,NULL,NULL,'2026-02-25 00:00:00','Active','2026-02-07 11:52:26','system',NULL,'2026-02-07 12:32:51',NULL,'2025-11-28 00:00:00',0,25),
(199,'lot-2026-01-27-199','lot-2026-01-27-199','SPP',NULL,'5113162841000024','XX0004','Citric Acid.','KG',2425,2425,NULL,NULL,'2028-11-01 00:00:00','Active','2026-02-07 11:52:26','system',NULL,'2026-02-07 12:32:51',NULL,'2025-11-01 00:00:00',0,25),
(200,'lot-2026-01-27-200','lot-2026-01-27-200','SPP',NULL,'5119160242000025','XX0025','Salt, NaCl, เกลือ บรรจุ 400 g,25 kg/bag.','KG',7400,7400,NULL,NULL,'2029-01-08 00:00:00','Active','2026-02-07 11:52:26','system',NULL,'2026-02-07 12:32:51',NULL,'2026-01-08 00:00:00',0,25),
(201,'lot-2026-01-27-201','lot-2026-01-27-201','SPP',NULL,'5119160242000025','XX0025','Salt, NaCl, เกลือ บรรจุ 400 g,25 kg/bag.','KG',975,975,NULL,NULL,'2028-12-14 00:00:00','Active','2026-02-07 11:52:26','system',NULL,'2026-02-07 12:32:51',NULL,'2025-12-14 00:00:00',0,25);
/*!40000 ALTER TABLE `ingredient_intake_lists` ENABLE KEYS */;
UNLOCK TABLES;
COMMIT;
SET AUTOCOMMIT=@OLD_AUTOCOMMIT;

--
-- Table structure for table `ingredients`
--

DROP TABLE IF EXISTS `ingredients`;
/*!40101 SET @saved_cs_client     = @@character_set_client */;
/*!40101 SET character_set_client = utf8mb4 */;
CREATE TABLE `ingredients` (
  `id` int NOT NULL AUTO_INCREMENT,
  `blind_code` varchar(50) DEFAULT NULL,
  `mat_sap_code` varchar(50) DEFAULT NULL,
  `ingredient_id` varchar(50) NOT NULL,
  `name` varchar(150) NOT NULL,
  `unit` varchar(20) NOT NULL,
  `Group` varchar(50) DEFAULT NULL,
  `created_at` timestamp NOT NULL DEFAULT CURRENT_TIMESTAMP,
  `creat_by` varchar(50) NOT NULL,
  `updated_at` timestamp NULL DEFAULT NULL ON UPDATE CURRENT_TIMESTAMP,
  `update_by` varchar(50) DEFAULT NULL,
  `status` varchar(20) DEFAULT 'Active',
  `re_code` varchar(50) DEFAULT NULL,
  `std_package_size` float DEFAULT '25',
  `std_prebatch_batch_size` float DEFAULT '0',
  PRIMARY KEY (`id`),
  KEY `idx_ingredients_blind_code` (`blind_code`),
  KEY `ix_ingredients_mat_sap_code` (`mat_sap_code`)
) ENGINE=InnoDB AUTO_INCREMENT=516 DEFAULT CHARSET=utf8mb4 COLLATE=utf8mb4_0900_ai_ci;
/*!40101 SET character_set_client = @saved_cs_client */;

--
-- Dumping data for table `ingredients`
--

SET @OLD_AUTOCOMMIT=@@AUTOCOMMIT, @@AUTOCOMMIT=0;
LOCK TABLES `ingredients` WRITE;
/*!40000 ALTER TABLE `ingredients` DISABLE KEYS */;
INSERT INTO `ingredients` VALUES
(226,NULL,'1217150041000003','ing-001','Caramel Colour Class III (INS 150c).','kg','Colour','2026-01-13 13:37:08','system','2026-01-22 02:58:00',NULL,'Active','CL001A',50,0),
(227,NULL,'1217150041000005','ing-002','Caramel Colour Class IV (INS 150d).','kg','Colour','2026-01-13 13:37:08','system','2026-01-22 03:16:22','cj','Active','CL002A',25,0),
(228,NULL,'1216450241200074','ing-003','Cloudy SC4','kg','Colour','2026-01-13 13:37:08','system','2026-01-22 03:16:32','cj','Active','CL003A',10,0),
(229,NULL,'1217150041000017','ing-004','Eurocert Carmoisine','kg','Colour','2026-01-13 13:37:08','system','2026-01-13 13:37:09',NULL,'Active','CL004A',25,0),
(230,NULL,'1217150041000001','ing-005','FD&C BLUE NO.1 (Brilliant Blue Colour).','kg','Colour','2026-01-13 13:37:08','system','2026-01-13 13:37:09',NULL,'Active','CL005A',25,0),
(231,NULL,'1217150041000004','ing-006','FD&C Red No.40 (Allura Red Colour).','kg','Colour','2026-01-13 13:37:08','system','2026-01-13 13:37:09',NULL,'Active','CL006A',25,0),
(232,NULL,'1217150041000002','ing-007','FD&C YELLOW NO. 5 (Tartrazine Color)','kg','Colour','2026-01-13 13:37:08','system','2026-01-13 13:37:09',NULL,'Active','CL007A',25,0),
(233,NULL,'1217150041000015','ing-008','Sunset Yellow FD&C Yellow No.6, 1kg/bag.','kg','Colour','2026-01-13 13:37:08','system','2026-01-13 13:37:09',NULL,'Active','CL008A',25,0),
(234,NULL,'1216450241000116','ing-009','Apple Flavor GWF A01301','kg','Flavor','2026-01-13 13:37:08','system','2026-01-13 13:37:09',NULL,'Active','FV001A',25,0),
(235,NULL,'1216450241200057','ing-010','Apple Flavor SC771074','kg','Flavor','2026-01-13 13:37:08','system','2026-01-13 13:37:09',NULL,'Active','FV002A',25,0),
(236,NULL,'1216450241000115','ing-011','Apple Flavor TF74467','kg','Flavor','2026-01-13 13:37:08','system','2026-01-13 13:37:09',NULL,'Active','FV003A',25,0),
(237,NULL,'1216450241200041','ing-012','Blue Curacao Flavor BC-01','kg','Flavor','2026-01-13 13:37:08','system','2026-01-13 13:37:09',NULL,'Active','FV004A',25,0),
(238,NULL,'1216450241200088','ing-013','Blueberry Flavor Jean Niel TF00115','kg','Flavor','2026-01-13 13:37:08','system','2026-01-13 13:37:09',NULL,'Active','FV005A',25,0),
(239,NULL,'1216450241200087','ing-014','Blueberry Flavour Roberte 54220','kg','Flavor','2026-01-13 13:37:08','system','2026-01-13 13:37:09',NULL,'Active','FV006A',25,0),
(240,NULL,'1216450241000142','ing-015','CLASSIC CARAMEL FLAVOUR CR-02,25 Kg/Drum','kg','Flavor','2026-01-13 13:37:08','system','2026-01-13 13:37:09',NULL,'Active','FV007A',25,0),
(241,NULL,'1216450241100007','ing-016','Caramel Flavor CR-02','kg','Flavor','2026-01-13 13:37:08','system','2026-01-13 13:37:09',NULL,'Active','FV008A',25,0),
(242,NULL,'1216450241000098','ing-017','Caramel Flavor 911447','kg','Flavor','2026-01-13 13:37:08','system','2026-01-13 13:37:09',NULL,'Active','FV009A',25,0),
(243,NULL,'1216450241000099','ing-018','Caramel Flavor 963198','kg','Flavor','2026-01-13 13:37:08','system','2026-01-13 13:37:09',NULL,'Active','FV010A',25,0),
(244,NULL,'1216450241200048','ing-019','Chrysanthemum Flavour GWFA10421, 20kg/d.','kg','Flavor','2026-01-13 13:37:08','system','2026-01-13 13:37:09',NULL,'Active','FV011A',25,0),
(245,NULL,'1216450241200038','ing-020','Coconut Flavour CN-01','kg','Flavor','2026-01-13 13:37:08','system','2026-01-13 13:37:09',NULL,'Active','FV012A',25,0),
(246,NULL,'1216450241200090','ing-021','Firmenich Signature Grape F72T827','kg','Flavor','2026-01-13 13:37:08','system','2026-01-13 13:37:09',NULL,'Active','FV013A',25,0),
(247,NULL,'1216450241000128','ing-022','FRUIT PUNCH FLAVOUR TF68104','kg','Flavor','2026-01-13 13:37:08','system','2026-01-13 13:37:09',NULL,'Active','FV014A',25,0),
(248,NULL,'1216450241200046','ing-023','Fruity Sweet Flavour DLN1, 20kg/drum.','kg','Flavor','2026-01-13 13:37:08','system','2026-01-13 13:37:09',NULL,'Active','FV015A',25,0),
(249,NULL,'1216450241000114','ing-024','Hazelnut Flavour TF00622','kg','Flavor','2026-01-13 13:37:08','system','2026-01-13 13:37:09',NULL,'Active','FV016A',25,0),
(250,NULL,'1216450241200051','ing-025','Herb Flavour 962070 (N670), 20kg/drum.','kg','Flavor','2026-01-13 13:37:08','system','2026-01-13 13:37:09',NULL,'Active','FV017A',25,0),
(251,NULL,'1216450241200091','ing-026','Jean Niel Grape TF67550','kg','Flavor','2026-01-13 13:37:08','system','2026-01-13 13:37:09',NULL,'Active','FV018A',25,0),
(252,NULL,'1216450241200093','ing-027','Jean Niel Passion Fruit TF53958','kg','Flavor','2026-01-13 13:37:08','system','2026-01-13 13:37:09',NULL,'Active','FV019A',25,0),
(253,NULL,'1216450241200054','ing-028','LEMON LIME FLAVOUR 693503','kg','Flavor','2026-01-13 13:37:08','system','2026-01-13 13:37:09',NULL,'Active','FV020C',25,0),
(254,NULL,'1216450241200064','ing-029','Lime Flavor 001483 (TPM)','kg','Flavor','2026-01-13 13:37:08','system','2026-01-13 13:37:09',NULL,'Active','FV021A',25,0),
(255,NULL,'1216450241200063','ing-030','Lychee Flavor E22050308 (Mane)','kg','Flavor','2026-01-13 13:37:08','system','2026-01-13 13:37:09',NULL,'Active','FV022A',25,0),
(256,NULL,'1216450241200039','ing-031','Lychee Flavour LC-01','kg','Flavor','2026-01-13 13:37:08','system','2026-01-13 13:37:09',NULL,'Active','FV023A',25,0),
(257,NULL,'1216450241200055','ing-032','LYCHEE FLVOUR 484994','kg','Flavor','2026-01-13 13:37:08','system','2026-01-13 13:37:09',NULL,'Active','FV024A',25,0),
(258,NULL,'1216450241200049','ing-033','Mango Flavour 98AF4572, 20kg/drum','kg','Flavor','2026-01-13 13:37:08','system','2026-01-13 13:37:09',NULL,'Active','FV025A',25,0),
(259,NULL,'1216450241200050','ing-034','Mango Flavour MG-03, 25kg/drum.','kg','Flavor','2026-01-13 13:37:08','system','2026-01-13 13:37:09',NULL,'Active','FV026A',25,0),
(260,NULL,'1216450240000042','ing-035','Matcha Flavor S1911999','kg','Flavor','2026-01-13 13:37:08','system','2026-01-13 13:37:09',NULL,'Active','FV027A',25,0),
(261,NULL,'1216450241200023','ing-036','Melon Flavour ML-01','kg','Flavor','2026-01-13 13:37:08','system','2026-01-13 13:37:09',NULL,'Active','FV028A',25,0),
(262,NULL,'1216450241000144','ing-037','FRESH MINT FLAVOUR 7.64476, 25 KG/DRUM','kg','Flavor','2026-01-13 13:37:08','system','2026-01-13 13:37:09',NULL,'Active','FV029A',25,0),
(263,NULL,'1216450241200045','ing-038','Okrong Mango Flavour E20093290,25kg/dr.','kg','Flavor','2026-01-13 13:37:08','system','2026-01-13 13:37:09',NULL,'Active','FV030A',25,0),
(264,NULL,'1216450241200059','ing-039','Orange 591872 CIP','kg','Flavor','2026-01-13 13:37:08','system','2026-01-13 13:37:09',NULL,'Active','FV031A',25,0),
(265,NULL,'1216450241000122','ing-040','Passion fruit Flavor 54223','kg','Flavor','2026-01-13 13:37:08','system','2026-01-13 13:37:09',NULL,'Active','FV032A',25,0),
(266,NULL,'1216450241200004','ing-041','Passion fruit Flavor PF-01','kg','Flavor','2026-01-13 13:37:08','system','2026-01-13 13:37:09',NULL,'Active','FV033A',25,0),
(267,NULL,'1216450241000123','ing-042','Passion fruit Flavor TH195967','kg','Flavor','2026-01-13 13:37:08','system','2026-01-13 13:37:09',NULL,'Active','FV034A',25,0),
(268,NULL,'1216450241000127','ing-043','PEACH FLAVOUR 986057','kg','Flavor','2026-01-13 13:37:08','system','2026-01-13 13:37:09',NULL,'Active','FV035A',25,0),
(269,NULL,'1216450241200075','ing-044','Peach Flavour Firmenich 050001 R10060','kg','Flavor','2026-01-13 13:37:08','system','2026-01-13 13:37:09',NULL,'Active','FV036A',25,0),
(270,NULL,'1216450241200076','ing-045','Peach Flavour Jean Niel TF65195','kg','Flavor','2026-01-13 13:37:08','system','2026-01-13 13:37:09',NULL,'Active','FV037A',25,0),
(271,NULL,'1216450241200095','ing-046','Pineapple Flavor IFF TH828995','kg','Flavor','2026-01-13 13:37:08','system','2026-01-13 13:37:09',NULL,'Active','FV038A',25,0),
(272,NULL,'1216450241200085','ing-047','Pineapple Flavor Mane E23030086','kg','Flavor','2026-01-13 13:37:08','system','2026-01-13 13:37:09',NULL,'Active','FV039A',25,0),
(273,NULL,'1216450241200021','ing-048','Sala Flavour Givaudan L-F01657','kg','Flavor','2026-01-13 13:37:08','system','2026-01-13 13:37:09',NULL,'Active','FV040A',25,0),
(274,NULL,'1216450241200062','ing-049','Sala Flavour Mane E20158434','kg','Flavor','2026-01-13 13:37:08','system','2026-01-13 13:37:09',NULL,'Active','FV041A',25,0),
(275,NULL,'1216450240000118','ing-050','Signature Cream F10T384','kg','Flavor','2026-01-13 13:37:08','system','2026-01-13 13:37:09',NULL,'Active','FV042A',25,0),
(276,NULL,'1216450241200002','ing-051','Strawberry Flavour ST-01','kg','Flavor','2026-01-13 13:37:08','system','2026-01-13 13:37:09',NULL,'Active','FV043A',25,0),
(277,NULL,'1216450241200053','ing-052','Strawberry Jam Flavor SC534471','kg','Flavor','2026-01-13 13:37:08','system','2026-01-13 13:37:09',NULL,'Active','FV044A',25,0),
(278,NULL,'1216450241100026','ing-053','Sugar Flavour SG-01','kg','Flavor','2026-01-13 13:37:08','system','2026-01-13 13:37:09',NULL,'Active','FV045A',25,0),
(279,NULL,'1216450241000079','ing-054','T.Hasegawa Yuzu THT-893','kg','Flavor','2026-01-13 13:37:08','system','2026-01-13 13:37:09',NULL,'Active','FV046A',25,0),
(280,NULL,'1216450241000105','ing-055','Vanilla Flavor 65024','kg','Flavor','2026-01-13 13:37:08','system','2026-01-13 13:37:09',NULL,'Active','FV047A',25,0),
(281,NULL,'1216450241000119','ing-056','Vanilla Flavor 98AF8436','kg','Flavor','2026-01-13 13:37:08','system','2026-01-13 13:37:09',NULL,'Active','FV048A',25,0),
(282,NULL,'1216450241000120','ing-057','Vanilla Flavor A16182022','kg','Flavor','2026-01-13 13:37:08','system','2026-01-13 13:37:09',NULL,'Active','FV049A',25,0),
(283,NULL,'1216450240000124','ing-058','White choc. E_22020877','kg','Flavor','2026-01-13 13:37:08','system','2026-01-13 13:37:09',NULL,'Active','FV050A',25,0),
(284,NULL,'1216450241000125','ing-059','White choc. Flavour 70FM101478','kg','Flavor','2026-01-13 13:37:08','system','2026-01-13 13:37:09',NULL,'Active','FV051A',25,0),
(285,NULL,'1216450241200040','ing-060','YOUNG COCONUT FLAVOUR 752625','kg','Flavor','2026-01-13 13:37:08','system','2026-01-13 13:37:09',NULL,'Active','FV052A',25,0),
(286,NULL,'1216450241100003','ing-061','Thai Tea Flavour TH-01','kg','Flavor','2026-01-13 13:37:08','system','2026-01-13 13:37:09',NULL,'Active','FV053A',25,0),
(287,NULL,'1216450241000130','ing-062','BROWN SUGAR FLAVOUR RP240009','kg','Flavor','2026-01-13 13:37:08','system','2026-01-13 13:37:09',NULL,'Active','FV054A',25,0),
(288,NULL,'1216450241000101','ing-063','Elderflower Flavor 52788','kg','Flavor','2026-01-13 13:37:08','system','2026-01-13 13:37:09',NULL,'Active','FV055A',25,0),
(289,NULL,'1216450241000102','ing-064','Elderflower Flavor 7.65165','kg','Flavor','2026-01-13 13:37:08','system','2026-01-13 13:37:09',NULL,'Active','FV056A',25,0),
(290,NULL,'1216450241000103','ing-065','Elderflower Flavor TF66263','kg','Flavor','2026-01-13 13:37:08','system','2026-01-13 13:37:09',NULL,'Active','FV057A',25,0),
(291,NULL,'1216450241000100','ing-066','J - forte Rose Flavor FT2018','kg','Flavor','2026-01-13 13:37:08','system','2026-01-13 13:37:09',NULL,'Active','FV058A',25,0),
(292,NULL,'1216450241000107','ing-067','Natural Pomegranate Flavor 001772','kg','Flavor','2026-01-13 13:37:08','system','2026-01-13 13:37:09',NULL,'Active','FV059A',25,0),
(293,NULL,'1216450241000110','ing-068','Raspberry Flavor 70FM095070','kg','Flavor','2026-01-13 13:37:08','system','2026-01-13 13:37:09',NULL,'Active','FV060A',25,0),
(294,NULL,'1216450241000111','ing-069','Raspberry Flavor GWFC10782','kg','Flavor','2026-01-13 13:37:08','system','2026-01-13 13:37:09',NULL,'Active','FV061A',25,0),
(295,NULL,'1216450241000097','ing-070','Rose Flavor RP2211252','kg','Flavor','2026-01-13 13:37:08','system','2026-01-13 13:37:09',NULL,'Active','FV062A',25,0),
(296,NULL,'1216450241000096','ing-071','Rose Hip Flavor 957792','kg','Flavor','2026-01-13 13:37:08','system','2026-01-13 13:37:09',NULL,'Active','FV063A',25,0),
(297,NULL,'1216450241000106','ing-072','Natural Grenadine Flavor T10116600','kg','Flavor','2026-01-13 13:37:08','system','2026-01-13 13:37:09',NULL,'Active','FV064A',25,0),
(298,NULL,'1216450241200056','ing-073','Kiwi Flavor GWFA10951','kg','Flavor','2026-01-13 13:37:08','system','2026-01-13 13:37:09',NULL,'Active','FV065A',25,0),
(299,NULL,'RO-Water','RO-Water','RO-Water','L',NULL,'2026-01-14 15:42:24','System',NULL,NULL,'Active','RO-Water',25,0),
(382,'1217150041000012',NULL,'ing_001','Caramel Colour Class III (INS 150c).','kg','Colour','2026-01-21 19:08:54','system',NULL,NULL,'Active','CL001A',25,0),
(383,'1217150041000005',NULL,'ing_002','Caramel Colour Class IV (INS 150d).','kg','Colour','2026-01-21 19:08:54','system',NULL,NULL,'Active','CL002A',25,0),
(384,'1216450241200074',NULL,'ing_003','Cloudy SC4','kg','Colour','2026-01-21 19:08:54','system',NULL,NULL,'Active','CL003A',25,0),
(385,'1217150041000017',NULL,'ing_004','Eurocert Carmoisine','kg','Colour','2026-01-21 19:08:54','system',NULL,NULL,'Active','CL004A',25,0),
(386,'1217150041000001',NULL,'ing_005','FD&C BLUE NO.1 (Brilliant Blue Colour).','kg','Colour','2026-01-21 19:08:54','system',NULL,NULL,'Active','CL005A',25,0),
(387,'1216450241200004',NULL,'ing_006','FD&C Red No.40 (Allura Red Colour).','kg','Colour','2026-01-21 19:08:54','system',NULL,NULL,'Active','CL006A',25,0),
(388,'1217150041000002',NULL,'ing_007','FD&C YELLOW NO. 5 (Tartrazine Color)','kg','Colour','2026-01-21 19:08:54','system',NULL,NULL,'Active','CL007A',25,0),
(389,'1217150041000015',NULL,'ing_008','Sunset Yellow FD&C Yellow No.6, 1kg/bag.','kg','Colour','2026-01-21 19:08:54','system',NULL,NULL,'Active','CL008A',25,0),
(390,'1216450241000116',NULL,'ing_009','Apple Flavor GWF A01301','kg','Flavor','2026-01-21 19:08:54','system',NULL,NULL,'Active','FV001A',25,0),
(391,'1216450241200057',NULL,'ing_010','Apple Flavor SC771074','kg','Flavor','2026-01-21 19:08:54','system',NULL,NULL,'Active','FV002A',25,0),
(392,'1216450241000115',NULL,'ing_011','Apple Flavor TF74467','kg','Flavor','2026-01-21 19:08:54','system',NULL,NULL,'Active','FV003A',25,0),
(393,'1216450241200041',NULL,'ing_012','Blue Curacao Flavor BC-01','kg','Flavor','2026-01-21 19:08:54','system',NULL,NULL,'Active','FV004A',25,0),
(394,'1216450241200088',NULL,'ing_013','Blueberry Flavor Jean Niel TF00115','kg','Flavor','2026-01-21 19:08:54','system',NULL,NULL,'Active','FV005A',25,0),
(395,'1216450241200087',NULL,'ing_014','Blueberry Flavour Roberte 54220','kg','Flavor','2026-01-21 19:08:54','system',NULL,NULL,'Active','FV006A',25,0),
(396,'1216450241000142',NULL,'ing_015','CLASSIC CARAMEL FLAVOUR CR-02,25 Kg/Drum','kg','Flavor','2026-01-21 19:08:54','system',NULL,NULL,'Active','FV007A',25,0),
(397,'1216450241100007',NULL,'ing_016','Caramel Flavor CR-02','kg','Flavor','2026-01-21 19:08:54','system',NULL,NULL,'Active','FV008A',25,0),
(398,'1216450241000098',NULL,'ing_017','Caramel Flavor 911447','kg','Flavor','2026-01-21 19:08:54','system',NULL,NULL,'Active','FV009A',25,0),
(399,'1216450241000099',NULL,'ing_018','Caramel Flavor 963198','kg','Flavor','2026-01-21 19:08:54','system',NULL,NULL,'Active','FV010A',25,0),
(400,'1216450241200048',NULL,'ing_019','Chrysanthemum Flavour GWFA10421, 20kg/d.','kg','Flavor','2026-01-21 19:08:54','system',NULL,NULL,'Active','FV011A',25,0),
(401,'1216450241200038',NULL,'ing_020','Coconut Flavour CN-01','kg','Flavor','2026-01-21 19:08:54','system',NULL,NULL,'Active','FV012A',25,0),
(402,'1216450241200090',NULL,'ing_021','Firmenich Signature Grape F72T827','kg','Flavor','2026-01-21 19:08:54','system',NULL,NULL,'Active','FV013A',25,0),
(403,'1216450241000128',NULL,'ing_022','FRUIT PUNCH FLAVOUR TF68104','kg','Flavor','2026-01-21 19:08:54','system',NULL,NULL,'Active','FV014A',25,0),
(404,'1216450241200046',NULL,'ing_023','Fruity Sweet Flavour DLN1, 20kg/drum.','kg','Flavor','2026-01-21 19:08:54','system',NULL,NULL,'Active','FV015A',25,0),
(405,'1216450241000114',NULL,'ing_024','Hazelnut Flavour TF00622','kg','Flavor','2026-01-21 19:08:54','system',NULL,NULL,'Active','FV016A',25,0),
(406,'1216450241200051',NULL,'ing_025','Herb Flavour 962070 (N670), 20kg/drum.','kg','Flavor','2026-01-21 19:08:54','system',NULL,NULL,'Active','FV017A',25,0),
(407,'1216450241200091',NULL,'ing_026','Jean Niel Grape TF67550','kg','Flavor','2026-01-21 19:08:54','system',NULL,NULL,'Active','FV018A',25,0),
(408,'1216450241200093',NULL,'ing_027','Jean Niel Passion Fruit TF53958','kg','Flavor','2026-01-21 19:08:54','system',NULL,NULL,'Active','FV019A',25,0),
(409,'1216450241200054',NULL,'ing_028','LEMON LIME FLAVOUR 693503','kg','Flavor','2026-01-21 19:08:54','system',NULL,NULL,'Active','FV020C',25,0),
(410,'1216450241200064',NULL,'ing_029','Lime Flavor 001483 (TPM)','kg','Flavor','2026-01-21 19:08:54','system',NULL,NULL,'Active','FV021A',25,0),
(411,'1216450241200063',NULL,'ing_030','Lychee Flavor E22050308 (Mane)','kg','Flavor','2026-01-21 19:08:54','system',NULL,NULL,'Active','FV022A',25,0),
(412,'1216450241200039',NULL,'ing_031','Lychee Flavour LC-01','kg','Flavor','2026-01-21 19:08:54','system',NULL,NULL,'Active','FV023A',25,0),
(413,'1216450241200055',NULL,'ing_032','LYCHEE FLVOUR 484994','kg','Flavor','2026-01-21 19:08:54','system',NULL,NULL,'Active','FV024A',25,0),
(414,'1216450241200049',NULL,'ing_033','Mango Flavour 98AF4572, 20kg/drum','kg','Flavor','2026-01-21 19:08:54','system',NULL,NULL,'Active','FV025A',25,0),
(415,'1216450241200050',NULL,'ing_034','Mango Flavour MG-03, 25kg/drum.','kg','Flavor','2026-01-21 19:08:54','system',NULL,NULL,'Active','FV026A',25,0),
(416,'1216450240000042',NULL,'ing_035','Matcha Flavor S1911999','kg','Flavor','2026-01-21 19:08:54','system',NULL,NULL,'Active','FV027A',25,0),
(417,'1216450241200023',NULL,'ing_036','Melon Flavour ML-01','kg','Flavor','2026-01-21 19:08:54','system',NULL,NULL,'Active','FV028A',25,0),
(418,'1216450241000144',NULL,'ing_037','FRESH MINT FLAVOUR 7.64476, 25 KG/DRUM','kg','Flavor','2026-01-21 19:08:54','system',NULL,NULL,'Active','FV029A',25,0),
(419,'1216450241200045',NULL,'ing_038','Okrong Mango Flavour E20093290,25kg/dr.','kg','Flavor','2026-01-21 19:08:54','system',NULL,NULL,'Active','FV030A',25,0),
(420,'1216450241200059',NULL,'ing_039','Orange 591872 CIP','kg','Flavor','2026-01-21 19:08:54','system',NULL,NULL,'Active','FV031A',25,0),
(421,'1216450241000122',NULL,'ing_040','Passion fruit Flavor 54223','kg','Flavor','2026-01-21 19:08:54','system',NULL,NULL,'Active','FV032A',25,0),
(422,'1216450241200004',NULL,'ing_041','Passion fruit Flavor PF-01','kg','Flavor','2026-01-21 19:08:54','system',NULL,NULL,'Active','FV033A',25,0),
(423,'1216450241000123',NULL,'ing_042','Passion fruit Flavor TH195967','kg','Flavor','2026-01-21 19:08:54','system',NULL,NULL,'Active','FV034A',25,0),
(424,'1216450241000127',NULL,'ing_043','PEACH FLAVOUR 986057','kg','Flavor','2026-01-21 19:08:54','system',NULL,NULL,'Active','FV035A',25,0),
(425,'1216450241200075',NULL,'ing_044','Peach Flavour Firmenich 050001 R10060','kg','Flavor','2026-01-21 19:08:54','system',NULL,NULL,'Active','FV036A',25,0),
(426,'1216450241200076',NULL,'ing_045','Peach Flavour Jean Niel TF65195','kg','Flavor','2026-01-21 19:08:54','system',NULL,NULL,'Active','FV037A',25,0),
(427,'1216450241200095',NULL,'ing_046','Pineapple Flavor IFF TH828995','kg','Flavor','2026-01-21 19:08:54','system',NULL,NULL,'Active','FV038A',25,0),
(428,'1216450241200085',NULL,'ing_047','Pineapple Flavor Mane E23030086','kg','Flavor','2026-01-21 19:08:54','system',NULL,NULL,'Active','FV039A',25,0),
(429,'1216450241200021',NULL,'ing_048','Sala Flavour Givaudan L-F01657','kg','Flavor','2026-01-21 19:08:54','system',NULL,NULL,'Active','FV040A',25,0),
(430,'1216450241200062',NULL,'ing_049','Sala Flavour Mane E20158434','kg','Flavor','2026-01-21 19:08:54','system',NULL,NULL,'Active','FV041A',25,0),
(431,'1216450240000118',NULL,'ing_050','Signature Cream F10T384','kg','Flavor','2026-01-21 19:08:54','system',NULL,NULL,'Active','FV042A',25,0),
(432,'1216450241200002',NULL,'ing_051','Strawberry Flavour ST-01','kg','Flavor','2026-01-21 19:08:54','system',NULL,NULL,'Active','FV043A',25,0),
(433,'1216450241200053',NULL,'ing_052','Strawberry Jam Flavor SC534471','kg','Flavor','2026-01-21 19:08:54','system',NULL,NULL,'Active','FV044A',25,0),
(434,'1216450241100026',NULL,'ing_053','Sugar Flavour SG-01','kg','Flavor','2026-01-21 19:08:54','system',NULL,NULL,'Active','FV045A',25,0),
(435,'1216450241000079',NULL,'ing_054','T.Hasegawa Yuzu THT-893','kg','Flavor','2026-01-21 19:08:54','system',NULL,NULL,'Active','FV046A',25,0),
(436,'1216450241000105',NULL,'ing_055','Vanilla Flavor 65024','kg','Flavor','2026-01-21 19:08:54','system',NULL,NULL,'Active','FV047A',25,0),
(437,'1216450241000119',NULL,'ing_056','Vanilla Flavor 98AF8436','kg','Flavor','2026-01-21 19:08:54','system',NULL,NULL,'Active','FV048A',25,0),
(438,'1216450241000120',NULL,'ing_057','Vanilla Flavor A16182022','kg','Flavor','2026-01-21 19:08:54','system',NULL,NULL,'Active','FV049A',25,0),
(439,'1216450240000124',NULL,'ing_058','White choc. E_22020877','kg','Flavor','2026-01-21 19:08:54','system',NULL,NULL,'Active','FV050A',25,0),
(440,'1216450241000125',NULL,'ing_059','White choc. Flavour 70FM101478','kg','Flavor','2026-01-21 19:08:54','system',NULL,NULL,'Active','FV051A',25,0),
(441,'1216450241200040',NULL,'ing_060','YOUNG COCONUT FLAVOUR 752625','kg','Flavor','2026-01-21 19:08:54','system',NULL,NULL,'Active','FV052A',25,0),
(442,'1216450241100003',NULL,'ing_061','Thai Tea Flavour TH-01','kg','Flavor','2026-01-21 19:08:54','system',NULL,NULL,'Active','FV053A',25,0),
(443,'1216450241000130',NULL,'ing_062','BROWN SUGAR FLAVOUR RP240009','kg','Flavor','2026-01-21 19:08:54','system',NULL,NULL,'Active','FV054A',25,0),
(444,'1216450241000101',NULL,'ing_063','Elderflower Flavor 52788','kg','Flavor','2026-01-21 19:08:54','system',NULL,NULL,'Active','FV055A',25,0),
(445,'1216450241000102',NULL,'ing_064','Elderflower Flavor 7.65165','kg','Flavor','2026-01-21 19:08:54','system',NULL,NULL,'Active','FV056A',25,0),
(446,'1216450241000103',NULL,'ing_065','Elderflower Flavor TF66263','kg','Flavor','2026-01-21 19:08:54','system',NULL,NULL,'Active','FV057A',25,0),
(447,'1216450241000100',NULL,'ing_066','J - forte Rose Flavor FT2018','kg','Flavor','2026-01-21 19:08:54','system',NULL,NULL,'Active','FV058A',25,0),
(448,'1216450241000107',NULL,'ing_067','Natural Pomegranate Flavor 001772','kg','Flavor','2026-01-21 19:08:54','system',NULL,NULL,'Active','FV059A',25,0),
(449,'1216450241000110',NULL,'ing_068','Raspberry Flavor 70FM095070','kg','Flavor','2026-01-21 19:08:54','system',NULL,NULL,'Active','FV060A',25,0),
(450,'1216450241000111',NULL,'ing_069','Raspberry Flavor GWFC10782','kg','Flavor','2026-01-21 19:08:54','system',NULL,NULL,'Active','FV061A',25,0),
(451,'1216450241000097',NULL,'ing_070','Rose Flavor RP2211252','kg','Flavor','2026-01-21 19:08:54','system',NULL,NULL,'Active','FV062A',25,0),
(452,'1216450241000096',NULL,'ing_071','Rose Hip Flavor 957792','kg','Flavor','2026-01-21 19:08:54','system',NULL,NULL,'Active','FV063A',25,0),
(453,'1216450241000106',NULL,'ing_072','Natural Grenadine Flavor T10116600','kg','Flavor','2026-01-21 19:08:54','system',NULL,NULL,'Active','FV064A',25,0),
(454,'1216450241200056',NULL,'ing_073','Kiwi Flavor GWFA10951','kg','Flavor','2026-01-21 19:08:54','system',NULL,NULL,'Active','FV065A',25,0),
(455,'RO','RO','ing_000','RO Water','kg','WATER','2026-01-21 19:08:54','system','2026-01-22 03:29:19','script','Active','X00001',25,0),
(456,'1200000041000029','1200000041000029','1200000041000029','Potassium Sorbate, 25 kgs/bag.','kg','Powder','2026-01-21 19:08:54','system','2026-02-19 03:58:19','Siriworadap','Active','Potassium Sorbate',0.7,0.7),
(458,'511316284100024','5113162841000024','5113162841000024','Citric Acid','kg','Powder','2026-01-21 19:08:54','system','2026-02-19 04:04:31','Siriworadap','Active','Citric Acid',18,18),
(459,'1200000041000032','1200000041000032','1200000041000032','Potasium Chloride (KCl)','kg','XXXX','2026-01-21 19:08:54','system','2026-02-19 06:59:42','Siriworadap','Active','Potasium Chloride (KCl)',25,0),
(460,'1200000041000035','1200000041000035','1200000041000035','Sodium Benzoate, 25 kgs/bag','kg','Powder','2026-01-21 19:08:54','system','2026-02-19 06:44:20','Siriworadap','Active','Sodium Benzoate',25,0),
(461,'1216450241200008','1216450241200008','1216450241200008','Coconut Water Powder, 25 kgs/drum.','kg','Powder','2026-01-21 19:08:54','system','2026-02-19 07:16:05','Siriworadap','Active','Coconut Water Powder',25,0),
(462,NULL,'MIS','MIS-001','MIS','kg','','2026-01-29 01:48:39','cj',NULL,'cj','Active','MIS',1000,0),
(463,NULL,'1200000000000131','1200000000000131','CMC Blanose 7HOF','KG','General','2026-02-07 12:22:13','system',NULL,NULL,'Active','XX0131',25,0),
(464,NULL,'1200000000000132','1200000000000132','Trisodium Citrate','KG','Powder','2026-02-07 12:22:13','system','2026-02-19 04:02:33','Siriworadap','Active','Trisodium Citrate',1,0.6),
(465,NULL,'1200000041000033','1200000041000033','Malic Acid, 25 kgs/bag.','KG','General','2026-02-07 12:22:13','system',NULL,NULL,'Active','XX0033',25,0),
(466,NULL,'1200000041000034','1200000041000034','Magnesium Lactate (PURAMEX MG)25 kg/bag.','KG','Powder','2026-02-07 12:22:13','system','2026-02-19 07:12:21','Siriworadap','Active','Magnesium Lactate',25,0),
(467,NULL,'1216180740000001','1216180740000001','SPORIX','KG','Powder','2026-02-07 12:22:13','system','2026-02-19 04:10:03','Siriworadap','Active','SPORIX',25,25),
(468,NULL,'1216180740000002','1216180740000002','CPK Keltrol','KG','Powder','2026-02-07 12:22:13','system','2026-02-19 04:12:34','Siriworadap','Active','CPK Keltrol',10,10),
(469,NULL,'1216180740000003','1216180740000003','Kelcogel (Gellan Gum)','KG','General','2026-02-07 12:22:13','system',NULL,NULL,'Active','XX0003A',25,0),
(470,NULL,'1216450240000112','1216450240000112','Lumur Vanilla Extrack 2X','KG','General','2026-02-07 12:22:13','system',NULL,NULL,'Active','XX0112',25,0),
(471,NULL,'1216450240000126','1216450240000126','Clear Peach Juice Concentrate 8357','KG','Flavor','2026-02-07 12:22:13','system',NULL,NULL,'Active','FV0126',25,0),
(472,NULL,'1216450240000129','1216450240000129','SIMPLISTICA SY 4210','KG','General','2026-02-07 12:22:13','system',NULL,NULL,'Active','XX0129',25,0),
(473,NULL,'1216450240000131','1216450240000131','Clear Kiwi Juice Concentrate','KG','Flavor','2026-02-07 12:22:13','system',NULL,NULL,'Active','FV0131',25,0),
(474,NULL,'1216450240000140','1216450240000140','Erythritol (Baolingbao) 25kg/bag','KG','General','2026-02-07 12:22:13','system',NULL,NULL,'Active','XX0140',25,0),
(475,NULL,'1216450240000146','1216450240000146','Steviol Glycosides Crest, 20 kg/Box','KG','General','2026-02-07 12:22:13','system',NULL,NULL,'Active','XX0146',25,0),
(476,NULL,'1216450241000077','1216450241000077','NFC Yuzu – DKSH','KG','General','2026-02-07 12:22:13','system',NULL,NULL,'Active','XX0077',25,0),
(477,NULL,'1216450241000078','1216450241000078','YUZU ARTE P 801300','KG','General','2026-02-07 12:22:13','system',NULL,NULL,'Active','XX0078',25,0),
(478,NULL,'1216450241000141','1216450241000141','SWEET MODULATION TH-7439, 20kg/Drum','KG','General','2026-02-07 12:22:14','system',NULL,NULL,'Active','XX0141',25,0),
(479,NULL,'1216450241000145','1216450241000145','Muscat Flavor 592738 C, 25 Kg/Drum','KG','Flavor','2026-02-07 12:22:14','system',NULL,NULL,'Active','FV0145',25,0),
(480,NULL,'1216450241200009','1216450241200009','Strawberry Juice Concentrate.','KG','Flavor','2026-02-07 12:22:14','system',NULL,NULL,'Active','FV0009',25,0),
(481,NULL,'1216450241200042','1216450241200042','Lychee Juice Concentrate.','KG','Flavor','2026-02-07 12:22:14','system',NULL,NULL,'Active','FV0042',25,0),
(482,NULL,'1216450241200044','1216450241200044','Melon Powder, 20 kgs/pack.','KG','General','2026-02-07 12:22:14','system',NULL,NULL,'Active','XX0044',25,0),
(483,NULL,'1216450241200060','1216450241200060','Vitasweet® Ace-K (E950)','KG','Powder','2026-02-07 12:22:14','system','2026-02-19 03:54:48','Siriworadap','Active','Vitasweet® Ace-K (E950)',25,0.5),
(484,NULL,'1216450241200065','1216450241200065','Frozen Strawberry Puree','KG','Flavor','2026-02-07 12:22:14','system',NULL,NULL,'Active','FV0065',25,0),
(485,NULL,'1216450241200066','1216450241200066','Frozen  Lemon Concentrate','KG','Flavor','2026-02-07 12:22:14','system',NULL,NULL,'Active','FV0066',25,0),
(486,NULL,'1216450241200067','1216450241200067','Frozen Apple Jiuce Concentrate','KG','Flavor','2026-02-07 12:22:14','system',NULL,NULL,'Active','FV0067',25,0),
(487,NULL,'1216450241200070','1216450241200070','Frozen Tangerine Concentrate','KG','Flavor','2026-02-07 12:22:14','system',NULL,NULL,'Active','FV0070',25,0),
(488,NULL,'1216450241200071','1216450241200071','Frozen Lychee Puree (Chakkapat)','KG','Flavor','2026-02-07 12:22:14','system',NULL,NULL,'Active','FV0071',25,0),
(489,NULL,'1216450241200072','1216450241200072','Frozen Mango Puree (Nam Dok  Mai)','KG','Flavor','2026-02-07 12:22:14','system',NULL,NULL,'Active','FV0072',25,0),
(490,NULL,'1216450241200073','1216450241200073','Frozen Orange Pulp','KG','General','2026-02-07 12:22:14','system',NULL,NULL,'Active','XX0073',25,0),
(491,NULL,'1216450241200080','1216450241200080','Frozen Dice Orange Peel','KG','General','2026-02-07 12:22:14','system',NULL,NULL,'Active','XX0080',25,0),
(492,NULL,'1216450241200084','1216450241200084','Frozen Pomegranate Concentrate (DKSH)','KG','Flavor','2026-02-07 12:22:14','system',NULL,NULL,'Active','FV0084',25,0),
(493,NULL,'1216450241200086','1216450241200086','Frozen Blueberry Concentrate (IFI)','KG','Flavor','2026-02-07 12:22:14','system',NULL,NULL,'Active','FV0086',25,0),
(494,NULL,'1216450241200089','1216450241200089','Frozen Grape Concentrate','KG','Flavor','2026-02-07 12:22:14','system',NULL,NULL,'Active','FV0089',25,0),
(495,NULL,'1216450241200092','1216450241200092','Frozen Passion Fruit Puree','KG','Flavor','2026-02-07 12:22:14','system',NULL,NULL,'Active','FV0092',25,0),
(496,NULL,'1216450241200094','1216450241200094','Frozen Pineapple Juice Concentrate','KG','Flavor','2026-02-07 12:22:14','system',NULL,NULL,'Active','FV0094',25,0),
(497,NULL,'1216450241200104','1216450241200104','Elderflower Extract Powder','KG','Flavor','2026-02-07 12:22:14','system',NULL,NULL,'Active','FV0104',25,0),
(498,NULL,'1216450241200108','1216450241200108','Raspberry Powder','KG','General','2026-02-07 12:22:15','system',NULL,NULL,'Active','XX0108',25,0),
(499,NULL,'1216450241200113','1216450241200113','Mixed Berry Concentrate','KG','Flavor','2026-02-07 12:22:15','system',NULL,NULL,'Active','FV0113',25,0),
(500,NULL,'1216450241200117','1216450241200117','Apple Juice Concentrate','KG','Flavor','2026-02-07 12:22:15','system',NULL,NULL,'Active','FV0117',25,0),
(501,NULL,'1216450241200121','1216450241200121','Passion fruit puree','KG','Flavor','2026-02-07 12:22:15','system',NULL,NULL,'Active','FV0121',25,0),
(502,NULL,'1216450241200132','1216450241200132','Frozen Lychee Puree (100%)','KG','Flavor','2026-02-07 12:22:15','system',NULL,NULL,'Active','FV0132',25,0),
(503,NULL,'1216450242000037','1216450242000037','Coconut syrup, น้ำเชื่อมตาลมะพร้าว.','KG','General','2026-02-07 12:22:15','system',NULL,NULL,'Active','XX0037',25,0),
(505,NULL,'1235210443000028','1235210443000028','Erythritol, 25 kgs/bag.','KG','General','2026-02-07 12:22:15','system',NULL,NULL,'Active','XX0028',25,0),
(506,NULL,'4114181242000021','4114181242000021','Liquid Glucose, กลูโคสเหลว 80 บริกซ์.','KG','General','2026-02-07 12:22:15','system',NULL,NULL,'Active','XX0021',25,0),
(507,NULL,'5016190043000027','5016190043000027','Sucralose, 1kg * 10/bag.','KG','General','2026-02-07 12:22:15','system',NULL,NULL,'Active','XX0027',25,0),
(508,NULL,'5022130041000036','5022130041000036','NATIONAL FRIGEX CL','KG','Powder','2026-02-07 12:22:15','system','2026-02-19 03:55:59','Siriworadap','Active','NATIONAL FRIGEX CL',25,0.5),
(509,NULL,'5022130042000023','5022130042000023','Modified starch, แป้งดัดแปร, 25 kgs/bag.','KG','General','2026-02-07 12:22:15','system',NULL,NULL,'Active','XX0023',25,0),
(510,NULL,'5022130043000022','5022130043000022','Native tapioca starch แป้งมัน 20 kg/bag.','KG','General','2026-02-07 12:22:15','system',NULL,NULL,'Active','XX0022',25,0),
(511,NULL,'5119160242000025','5119160242000025','Salt, NaCl, เกลือ บรรจุ 400 g,25 kg/bag.','KG','Powder','2026-02-07 12:22:15','system','2026-02-19 04:06:57','Siriworadap','Active','Salt, NaCl',25,25),
(512,NULL,NULL,'ING-001','Ingredient 001','kg',NULL,'2026-02-14 18:04:45','SystemSim',NULL,NULL,'Active','ING-001',25,0),
(513,NULL,NULL,'ING-002','Ingredient 002','kg',NULL,'2026-02-14 18:04:45','SystemSim',NULL,NULL,'Active','ING-002',25,0),
(514,NULL,NULL,'ING-003','Ingredient 003','kg',NULL,'2026-02-14 18:04:45','SystemSim',NULL,NULL,'Active','ING-003',25,0),
(515,NULL,'1217150041000018','1217150041000018',' Instant Textaid A','kg','Powder','2026-02-19 03:46:56','Siriworadap','2026-02-19 03:49:29','Siriworadap','Active','Textaid A',22.7,0.5);
/*!40000 ALTER TABLE `ingredients` ENABLE KEYS */;
UNLOCK TABLES;
COMMIT;
SET AUTOCOMMIT=@OLD_AUTOCOMMIT;

--
-- Table structure for table `packing_records`
--

DROP TABLE IF EXISTS `packing_records`;
/*!40101 SET @saved_cs_client     = @@character_set_client */;
/*!40101 SET character_set_client = utf8mb4 */;
CREATE TABLE `packing_records` (
  `id` int NOT NULL AUTO_INCREMENT,
  `batch_id` int NOT NULL,
  `pack_date` datetime DEFAULT CURRENT_TIMESTAMP,
  `package_type` varchar(50) DEFAULT NULL,
  `quantity` decimal(10,2) NOT NULL,
  `unit` varchar(10) DEFAULT 'pcs',
  PRIMARY KEY (`id`),
  KEY `batch_id` (`batch_id`),
  CONSTRAINT `packing_records_ibfk_1` FOREIGN KEY (`batch_id`) REFERENCES `batches` (`id`)
) ENGINE=InnoDB AUTO_INCREMENT=3 DEFAULT CHARSET=utf8mb4 COLLATE=utf8mb4_0900_ai_ci;
/*!40101 SET character_set_client = @saved_cs_client */;

--
-- Dumping data for table `packing_records`
--

SET @OLD_AUTOCOMMIT=@@AUTOCOMMIT, @@AUTOCOMMIT=0;
LOCK TABLES `packing_records` WRITE;
/*!40000 ALTER TABLE `packing_records` DISABLE KEYS */;
INSERT INTO `packing_records` VALUES
(1,1,'2023-10-10 10:00:00','Box',100.00,'pcs'),
(2,2,'2023-10-10 12:00:00','Box',100.00,'pcs');
/*!40000 ALTER TABLE `packing_records` ENABLE KEYS */;
UNLOCK TABLES;
COMMIT;
SET AUTOCOMMIT=@OLD_AUTOCOMMIT;

--
-- Table structure for table `plants`
--

DROP TABLE IF EXISTS `plants`;
/*!40101 SET @saved_cs_client     = @@character_set_client */;
/*!40101 SET character_set_client = utf8mb4 */;
CREATE TABLE `plants` (
  `id` int NOT NULL AUTO_INCREMENT,
  `plant_id` varchar(50) NOT NULL,
  `plant_name` varchar(100) NOT NULL,
  `created_at` timestamp NULL DEFAULT CURRENT_TIMESTAMP,
  `plant_capacity` float DEFAULT '0',
  `plant_description` varchar(255) DEFAULT NULL,
  `status` varchar(20) DEFAULT 'Active',
  `updated_at` timestamp NULL DEFAULT CURRENT_TIMESTAMP ON UPDATE CURRENT_TIMESTAMP,
  PRIMARY KEY (`id`),
  UNIQUE KEY `plant_code` (`plant_id`),
  UNIQUE KEY `idx_plant_id` (`plant_id`)
) ENGINE=InnoDB AUTO_INCREMENT=13 DEFAULT CHARSET=utf8mb4 COLLATE=utf8mb4_0900_ai_ci;
/*!40101 SET character_set_client = @saved_cs_client */;

--
-- Dumping data for table `plants`
--

SET @OLD_AUTOCOMMIT=@@AUTOCOMMIT, @@AUTOCOMMIT=0;
LOCK TABLES `plants` WRITE;
/*!40000 ALTER TABLE `plants` DISABLE KEYS */;
INSERT INTO `plants` VALUES
(9,'Line-1','Line-1 1,200 kg/Batch','2026-01-21 11:16:48',1200,'Production Line 1 - 1,200 kg/batch','Active','2026-01-21 11:16:48'),
(10,'Line-2','Line-2 1,200 kg/Batch','2026-01-21 11:16:48',1200,'Production Line 2 - 1,200 kg/batch','Active','2026-01-21 11:16:48'),
(11,'Line-3','Line-3 500 kg/Batch','2026-01-21 11:16:48',500,'Production Line 3 - 500 kg/batch','Active','2026-01-21 11:16:48'),
(12,'Line-4','Line-4 2,000','2026-01-21 11:19:40',2000,'','Active','2026-01-21 11:19:40');
/*!40000 ALTER TABLE `plants` ENABLE KEYS */;
UNLOCK TABLES;
COMMIT;
SET AUTOCOMMIT=@OLD_AUTOCOMMIT;

--
-- Table structure for table `prebatch_items`
--

DROP TABLE IF EXISTS `prebatch_items`;
/*!40101 SET @saved_cs_client     = @@character_set_client */;
/*!40101 SET character_set_client = utf8mb4 */;
CREATE TABLE `prebatch_items` (
  `id` int NOT NULL AUTO_INCREMENT,
  `batch_db_id` int NOT NULL,
  `plan_id` varchar(50) DEFAULT NULL,
  `batch_id` varchar(100) DEFAULT NULL,
  `re_code` varchar(50) DEFAULT NULL,
  `ingredient_name` varchar(200) DEFAULT NULL,
  `required_volume` float DEFAULT NULL,
  `wh` varchar(50) DEFAULT NULL,
  `status` int DEFAULT NULL,
  `created_at` timestamp NULL DEFAULT CURRENT_TIMESTAMP,
  `updated_at` timestamp NULL DEFAULT CURRENT_TIMESTAMP,
  PRIMARY KEY (`id`),
  KEY `batch_db_id` (`batch_db_id`),
  KEY `ix_prebatch_items_plan_id` (`plan_id`),
  KEY `ix_prebatch_items_batch_id` (`batch_id`),
  KEY `ix_prebatch_items_re_code` (`re_code`),
  KEY `ix_prebatch_items_id` (`id`),
  CONSTRAINT `prebatch_items_ibfk_1` FOREIGN KEY (`batch_db_id`) REFERENCES `production_batches` (`id`)
) ENGINE=InnoDB AUTO_INCREMENT=246 DEFAULT CHARSET=utf8mb4 COLLATE=utf8mb4_0900_ai_ci;
/*!40101 SET character_set_client = @saved_cs_client */;

--
-- Dumping data for table `prebatch_items`
--

SET @OLD_AUTOCOMMIT=@@AUTOCOMMIT, @@AUTOCOMMIT=0;
LOCK TABLES `prebatch_items` WRITE;
/*!40000 ALTER TABLE `prebatch_items` DISABLE KEYS */;
INSERT INTO `prebatch_items` VALUES
(77,88,'plan-Line-1-2026-02-04-001','plan-Line-1-2026-02-04-001-001','RO-Water','RO-Water',840,'-',0,'2026-02-14 18:30:03','2026-02-14 18:30:03'),
(78,88,'plan-Line-1-2026-02-04-001','plan-Line-1-2026-02-04-001-001','MIS','MIS',480,'-',0,'2026-02-14 18:30:03','2026-02-14 18:30:03'),
(79,89,'plan-Line-1-2026-02-04-001','plan-Line-1-2026-02-04-001-002','RO-Water','RO-Water',840,'-',0,'2026-02-14 18:30:04','2026-02-14 18:30:04'),
(80,89,'plan-Line-1-2026-02-04-001','plan-Line-1-2026-02-04-001-002','MIS','MIS',480,'-',0,'2026-02-14 18:30:04','2026-02-14 18:30:04'),
(81,90,'plan-Line-1-2026-02-04-001','plan-Line-1-2026-02-04-001-003','RO-Water','RO-Water',840,'-',0,'2026-02-14 18:30:05','2026-02-14 18:30:05'),
(82,90,'plan-Line-1-2026-02-04-001','plan-Line-1-2026-02-04-001-003','MIS','MIS',480,'-',0,'2026-02-14 18:30:05','2026-02-14 18:30:05'),
(83,91,'plan-Line-1-2026-02-04-001','plan-Line-1-2026-02-04-001-004','RO-Water','RO-Water',840,'-',0,'2026-02-14 18:30:05','2026-02-14 18:30:05'),
(84,91,'plan-Line-1-2026-02-04-001','plan-Line-1-2026-02-04-001-004','MIS','MIS',480,'-',0,'2026-02-14 18:30:05','2026-02-14 18:30:05'),
(85,92,'plan-Line-1-2026-02-04-001','plan-Line-1-2026-02-04-001-005','RO-Water','RO-Water',840,'-',0,'2026-02-14 18:30:06','2026-02-14 18:30:06'),
(86,92,'plan-Line-1-2026-02-04-001','plan-Line-1-2026-02-04-001-005','MIS','MIS',480,'-',0,'2026-02-14 18:30:06','2026-02-14 18:30:06'),
(87,93,'plan-Line-1-2026-02-07-001','plan-Line-1-2026-02-07-001-001','RO-Water','RO-Water',840,'-',0,'2026-02-14 18:30:07','2026-02-14 18:30:07'),
(88,93,'plan-Line-1-2026-02-07-001','plan-Line-1-2026-02-07-001-001','MIS','MIS',480,'-',0,'2026-02-14 18:30:07','2026-02-14 18:30:07'),
(89,93,'plan-Line-1-2026-02-07-001','plan-Line-1-2026-02-07-001-001','CL001A','Caramel Colour Class III (INS 150c).',0.054,'FH',0,'2026-02-14 18:30:07','2026-02-14 18:30:07'),
(90,93,'plan-Line-1-2026-02-07-001','plan-Line-1-2026-02-07-001-001','FV041A','Sala Flavour Mane E20158434',2.4,'FH',0,'2026-02-14 18:30:07','2026-02-14 18:30:07'),
(91,93,'plan-Line-1-2026-02-07-001','plan-Line-1-2026-02-07-001-001','XX0018','Instant Textaid A',2.76,'SPP',0,'2026-02-14 18:30:07','2026-02-14 18:30:07'),
(92,94,'plan-Line-1-2026-02-07-001','plan-Line-1-2026-02-07-001-002','RO-Water','RO-Water',840,'-',0,'2026-02-14 18:30:08','2026-02-14 18:30:08'),
(93,94,'plan-Line-1-2026-02-07-001','plan-Line-1-2026-02-07-001-002','MIS','MIS',480,'-',0,'2026-02-14 18:30:08','2026-02-14 18:30:08'),
(94,94,'plan-Line-1-2026-02-07-001','plan-Line-1-2026-02-07-001-002','CL001A','Caramel Colour Class III (INS 150c).',0.054,'FH',0,'2026-02-14 18:30:08','2026-02-14 18:30:08'),
(95,94,'plan-Line-1-2026-02-07-001','plan-Line-1-2026-02-07-001-002','FV041A','Sala Flavour Mane E20158434',2.4,'FH',0,'2026-02-14 18:30:08','2026-02-14 18:30:08'),
(96,94,'plan-Line-1-2026-02-07-001','plan-Line-1-2026-02-07-001-002','XX0018','Instant Textaid A',2.76,'SPP',0,'2026-02-14 18:30:08','2026-02-14 18:30:08'),
(97,95,'plan-Line-1-2026-02-07-001','plan-Line-1-2026-02-07-001-003','RO-Water','RO-Water',840,'-',0,'2026-02-14 18:30:09','2026-02-14 18:30:09'),
(98,95,'plan-Line-1-2026-02-07-001','plan-Line-1-2026-02-07-001-003','MIS','MIS',480,'-',0,'2026-02-14 18:30:09','2026-02-14 18:30:09'),
(99,95,'plan-Line-1-2026-02-07-001','plan-Line-1-2026-02-07-001-003','CL001A','Caramel Colour Class III (INS 150c).',0.054,'FH',0,'2026-02-14 18:30:09','2026-02-14 18:30:09'),
(100,95,'plan-Line-1-2026-02-07-001','plan-Line-1-2026-02-07-001-003','FV041A','Sala Flavour Mane E20158434',2.4,'FH',0,'2026-02-14 18:30:09','2026-02-14 18:30:09'),
(101,95,'plan-Line-1-2026-02-07-001','plan-Line-1-2026-02-07-001-003','XX0018','Instant Textaid A',2.76,'SPP',0,'2026-02-14 18:30:09','2026-02-14 18:30:09'),
(102,96,'plan-Line-1-2026-02-07-001','plan-Line-1-2026-02-07-001-004','RO-Water','RO-Water',840,'-',0,'2026-02-14 18:30:10','2026-02-14 18:30:10'),
(103,96,'plan-Line-1-2026-02-07-001','plan-Line-1-2026-02-07-001-004','MIS','MIS',480,'-',0,'2026-02-14 18:30:10','2026-02-14 18:30:10'),
(104,96,'plan-Line-1-2026-02-07-001','plan-Line-1-2026-02-07-001-004','CL001A','Caramel Colour Class III (INS 150c).',0.054,'FH',0,'2026-02-14 18:30:10','2026-02-14 18:30:10'),
(105,96,'plan-Line-1-2026-02-07-001','plan-Line-1-2026-02-07-001-004','FV041A','Sala Flavour Mane E20158434',2.4,'FH',0,'2026-02-14 18:30:10','2026-02-14 18:30:10'),
(106,96,'plan-Line-1-2026-02-07-001','plan-Line-1-2026-02-07-001-004','XX0018','Instant Textaid A',2.76,'SPP',0,'2026-02-14 18:30:10','2026-02-14 18:30:10'),
(107,97,'plan-Line-1-2026-02-07-001','plan-Line-1-2026-02-07-001-005','RO-Water','RO-Water',840,'-',0,'2026-02-14 18:30:11','2026-02-14 18:30:11'),
(108,97,'plan-Line-1-2026-02-07-001','plan-Line-1-2026-02-07-001-005','MIS','MIS',480,'-',0,'2026-02-14 18:30:11','2026-02-14 18:30:11'),
(109,97,'plan-Line-1-2026-02-07-001','plan-Line-1-2026-02-07-001-005','CL001A','Caramel Colour Class III (INS 150c).',0.054,'FH',0,'2026-02-14 18:30:11','2026-02-14 18:30:11'),
(110,97,'plan-Line-1-2026-02-07-001','plan-Line-1-2026-02-07-001-005','FV041A','Sala Flavour Mane E20158434',2.4,'FH',0,'2026-02-14 18:30:11','2026-02-14 18:30:11'),
(111,97,'plan-Line-1-2026-02-07-001','plan-Line-1-2026-02-07-001-005','XX0018','Instant Textaid A',2.76,'SPP',0,'2026-02-14 18:30:11','2026-02-14 18:30:11'),
(112,98,'plan-Line-2-2026-02-07-002','plan-Line-2-2026-02-07-002-001','RO-Water','RO-Water',840,'-',0,'2026-02-14 18:30:12','2026-02-14 18:30:12'),
(113,98,'plan-Line-2-2026-02-07-002','plan-Line-2-2026-02-07-002-001','MIS','MIS',480,'-',0,'2026-02-14 18:30:12','2026-02-14 18:30:12'),
(114,98,'plan-Line-2-2026-02-07-002','plan-Line-2-2026-02-07-002-001','CL001A','Caramel Colour Class III (INS 150c).',0.054,'FH',0,'2026-02-14 18:30:12','2026-02-14 18:30:12'),
(115,98,'plan-Line-2-2026-02-07-002','plan-Line-2-2026-02-07-002-001','FV041A','Sala Flavour Mane E20158434',2.4,'FH',0,'2026-02-14 18:30:12','2026-02-14 18:30:12'),
(116,98,'plan-Line-2-2026-02-07-002','plan-Line-2-2026-02-07-002-001','XX0018','Instant Textaid A',2.76,'SPP',0,'2026-02-14 18:30:12','2026-02-14 18:30:12'),
(117,99,'plan-Line-2-2026-02-07-002','plan-Line-2-2026-02-07-002-002','RO-Water','RO-Water',840,'-',0,'2026-02-14 18:30:13','2026-02-14 18:30:13'),
(118,99,'plan-Line-2-2026-02-07-002','plan-Line-2-2026-02-07-002-002','MIS','MIS',480,'-',0,'2026-02-14 18:30:13','2026-02-14 18:30:13'),
(119,99,'plan-Line-2-2026-02-07-002','plan-Line-2-2026-02-07-002-002','CL001A','Caramel Colour Class III (INS 150c).',0.054,'FH',0,'2026-02-14 18:30:13','2026-02-14 18:30:13'),
(120,99,'plan-Line-2-2026-02-07-002','plan-Line-2-2026-02-07-002-002','FV041A','Sala Flavour Mane E20158434',2.4,'FH',0,'2026-02-14 18:30:13','2026-02-14 18:30:13'),
(121,99,'plan-Line-2-2026-02-07-002','plan-Line-2-2026-02-07-002-002','XX0018','Instant Textaid A',2.76,'SPP',0,'2026-02-14 18:30:13','2026-02-14 18:30:13'),
(122,100,'plan-Line-2-2026-02-07-002','plan-Line-2-2026-02-07-002-003','RO-Water','RO-Water',840,'-',0,'2026-02-14 18:30:14','2026-02-14 18:30:14'),
(123,100,'plan-Line-2-2026-02-07-002','plan-Line-2-2026-02-07-002-003','MIS','MIS',480,'-',0,'2026-02-14 18:30:14','2026-02-14 18:30:14'),
(124,100,'plan-Line-2-2026-02-07-002','plan-Line-2-2026-02-07-002-003','CL001A','Caramel Colour Class III (INS 150c).',0.054,'FH',0,'2026-02-14 18:30:14','2026-02-14 18:30:14'),
(125,100,'plan-Line-2-2026-02-07-002','plan-Line-2-2026-02-07-002-003','FV041A','Sala Flavour Mane E20158434',2.4,'FH',0,'2026-02-14 18:30:14','2026-02-14 18:30:14'),
(126,100,'plan-Line-2-2026-02-07-002','plan-Line-2-2026-02-07-002-003','XX0018','Instant Textaid A',2.76,'SPP',0,'2026-02-14 18:30:14','2026-02-14 18:30:14'),
(127,101,'plan-Line-2-2026-02-07-002','plan-Line-2-2026-02-07-002-004','RO-Water','RO-Water',840,'-',0,'2026-02-14 18:30:15','2026-02-14 18:30:15'),
(128,101,'plan-Line-2-2026-02-07-002','plan-Line-2-2026-02-07-002-004','MIS','MIS',480,'-',0,'2026-02-14 18:30:15','2026-02-14 18:30:15'),
(129,101,'plan-Line-2-2026-02-07-002','plan-Line-2-2026-02-07-002-004','CL001A','Caramel Colour Class III (INS 150c).',0.054,'FH',0,'2026-02-14 18:30:15','2026-02-14 18:30:15'),
(130,101,'plan-Line-2-2026-02-07-002','plan-Line-2-2026-02-07-002-004','FV041A','Sala Flavour Mane E20158434',2.4,'FH',0,'2026-02-14 18:30:15','2026-02-14 18:30:15'),
(131,101,'plan-Line-2-2026-02-07-002','plan-Line-2-2026-02-07-002-004','XX0018','Instant Textaid A',2.76,'SPP',0,'2026-02-14 18:30:15','2026-02-14 18:30:15'),
(132,102,'plan-Line-2-2026-02-07-002','plan-Line-2-2026-02-07-002-005','RO-Water','RO-Water',840,'-',0,'2026-02-14 18:30:16','2026-02-14 18:30:16'),
(133,102,'plan-Line-2-2026-02-07-002','plan-Line-2-2026-02-07-002-005','MIS','MIS',480,'-',0,'2026-02-14 18:30:16','2026-02-14 18:30:16'),
(134,102,'plan-Line-2-2026-02-07-002','plan-Line-2-2026-02-07-002-005','CL001A','Caramel Colour Class III (INS 150c).',0.054,'FH',0,'2026-02-14 18:30:16','2026-02-14 18:30:16'),
(135,102,'plan-Line-2-2026-02-07-002','plan-Line-2-2026-02-07-002-005','FV041A','Sala Flavour Mane E20158434',2.4,'FH',0,'2026-02-14 18:30:16','2026-02-14 18:30:16'),
(136,102,'plan-Line-2-2026-02-07-002','plan-Line-2-2026-02-07-002-005','XX0018','Instant Textaid A',2.76,'SPP',0,'2026-02-14 18:30:16','2026-02-14 18:30:16'),
(137,103,'plan-Line-2-2026-02-07-002','plan-Line-2-2026-02-07-002-006','RO-Water','RO-Water',840,'-',0,'2026-02-14 18:30:16','2026-02-14 18:30:16'),
(138,103,'plan-Line-2-2026-02-07-002','plan-Line-2-2026-02-07-002-006','MIS','MIS',480,'-',0,'2026-02-14 18:30:16','2026-02-14 18:30:16'),
(139,103,'plan-Line-2-2026-02-07-002','plan-Line-2-2026-02-07-002-006','CL001A','Caramel Colour Class III (INS 150c).',0.054,'FH',0,'2026-02-14 18:30:16','2026-02-14 18:30:16'),
(140,103,'plan-Line-2-2026-02-07-002','plan-Line-2-2026-02-07-002-006','FV041A','Sala Flavour Mane E20158434',2.4,'FH',0,'2026-02-14 18:30:17','2026-02-14 18:30:17'),
(141,103,'plan-Line-2-2026-02-07-002','plan-Line-2-2026-02-07-002-006','XX0018','Instant Textaid A',2.76,'SPP',0,'2026-02-14 18:30:17','2026-02-14 18:30:17'),
(142,104,'plan-Line-2-2026-02-07-002','plan-Line-2-2026-02-07-002-007','RO-Water','RO-Water',840,'-',0,'2026-02-14 18:30:18','2026-02-14 18:30:18'),
(143,104,'plan-Line-2-2026-02-07-002','plan-Line-2-2026-02-07-002-007','MIS','MIS',480,'-',0,'2026-02-14 18:30:18','2026-02-14 18:30:18'),
(144,104,'plan-Line-2-2026-02-07-002','plan-Line-2-2026-02-07-002-007','CL001A','Caramel Colour Class III (INS 150c).',0.054,'FH',0,'2026-02-14 18:30:18','2026-02-14 18:30:18'),
(145,104,'plan-Line-2-2026-02-07-002','plan-Line-2-2026-02-07-002-007','FV041A','Sala Flavour Mane E20158434',2.4,'FH',0,'2026-02-14 18:30:19','2026-02-14 18:30:19'),
(146,104,'plan-Line-2-2026-02-07-002','plan-Line-2-2026-02-07-002-007','XX0018','Instant Textaid A',2.76,'SPP',0,'2026-02-14 18:30:19','2026-02-14 18:30:19'),
(147,105,'plan-Line-2-2026-02-07-002','plan-Line-2-2026-02-07-002-008','RO-Water','RO-Water',840,'-',0,'2026-02-14 18:30:20','2026-02-14 18:30:20'),
(148,105,'plan-Line-2-2026-02-07-002','plan-Line-2-2026-02-07-002-008','MIS','MIS',480,'-',0,'2026-02-14 18:30:20','2026-02-14 18:30:20'),
(149,105,'plan-Line-2-2026-02-07-002','plan-Line-2-2026-02-07-002-008','CL001A','Caramel Colour Class III (INS 150c).',0.054,'FH',0,'2026-02-14 18:30:20','2026-02-14 18:30:20'),
(150,105,'plan-Line-2-2026-02-07-002','plan-Line-2-2026-02-07-002-008','FV041A','Sala Flavour Mane E20158434',2.4,'FH',0,'2026-02-14 18:30:20','2026-02-14 18:30:20'),
(151,105,'plan-Line-2-2026-02-07-002','plan-Line-2-2026-02-07-002-008','XX0018','Instant Textaid A',2.76,'SPP',0,'2026-02-14 18:30:20','2026-02-14 18:30:20'),
(152,106,'plan-Line-3-2026-02-07-003','plan-Line-3-2026-02-07-003-001','RO-Water','RO-Water',350,'-',0,'2026-02-14 18:30:21','2026-02-14 18:30:21'),
(153,106,'plan-Line-3-2026-02-07-003','plan-Line-3-2026-02-07-003-001','MIS','MIS',200,'-',0,'2026-02-14 18:30:21','2026-02-14 18:30:21'),
(154,106,'plan-Line-3-2026-02-07-003','plan-Line-3-2026-02-07-003-001','CL001A','Caramel Colour Class III (INS 150c).',0.0225,'FH',0,'2026-02-14 18:30:21','2026-02-14 18:30:21'),
(155,106,'plan-Line-3-2026-02-07-003','plan-Line-3-2026-02-07-003-001','FV041A','Sala Flavour Mane E20158434',1,'FH',0,'2026-02-14 18:30:21','2026-02-14 18:30:21'),
(156,106,'plan-Line-3-2026-02-07-003','plan-Line-3-2026-02-07-003-001','XX0018','Instant Textaid A',1.15,'SPP',0,'2026-02-14 18:30:21','2026-02-14 18:30:21'),
(157,107,'plan-Line-3-2026-02-07-003','plan-Line-3-2026-02-07-003-002','RO-Water','RO-Water',350,'-',0,'2026-02-14 18:30:22','2026-02-14 18:30:22'),
(158,107,'plan-Line-3-2026-02-07-003','plan-Line-3-2026-02-07-003-002','MIS','MIS',200,'-',0,'2026-02-14 18:30:22','2026-02-14 18:30:22'),
(159,107,'plan-Line-3-2026-02-07-003','plan-Line-3-2026-02-07-003-002','CL001A','Caramel Colour Class III (INS 150c).',0.0225,'FH',0,'2026-02-14 18:30:22','2026-02-14 18:30:22'),
(160,107,'plan-Line-3-2026-02-07-003','plan-Line-3-2026-02-07-003-002','FV041A','Sala Flavour Mane E20158434',1,'FH',0,'2026-02-14 18:30:22','2026-02-14 18:30:22'),
(161,107,'plan-Line-3-2026-02-07-003','plan-Line-3-2026-02-07-003-002','XX0018','Instant Textaid A',1.15,'SPP',0,'2026-02-14 18:30:22','2026-02-14 18:30:22'),
(162,108,'plan-Line-3-2026-02-07-003','plan-Line-3-2026-02-07-003-003','RO-Water','RO-Water',350,'-',0,'2026-02-14 18:30:23','2026-02-14 18:30:23'),
(163,108,'plan-Line-3-2026-02-07-003','plan-Line-3-2026-02-07-003-003','MIS','MIS',200,'-',0,'2026-02-14 18:30:23','2026-02-14 18:30:23'),
(164,108,'plan-Line-3-2026-02-07-003','plan-Line-3-2026-02-07-003-003','CL001A','Caramel Colour Class III (INS 150c).',0.0225,'FH',0,'2026-02-14 18:30:23','2026-02-14 18:30:23'),
(165,108,'plan-Line-3-2026-02-07-003','plan-Line-3-2026-02-07-003-003','FV041A','Sala Flavour Mane E20158434',1,'FH',0,'2026-02-14 18:30:23','2026-02-14 18:30:23'),
(166,108,'plan-Line-3-2026-02-07-003','plan-Line-3-2026-02-07-003-003','XX0018','Instant Textaid A',1.15,'SPP',0,'2026-02-14 18:30:23','2026-02-14 18:30:23'),
(167,109,'plan-Line-3-2026-02-07-003','plan-Line-3-2026-02-07-003-004','RO-Water','RO-Water',350,'-',0,'2026-02-14 18:30:24','2026-02-14 18:30:24'),
(168,109,'plan-Line-3-2026-02-07-003','plan-Line-3-2026-02-07-003-004','MIS','MIS',200,'-',0,'2026-02-14 18:30:24','2026-02-14 18:30:24'),
(169,109,'plan-Line-3-2026-02-07-003','plan-Line-3-2026-02-07-003-004','CL001A','Caramel Colour Class III (INS 150c).',0.0225,'FH',0,'2026-02-14 18:30:24','2026-02-14 18:30:24'),
(170,109,'plan-Line-3-2026-02-07-003','plan-Line-3-2026-02-07-003-004','FV041A','Sala Flavour Mane E20158434',1,'FH',0,'2026-02-14 18:30:24','2026-02-14 18:30:24'),
(171,109,'plan-Line-3-2026-02-07-003','plan-Line-3-2026-02-07-003-004','XX0018','Instant Textaid A',1.15,'SPP',0,'2026-02-14 18:30:24','2026-02-14 18:30:24'),
(172,110,'plan-Line-3-2026-02-07-003','plan-Line-3-2026-02-07-003-005','RO-Water','RO-Water',350,'-',0,'2026-02-14 18:30:24','2026-02-14 18:30:24'),
(173,110,'plan-Line-3-2026-02-07-003','plan-Line-3-2026-02-07-003-005','MIS','MIS',200,'-',0,'2026-02-14 18:30:24','2026-02-14 18:30:24'),
(174,110,'plan-Line-3-2026-02-07-003','plan-Line-3-2026-02-07-003-005','CL001A','Caramel Colour Class III (INS 150c).',0.0225,'FH',0,'2026-02-14 18:30:25','2026-02-14 18:30:25'),
(175,110,'plan-Line-3-2026-02-07-003','plan-Line-3-2026-02-07-003-005','FV041A','Sala Flavour Mane E20158434',1,'FH',0,'2026-02-14 18:30:25','2026-02-14 18:30:25'),
(176,110,'plan-Line-3-2026-02-07-003','plan-Line-3-2026-02-07-003-005','XX0018','Instant Textaid A',1.15,'SPP',0,'2026-02-14 18:30:25','2026-02-14 18:30:25'),
(177,111,'plan-Line-3-2026-02-07-003','plan-Line-3-2026-02-07-003-006','RO-Water','RO-Water',350,'-',0,'2026-02-14 18:30:25','2026-02-14 18:30:25'),
(178,111,'plan-Line-3-2026-02-07-003','plan-Line-3-2026-02-07-003-006','MIS','MIS',200,'-',0,'2026-02-14 18:30:25','2026-02-14 18:30:25'),
(179,111,'plan-Line-3-2026-02-07-003','plan-Line-3-2026-02-07-003-006','CL001A','Caramel Colour Class III (INS 150c).',0.0225,'FH',0,'2026-02-14 18:30:25','2026-02-14 18:30:25'),
(180,111,'plan-Line-3-2026-02-07-003','plan-Line-3-2026-02-07-003-006','FV041A','Sala Flavour Mane E20158434',1,'FH',0,'2026-02-14 18:30:25','2026-02-14 18:30:25'),
(181,111,'plan-Line-3-2026-02-07-003','plan-Line-3-2026-02-07-003-006','XX0018','Instant Textaid A',1.15,'SPP',0,'2026-02-14 18:30:26','2026-02-14 18:30:26'),
(182,112,'plan-Line-3-2026-02-07-003','plan-Line-3-2026-02-07-003-007','RO-Water','RO-Water',350,'-',0,'2026-02-14 18:30:26','2026-02-14 18:30:26'),
(183,112,'plan-Line-3-2026-02-07-003','plan-Line-3-2026-02-07-003-007','MIS','MIS',200,'-',0,'2026-02-14 18:30:26','2026-02-14 18:30:26'),
(184,112,'plan-Line-3-2026-02-07-003','plan-Line-3-2026-02-07-003-007','CL001A','Caramel Colour Class III (INS 150c).',0.0225,'FH',0,'2026-02-14 18:30:26','2026-02-14 18:30:26'),
(185,112,'plan-Line-3-2026-02-07-003','plan-Line-3-2026-02-07-003-007','FV041A','Sala Flavour Mane E20158434',1,'FH',0,'2026-02-14 18:30:26','2026-02-14 18:30:26'),
(186,112,'plan-Line-3-2026-02-07-003','plan-Line-3-2026-02-07-003-007','XX0018','Instant Textaid A',1.15,'SPP',0,'2026-02-14 18:30:26','2026-02-14 18:30:26'),
(187,113,'plan-Line-3-2026-02-07-003','plan-Line-3-2026-02-07-003-008','RO-Water','RO-Water',350,'-',0,'2026-02-14 18:30:27','2026-02-14 18:30:27'),
(188,113,'plan-Line-3-2026-02-07-003','plan-Line-3-2026-02-07-003-008','MIS','MIS',200,'-',0,'2026-02-14 18:30:27','2026-02-14 18:30:27'),
(189,113,'plan-Line-3-2026-02-07-003','plan-Line-3-2026-02-07-003-008','CL001A','Caramel Colour Class III (INS 150c).',0.0225,'FH',0,'2026-02-14 18:30:27','2026-02-14 18:30:27'),
(190,113,'plan-Line-3-2026-02-07-003','plan-Line-3-2026-02-07-003-008','FV041A','Sala Flavour Mane E20158434',1,'FH',0,'2026-02-14 18:30:27','2026-02-14 18:30:27'),
(191,113,'plan-Line-3-2026-02-07-003','plan-Line-3-2026-02-07-003-008','XX0018','Instant Textaid A',1.15,'SPP',0,'2026-02-14 18:30:27','2026-02-14 18:30:27'),
(192,114,'plan-Line-3-2026-02-07-003','plan-Line-3-2026-02-07-003-009','RO-Water','RO-Water',350,'-',0,'2026-02-14 18:30:28','2026-02-14 18:30:28'),
(193,114,'plan-Line-3-2026-02-07-003','plan-Line-3-2026-02-07-003-009','MIS','MIS',200,'-',0,'2026-02-14 18:30:28','2026-02-14 18:30:28'),
(194,114,'plan-Line-3-2026-02-07-003','plan-Line-3-2026-02-07-003-009','CL001A','Caramel Colour Class III (INS 150c).',0.0225,'FH',0,'2026-02-14 18:30:28','2026-02-14 18:30:28'),
(195,114,'plan-Line-3-2026-02-07-003','plan-Line-3-2026-02-07-003-009','FV041A','Sala Flavour Mane E20158434',1,'FH',0,'2026-02-14 18:30:28','2026-02-14 18:30:28'),
(196,114,'plan-Line-3-2026-02-07-003','plan-Line-3-2026-02-07-003-009','XX0018','Instant Textaid A',1.15,'SPP',0,'2026-02-14 18:30:28','2026-02-14 18:30:28'),
(197,115,'plan-Line-3-2026-02-07-003','plan-Line-3-2026-02-07-003-010','RO-Water','RO-Water',350,'-',0,'2026-02-14 18:30:29','2026-02-14 18:30:29'),
(198,115,'plan-Line-3-2026-02-07-003','plan-Line-3-2026-02-07-003-010','MIS','MIS',200,'-',0,'2026-02-14 18:30:29','2026-02-14 18:30:29'),
(199,115,'plan-Line-3-2026-02-07-003','plan-Line-3-2026-02-07-003-010','CL001A','Caramel Colour Class III (INS 150c).',0.0225,'FH',0,'2026-02-14 18:30:29','2026-02-14 18:30:29'),
(200,115,'plan-Line-3-2026-02-07-003','plan-Line-3-2026-02-07-003-010','FV041A','Sala Flavour Mane E20158434',1,'FH',0,'2026-02-14 18:30:29','2026-02-14 18:30:29'),
(201,115,'plan-Line-3-2026-02-07-003','plan-Line-3-2026-02-07-003-010','XX0018','Instant Textaid A',1.15,'SPP',0,'2026-02-14 18:30:29','2026-02-14 18:30:29'),
(202,116,'plan-Line-3-2026-02-07-003','plan-Line-3-2026-02-07-003-011','RO-Water','RO-Water',350,'-',0,'2026-02-14 18:30:30','2026-02-14 18:30:30'),
(203,116,'plan-Line-3-2026-02-07-003','plan-Line-3-2026-02-07-003-011','MIS','MIS',200,'-',0,'2026-02-14 18:30:30','2026-02-14 18:30:30'),
(204,116,'plan-Line-3-2026-02-07-003','plan-Line-3-2026-02-07-003-011','CL001A','Caramel Colour Class III (INS 150c).',0.0225,'FH',0,'2026-02-14 18:30:30','2026-02-14 18:30:30'),
(205,116,'plan-Line-3-2026-02-07-003','plan-Line-3-2026-02-07-003-011','FV041A','Sala Flavour Mane E20158434',1,'FH',0,'2026-02-14 18:30:30','2026-02-14 18:30:30'),
(206,116,'plan-Line-3-2026-02-07-003','plan-Line-3-2026-02-07-003-011','XX0018','Instant Textaid A',1.15,'SPP',0,'2026-02-14 18:30:30','2026-02-14 18:30:30'),
(207,117,'plan-Line-3-2026-02-07-003','plan-Line-3-2026-02-07-003-012','RO-Water','RO-Water',350,'-',0,'2026-02-14 18:30:31','2026-02-14 18:30:31'),
(208,117,'plan-Line-3-2026-02-07-003','plan-Line-3-2026-02-07-003-012','MIS','MIS',200,'-',0,'2026-02-14 18:30:31','2026-02-14 18:30:31'),
(209,117,'plan-Line-3-2026-02-07-003','plan-Line-3-2026-02-07-003-012','CL001A','Caramel Colour Class III (INS 150c).',0.0225,'FH',0,'2026-02-14 18:30:31','2026-02-14 18:30:31'),
(210,117,'plan-Line-3-2026-02-07-003','plan-Line-3-2026-02-07-003-012','FV041A','Sala Flavour Mane E20158434',1,'FH',0,'2026-02-14 18:30:31','2026-02-14 18:30:31'),
(211,117,'plan-Line-3-2026-02-07-003','plan-Line-3-2026-02-07-003-012','XX0018','Instant Textaid A',1.15,'SPP',0,'2026-02-14 18:30:31','2026-02-14 18:30:31'),
(212,118,'plan-Line-3-2026-02-07-003','plan-Line-3-2026-02-07-003-013','RO-Water','RO-Water',350,'-',0,'2026-02-14 18:30:32','2026-02-14 18:30:32'),
(213,118,'plan-Line-3-2026-02-07-003','plan-Line-3-2026-02-07-003-013','MIS','MIS',200,'-',0,'2026-02-14 18:30:32','2026-02-14 18:30:32'),
(214,118,'plan-Line-3-2026-02-07-003','plan-Line-3-2026-02-07-003-013','CL001A','Caramel Colour Class III (INS 150c).',0.0225,'FH',0,'2026-02-14 18:30:32','2026-02-14 18:30:32'),
(215,118,'plan-Line-3-2026-02-07-003','plan-Line-3-2026-02-07-003-013','FV041A','Sala Flavour Mane E20158434',1,'FH',0,'2026-02-14 18:30:32','2026-02-14 18:30:32'),
(216,118,'plan-Line-3-2026-02-07-003','plan-Line-3-2026-02-07-003-013','XX0018','Instant Textaid A',1.15,'SPP',0,'2026-02-14 18:30:32','2026-02-14 18:30:32'),
(217,119,'plan-Line-3-2026-02-07-003','plan-Line-3-2026-02-07-003-014','RO-Water','RO-Water',350,'-',0,'2026-02-14 18:30:33','2026-02-14 18:30:33'),
(218,119,'plan-Line-3-2026-02-07-003','plan-Line-3-2026-02-07-003-014','MIS','MIS',200,'-',0,'2026-02-14 18:30:33','2026-02-14 18:30:33'),
(219,119,'plan-Line-3-2026-02-07-003','plan-Line-3-2026-02-07-003-014','CL001A','Caramel Colour Class III (INS 150c).',0.0225,'FH',0,'2026-02-14 18:30:33','2026-02-14 18:30:33'),
(220,119,'plan-Line-3-2026-02-07-003','plan-Line-3-2026-02-07-003-014','FV041A','Sala Flavour Mane E20158434',1,'FH',0,'2026-02-14 18:30:33','2026-02-14 18:30:33'),
(221,119,'plan-Line-3-2026-02-07-003','plan-Line-3-2026-02-07-003-014','XX0018','Instant Textaid A',1.15,'SPP',0,'2026-02-14 18:30:33','2026-02-14 18:30:33'),
(222,120,'plan-Line-3-2026-02-07-003','plan-Line-3-2026-02-07-003-015','RO-Water','RO-Water',350,'-',0,'2026-02-14 18:30:34','2026-02-14 18:30:34'),
(223,120,'plan-Line-3-2026-02-07-003','plan-Line-3-2026-02-07-003-015','MIS','MIS',200,'-',0,'2026-02-14 18:30:34','2026-02-14 18:30:34'),
(224,120,'plan-Line-3-2026-02-07-003','plan-Line-3-2026-02-07-003-015','CL001A','Caramel Colour Class III (INS 150c).',0.0225,'FH',0,'2026-02-14 18:30:34','2026-02-14 18:30:34'),
(225,120,'plan-Line-3-2026-02-07-003','plan-Line-3-2026-02-07-003-015','FV041A','Sala Flavour Mane E20158434',1,'FH',0,'2026-02-14 18:30:34','2026-02-14 18:30:34'),
(226,120,'plan-Line-3-2026-02-07-003','plan-Line-3-2026-02-07-003-015','XX0018','Instant Textaid A',1.15,'SPP',0,'2026-02-14 18:30:34','2026-02-14 18:30:34'),
(227,121,'plan-Line-3-2026-02-07-003','plan-Line-3-2026-02-07-003-016','RO-Water','RO-Water',350,'-',0,'2026-02-14 18:30:35','2026-02-14 18:30:35'),
(228,121,'plan-Line-3-2026-02-07-003','plan-Line-3-2026-02-07-003-016','MIS','MIS',200,'-',0,'2026-02-14 18:30:35','2026-02-14 18:30:35'),
(229,121,'plan-Line-3-2026-02-07-003','plan-Line-3-2026-02-07-003-016','CL001A','Caramel Colour Class III (INS 150c).',0.0225,'FH',0,'2026-02-14 18:30:35','2026-02-14 18:30:35'),
(230,121,'plan-Line-3-2026-02-07-003','plan-Line-3-2026-02-07-003-016','FV041A','Sala Flavour Mane E20158434',1,'FH',0,'2026-02-14 18:30:35','2026-02-14 18:30:35'),
(231,121,'plan-Line-3-2026-02-07-003','plan-Line-3-2026-02-07-003-016','XX0018','Instant Textaid A',1.15,'SPP',0,'2026-02-14 18:30:35','2026-02-14 18:30:35'),
(232,123,'plan-SimPlant-2026-02-15-001','plan-SimPlant-2026-02-15-001-001','RO-Water','RO-Water',700,'-',0,'2026-02-14 18:30:35','2026-02-14 18:30:35'),
(233,123,'plan-SimPlant-2026-02-15-001','plan-SimPlant-2026-02-15-001-001','MIS','MIS',400,'-',0,'2026-02-14 18:30:35','2026-02-14 18:30:35'),
(234,124,'plan-SimPlant-2026-02-15-001','plan-SimPlant-2026-02-15-001-002','RO-Water','RO-Water',700,'-',0,'2026-02-14 18:30:36','2026-02-14 18:30:36'),
(235,124,'plan-SimPlant-2026-02-15-001','plan-SimPlant-2026-02-15-001-002','MIS','MIS',400,'-',0,'2026-02-14 18:30:36','2026-02-14 18:30:36'),
(236,129,'plan-Line-2-2026-02-15-001','plan-Line-2-2026-02-15-001-001','RO-Water','RO-Water',70,'-',0,'2026-02-14 18:30:37','2026-02-14 18:30:37'),
(237,129,'plan-Line-2-2026-02-15-001','plan-Line-2-2026-02-15-001-001','MIS','MIS',40,'-',0,'2026-02-14 18:30:37','2026-02-14 18:30:37'),
(238,129,'plan-Line-2-2026-02-15-001','plan-Line-2-2026-02-15-001-001','CL001A','Caramel Colour Class III (INS 150c).',0.0045,'FH',0,'2026-02-14 18:30:37','2026-02-14 18:30:37'),
(239,129,'plan-Line-2-2026-02-15-001','plan-Line-2-2026-02-15-001-001','FV041A','Sala Flavour Mane E20158434',0.2,'FH',0,'2026-02-14 18:30:37','2026-02-14 18:30:37'),
(240,129,'plan-Line-2-2026-02-15-001','plan-Line-2-2026-02-15-001-001','XX0018','Instant Textaid A',0.23,'SPP',0,'2026-02-14 18:30:37','2026-02-14 18:30:37'),
(241,130,'plan-Line-2-2026-02-15-001','plan-Line-2-2026-02-15-001-002','RO-Water','RO-Water',70,'-',0,'2026-02-14 18:30:38','2026-02-14 18:30:38'),
(242,130,'plan-Line-2-2026-02-15-001','plan-Line-2-2026-02-15-001-002','MIS','MIS',40,'-',0,'2026-02-14 18:30:38','2026-02-14 18:30:38'),
(243,130,'plan-Line-2-2026-02-15-001','plan-Line-2-2026-02-15-001-002','CL001A','Caramel Colour Class III (INS 150c).',0.0045,'FH',0,'2026-02-14 18:30:38','2026-02-14 18:30:38'),
(244,130,'plan-Line-2-2026-02-15-001','plan-Line-2-2026-02-15-001-002','FV041A','Sala Flavour Mane E20158434',0.2,'FH',0,'2026-02-14 18:30:38','2026-02-14 18:30:38'),
(245,130,'plan-Line-2-2026-02-15-001','plan-Line-2-2026-02-15-001-002','XX0018','Instant Textaid A',0.23,'SPP',0,'2026-02-14 18:30:38','2026-02-14 18:30:38');
/*!40000 ALTER TABLE `prebatch_items` ENABLE KEYS */;
UNLOCK TABLES;
COMMIT;
SET AUTOCOMMIT=@OLD_AUTOCOMMIT;

--
-- Table structure for table `prebatch_recs`
--

DROP TABLE IF EXISTS `prebatch_recs`;
/*!40101 SET @saved_cs_client     = @@character_set_client */;
/*!40101 SET character_set_client = utf8mb4 */;
CREATE TABLE `prebatch_recs` (
  `id` int NOT NULL AUTO_INCREMENT,
  `req_id` int DEFAULT NULL,
  `batch_record_id` varchar(100) NOT NULL,
  `plan_id` varchar(50) DEFAULT NULL,
  `re_code` varchar(50) DEFAULT NULL,
  `package_no` int DEFAULT NULL,
  `total_packages` int DEFAULT NULL,
  `net_volume` float DEFAULT NULL,
  `total_volume` float DEFAULT NULL,
  `total_request_volume` float DEFAULT NULL,
  `intake_lot_id` varchar(50) DEFAULT NULL,
  `created_at` timestamp NULL DEFAULT CURRENT_TIMESTAMP,
  PRIMARY KEY (`id`),
  UNIQUE KEY `ix_prebatch_recs_batch_record_id` (`batch_record_id`),
  KEY `req_id` (`req_id`),
  KEY `ix_prebatch_recs_intake_lot_id` (`intake_lot_id`),
  KEY `ix_prebatch_recs_id` (`id`),
  KEY `ix_prebatch_recs_re_code` (`re_code`),
  KEY `ix_prebatch_recs_plan_id` (`plan_id`),
  CONSTRAINT `prebatch_recs_ibfk_1` FOREIGN KEY (`req_id`) REFERENCES `prebatch_reqs` (`id`)
) ENGINE=InnoDB AUTO_INCREMENT=426 DEFAULT CHARSET=utf8mb4 COLLATE=utf8mb4_0900_ai_ci;
/*!40101 SET character_set_client = @saved_cs_client */;

--
-- Dumping data for table `prebatch_recs`
--

SET @OLD_AUTOCOMMIT=@@AUTOCOMMIT, @@AUTOCOMMIT=0;
LOCK TABLES `prebatch_recs` WRITE;
/*!40000 ALTER TABLE `prebatch_recs` DISABLE KEYS */;
INSERT INTO `prebatch_recs` VALUES
(171,156,'plan-Line-1-2026-02-04-001-001-RO-Water','plan-Line-1-2026-02-04-001','RO-Water',1,1,840,840,840,'SIMULATED','2026-02-14 18:37:57'),
(172,157,'plan-Line-1-2026-02-04-001-001-MIS','plan-Line-1-2026-02-04-001','MIS',1,1,480,480,480,'SIMULATED','2026-02-14 18:37:57'),
(173,158,'plan-Line-1-2026-02-04-001-002-RO-Water','plan-Line-1-2026-02-04-001','RO-Water',1,1,840,840,840,'SIMULATED','2026-02-14 18:37:57'),
(174,159,'plan-Line-1-2026-02-04-001-002-MIS','plan-Line-1-2026-02-04-001','MIS',1,1,480,480,480,'SIMULATED','2026-02-14 18:37:57'),
(175,160,'plan-Line-1-2026-02-04-001-003-RO-Water','plan-Line-1-2026-02-04-001','RO-Water',1,1,840,840,840,'SIMULATED','2026-02-14 18:37:57'),
(176,161,'plan-Line-1-2026-02-04-001-003-MIS','plan-Line-1-2026-02-04-001','MIS',1,1,480,480,480,'SIMULATED','2026-02-14 18:37:57'),
(177,162,'plan-Line-1-2026-02-04-001-004-RO-Water','plan-Line-1-2026-02-04-001','RO-Water',1,1,840,840,840,'SIMULATED','2026-02-14 18:37:57'),
(178,163,'plan-Line-1-2026-02-04-001-004-MIS','plan-Line-1-2026-02-04-001','MIS',1,1,480,480,480,'SIMULATED','2026-02-14 18:37:57'),
(179,164,'plan-Line-1-2026-02-04-001-005-RO-Water','plan-Line-1-2026-02-04-001','RO-Water',1,1,840,840,840,'SIMULATED','2026-02-14 18:37:57'),
(180,165,'plan-Line-1-2026-02-04-001-005-MIS','plan-Line-1-2026-02-04-001','MIS',1,1,480,480,480,'SIMULATED','2026-02-14 18:37:57'),
(181,166,'plan-Line-1-2026-02-07-001-001-RO-Water','plan-Line-1-2026-02-07-001','RO-Water',1,1,840,840,840,'SIMULATED','2026-02-14 18:37:57'),
(182,167,'plan-Line-1-2026-02-07-001-001-MIS','plan-Line-1-2026-02-07-001','MIS',1,1,480,480,480,'SIMULATED','2026-02-14 18:37:57'),
(183,168,'plan-Line-1-2026-02-07-001-001-CL001A','plan-Line-1-2026-02-07-001','CL001A',1,1,0.054,0.054,0.054,'SIMULATED','2026-02-14 18:37:57'),
(184,169,'plan-Line-1-2026-02-07-001-001-FV041A','plan-Line-1-2026-02-07-001','FV041A',1,1,2.4,2.4,2.4,'SIMULATED','2026-02-14 18:37:57'),
(185,170,'plan-Line-1-2026-02-07-001-001-XX0018','plan-Line-1-2026-02-07-001','XX0018',1,1,2.76,2.76,2.76,'SIMULATED','2026-02-14 18:37:57'),
(186,171,'plan-Line-1-2026-02-07-001-002-RO-Water','plan-Line-1-2026-02-07-001','RO-Water',1,1,840,840,840,'SIMULATED','2026-02-14 18:37:57'),
(187,172,'plan-Line-1-2026-02-07-001-002-MIS','plan-Line-1-2026-02-07-001','MIS',1,1,480,480,480,'SIMULATED','2026-02-14 18:37:57'),
(188,173,'plan-Line-1-2026-02-07-001-002-CL001A','plan-Line-1-2026-02-07-001','CL001A',1,1,0.054,0.054,0.054,'SIMULATED','2026-02-14 18:37:57'),
(189,174,'plan-Line-1-2026-02-07-001-002-FV041A','plan-Line-1-2026-02-07-001','FV041A',1,1,2.4,2.4,2.4,'SIMULATED','2026-02-14 18:37:57'),
(190,175,'plan-Line-1-2026-02-07-001-002-XX0018','plan-Line-1-2026-02-07-001','XX0018',1,1,2.76,2.76,2.76,'SIMULATED','2026-02-14 18:37:57'),
(191,176,'plan-Line-1-2026-02-07-001-003-RO-Water','plan-Line-1-2026-02-07-001','RO-Water',1,1,840,840,840,'SIMULATED','2026-02-14 18:37:57'),
(192,177,'plan-Line-1-2026-02-07-001-003-MIS','plan-Line-1-2026-02-07-001','MIS',1,1,480,480,480,'SIMULATED','2026-02-14 18:37:57'),
(193,178,'plan-Line-1-2026-02-07-001-003-CL001A','plan-Line-1-2026-02-07-001','CL001A',1,1,0.054,0.054,0.054,'SIMULATED','2026-02-14 18:37:57'),
(194,179,'plan-Line-1-2026-02-07-001-003-FV041A','plan-Line-1-2026-02-07-001','FV041A',1,1,2.4,2.4,2.4,'SIMULATED','2026-02-14 18:37:57'),
(195,180,'plan-Line-1-2026-02-07-001-003-XX0018','plan-Line-1-2026-02-07-001','XX0018',1,1,2.76,2.76,2.76,'SIMULATED','2026-02-14 18:37:57'),
(196,181,'plan-Line-1-2026-02-07-001-004-RO-Water','plan-Line-1-2026-02-07-001','RO-Water',1,1,840,840,840,'SIMULATED','2026-02-14 18:37:57'),
(197,182,'plan-Line-1-2026-02-07-001-004-MIS','plan-Line-1-2026-02-07-001','MIS',1,1,480,480,480,'SIMULATED','2026-02-14 18:37:57'),
(198,183,'plan-Line-1-2026-02-07-001-004-CL001A','plan-Line-1-2026-02-07-001','CL001A',1,1,0.054,0.054,0.054,'SIMULATED','2026-02-14 18:37:57'),
(199,184,'plan-Line-1-2026-02-07-001-004-FV041A','plan-Line-1-2026-02-07-001','FV041A',1,1,2.4,2.4,2.4,'SIMULATED','2026-02-14 18:37:57'),
(200,185,'plan-Line-1-2026-02-07-001-004-XX0018','plan-Line-1-2026-02-07-001','XX0018',1,1,2.76,2.76,2.76,'SIMULATED','2026-02-14 18:37:57'),
(201,186,'plan-Line-1-2026-02-07-001-005-RO-Water','plan-Line-1-2026-02-07-001','RO-Water',1,1,840,840,840,'SIMULATED','2026-02-14 18:37:57'),
(202,187,'plan-Line-1-2026-02-07-001-005-MIS','plan-Line-1-2026-02-07-001','MIS',1,1,480,480,480,'SIMULATED','2026-02-14 18:37:57'),
(203,188,'plan-Line-1-2026-02-07-001-005-CL001A','plan-Line-1-2026-02-07-001','CL001A',1,1,0.054,0.054,0.054,'SIMULATED','2026-02-14 18:37:57'),
(204,189,'plan-Line-1-2026-02-07-001-005-FV041A','plan-Line-1-2026-02-07-001','FV041A',1,1,2.4,2.4,2.4,'SIMULATED','2026-02-14 18:37:57'),
(205,190,'plan-Line-1-2026-02-07-001-005-XX0018','plan-Line-1-2026-02-07-001','XX0018',1,1,2.76,2.76,2.76,'SIMULATED','2026-02-14 18:37:57'),
(206,191,'plan-Line-2-2026-02-07-002-001-RO-Water','plan-Line-2-2026-02-07-002','RO-Water',1,1,840,840,840,'SIMULATED','2026-02-14 18:37:57'),
(207,192,'plan-Line-2-2026-02-07-002-001-MIS','plan-Line-2-2026-02-07-002','MIS',1,1,480,480,480,'SIMULATED','2026-02-14 18:37:57'),
(208,193,'plan-Line-2-2026-02-07-002-001-CL001A','plan-Line-2-2026-02-07-002','CL001A',1,1,0.054,0.054,0.054,'SIMULATED','2026-02-14 18:37:57'),
(209,194,'plan-Line-2-2026-02-07-002-001-FV041A','plan-Line-2-2026-02-07-002','FV041A',1,1,2.4,2.4,2.4,'SIMULATED','2026-02-14 18:37:57'),
(210,195,'plan-Line-2-2026-02-07-002-001-XX0018','plan-Line-2-2026-02-07-002','XX0018',1,1,2.76,2.76,2.76,'SIMULATED','2026-02-14 18:37:57'),
(211,196,'plan-Line-2-2026-02-07-002-002-RO-Water','plan-Line-2-2026-02-07-002','RO-Water',1,1,840,840,840,'SIMULATED','2026-02-14 18:37:57'),
(212,197,'plan-Line-2-2026-02-07-002-002-MIS','plan-Line-2-2026-02-07-002','MIS',1,1,480,480,480,'SIMULATED','2026-02-14 18:37:57'),
(213,198,'plan-Line-2-2026-02-07-002-002-CL001A','plan-Line-2-2026-02-07-002','CL001A',1,1,0.054,0.054,0.054,'SIMULATED','2026-02-14 18:37:57'),
(214,199,'plan-Line-2-2026-02-07-002-002-FV041A','plan-Line-2-2026-02-07-002','FV041A',1,1,2.4,2.4,2.4,'SIMULATED','2026-02-14 18:37:57'),
(215,200,'plan-Line-2-2026-02-07-002-002-XX0018','plan-Line-2-2026-02-07-002','XX0018',1,1,2.76,2.76,2.76,'SIMULATED','2026-02-14 18:37:57'),
(216,201,'plan-Line-2-2026-02-07-002-003-RO-Water','plan-Line-2-2026-02-07-002','RO-Water',1,1,840,840,840,'SIMULATED','2026-02-14 18:37:57'),
(217,202,'plan-Line-2-2026-02-07-002-003-MIS','plan-Line-2-2026-02-07-002','MIS',1,1,480,480,480,'SIMULATED','2026-02-14 18:37:57'),
(218,203,'plan-Line-2-2026-02-07-002-003-CL001A','plan-Line-2-2026-02-07-002','CL001A',1,1,0.054,0.054,0.054,'SIMULATED','2026-02-14 18:37:57'),
(219,204,'plan-Line-2-2026-02-07-002-003-FV041A','plan-Line-2-2026-02-07-002','FV041A',1,1,2.4,2.4,2.4,'SIMULATED','2026-02-14 18:37:57'),
(220,205,'plan-Line-2-2026-02-07-002-003-XX0018','plan-Line-2-2026-02-07-002','XX0018',1,1,2.76,2.76,2.76,'SIMULATED','2026-02-14 18:37:57'),
(221,206,'plan-Line-2-2026-02-07-002-004-RO-Water','plan-Line-2-2026-02-07-002','RO-Water',1,1,840,840,840,'SIMULATED','2026-02-14 18:37:57'),
(222,207,'plan-Line-2-2026-02-07-002-004-MIS','plan-Line-2-2026-02-07-002','MIS',1,1,480,480,480,'SIMULATED','2026-02-14 18:37:57'),
(223,208,'plan-Line-2-2026-02-07-002-004-CL001A','plan-Line-2-2026-02-07-002','CL001A',1,1,0.054,0.054,0.054,'SIMULATED','2026-02-14 18:37:57'),
(224,209,'plan-Line-2-2026-02-07-002-004-FV041A','plan-Line-2-2026-02-07-002','FV041A',1,1,2.4,2.4,2.4,'SIMULATED','2026-02-14 18:37:57'),
(225,210,'plan-Line-2-2026-02-07-002-004-XX0018','plan-Line-2-2026-02-07-002','XX0018',1,1,2.76,2.76,2.76,'SIMULATED','2026-02-14 18:37:57'),
(226,211,'plan-Line-2-2026-02-07-002-005-RO-Water','plan-Line-2-2026-02-07-002','RO-Water',1,1,840,840,840,'SIMULATED','2026-02-14 18:37:57'),
(227,212,'plan-Line-2-2026-02-07-002-005-MIS','plan-Line-2-2026-02-07-002','MIS',1,1,480,480,480,'SIMULATED','2026-02-14 18:37:57'),
(228,213,'plan-Line-2-2026-02-07-002-005-CL001A','plan-Line-2-2026-02-07-002','CL001A',1,1,0.054,0.054,0.054,'SIMULATED','2026-02-14 18:37:57'),
(229,214,'plan-Line-2-2026-02-07-002-005-FV041A','plan-Line-2-2026-02-07-002','FV041A',1,1,2.4,2.4,2.4,'SIMULATED','2026-02-14 18:37:57'),
(230,215,'plan-Line-2-2026-02-07-002-005-XX0018','plan-Line-2-2026-02-07-002','XX0018',1,1,2.76,2.76,2.76,'SIMULATED','2026-02-14 18:37:57'),
(231,216,'plan-Line-2-2026-02-07-002-006-RO-Water','plan-Line-2-2026-02-07-002','RO-Water',1,1,840,840,840,'SIMULATED','2026-02-14 18:37:57'),
(232,217,'plan-Line-2-2026-02-07-002-006-MIS','plan-Line-2-2026-02-07-002','MIS',1,1,480,480,480,'SIMULATED','2026-02-14 18:37:57'),
(233,218,'plan-Line-2-2026-02-07-002-006-CL001A','plan-Line-2-2026-02-07-002','CL001A',1,1,0.054,0.054,0.054,'SIMULATED','2026-02-14 18:37:57'),
(234,219,'plan-Line-2-2026-02-07-002-006-FV041A','plan-Line-2-2026-02-07-002','FV041A',1,1,2.4,2.4,2.4,'SIMULATED','2026-02-14 18:37:57'),
(235,220,'plan-Line-2-2026-02-07-002-006-XX0018','plan-Line-2-2026-02-07-002','XX0018',1,1,2.76,2.76,2.76,'SIMULATED','2026-02-14 18:37:57'),
(236,221,'plan-Line-2-2026-02-07-002-007-RO-Water','plan-Line-2-2026-02-07-002','RO-Water',1,1,840,840,840,'SIMULATED','2026-02-14 18:37:57'),
(237,222,'plan-Line-2-2026-02-07-002-007-MIS','plan-Line-2-2026-02-07-002','MIS',1,1,480,480,480,'SIMULATED','2026-02-14 18:37:57'),
(238,223,'plan-Line-2-2026-02-07-002-007-CL001A','plan-Line-2-2026-02-07-002','CL001A',1,1,0.054,0.054,0.054,'SIMULATED','2026-02-14 18:37:57'),
(239,224,'plan-Line-2-2026-02-07-002-007-FV041A','plan-Line-2-2026-02-07-002','FV041A',1,1,2.4,2.4,2.4,'SIMULATED','2026-02-14 18:37:57'),
(240,225,'plan-Line-2-2026-02-07-002-007-XX0018','plan-Line-2-2026-02-07-002','XX0018',1,1,2.76,2.76,2.76,'SIMULATED','2026-02-14 18:37:57'),
(241,226,'plan-Line-2-2026-02-07-002-008-RO-Water','plan-Line-2-2026-02-07-002','RO-Water',1,1,840,840,840,'SIMULATED','2026-02-14 18:37:57'),
(242,227,'plan-Line-2-2026-02-07-002-008-MIS','plan-Line-2-2026-02-07-002','MIS',1,1,480,480,480,'SIMULATED','2026-02-14 18:37:57'),
(243,228,'plan-Line-2-2026-02-07-002-008-CL001A','plan-Line-2-2026-02-07-002','CL001A',1,1,0.054,0.054,0.054,'SIMULATED','2026-02-14 18:37:57'),
(244,229,'plan-Line-2-2026-02-07-002-008-FV041A','plan-Line-2-2026-02-07-002','FV041A',1,1,2.4,2.4,2.4,'SIMULATED','2026-02-14 18:37:57'),
(245,230,'plan-Line-2-2026-02-07-002-008-XX0018','plan-Line-2-2026-02-07-002','XX0018',1,1,2.76,2.76,2.76,'SIMULATED','2026-02-14 18:37:57'),
(246,231,'plan-Line-3-2026-02-07-003-001-RO-Water','plan-Line-3-2026-02-07-003','RO-Water',1,1,350,350,350,'SIMULATED','2026-02-14 18:37:57'),
(247,232,'plan-Line-3-2026-02-07-003-001-MIS','plan-Line-3-2026-02-07-003','MIS',1,1,200,200,200,'SIMULATED','2026-02-14 18:37:57'),
(248,233,'plan-Line-3-2026-02-07-003-001-CL001A','plan-Line-3-2026-02-07-003','CL001A',1,1,0.0225,0.0225,0.0225,'SIMULATED','2026-02-14 18:37:57'),
(249,234,'plan-Line-3-2026-02-07-003-001-FV041A','plan-Line-3-2026-02-07-003','FV041A',1,1,1,1,1,'SIMULATED','2026-02-14 18:37:57'),
(250,235,'plan-Line-3-2026-02-07-003-001-XX0018','plan-Line-3-2026-02-07-003','XX0018',1,1,1.15,1.15,1.15,'SIMULATED','2026-02-14 18:37:57'),
(251,236,'plan-Line-3-2026-02-07-003-002-RO-Water','plan-Line-3-2026-02-07-003','RO-Water',1,1,350,350,350,'SIMULATED','2026-02-14 18:37:57'),
(252,237,'plan-Line-3-2026-02-07-003-002-MIS','plan-Line-3-2026-02-07-003','MIS',1,1,200,200,200,'SIMULATED','2026-02-14 18:37:57'),
(253,238,'plan-Line-3-2026-02-07-003-002-CL001A','plan-Line-3-2026-02-07-003','CL001A',1,1,0.0225,0.0225,0.0225,'SIMULATED','2026-02-14 18:37:57'),
(254,239,'plan-Line-3-2026-02-07-003-002-FV041A','plan-Line-3-2026-02-07-003','FV041A',1,1,1,1,1,'SIMULATED','2026-02-14 18:37:57'),
(255,240,'plan-Line-3-2026-02-07-003-002-XX0018','plan-Line-3-2026-02-07-003','XX0018',1,1,1.15,1.15,1.15,'SIMULATED','2026-02-14 18:37:57'),
(256,241,'plan-Line-3-2026-02-07-003-003-RO-Water','plan-Line-3-2026-02-07-003','RO-Water',1,1,350,350,350,'SIMULATED','2026-02-14 18:37:57'),
(257,242,'plan-Line-3-2026-02-07-003-003-MIS','plan-Line-3-2026-02-07-003','MIS',1,1,200,200,200,'SIMULATED','2026-02-14 18:37:57'),
(258,243,'plan-Line-3-2026-02-07-003-003-CL001A','plan-Line-3-2026-02-07-003','CL001A',1,1,0.0225,0.0225,0.0225,'SIMULATED','2026-02-14 18:37:57'),
(259,244,'plan-Line-3-2026-02-07-003-003-FV041A','plan-Line-3-2026-02-07-003','FV041A',1,1,1,1,1,'SIMULATED','2026-02-14 18:37:57'),
(260,245,'plan-Line-3-2026-02-07-003-003-XX0018','plan-Line-3-2026-02-07-003','XX0018',1,1,1.15,1.15,1.15,'SIMULATED','2026-02-14 18:37:57'),
(261,246,'plan-Line-3-2026-02-07-003-004-RO-Water','plan-Line-3-2026-02-07-003','RO-Water',1,1,350,350,350,'SIMULATED','2026-02-14 18:37:57'),
(262,247,'plan-Line-3-2026-02-07-003-004-MIS','plan-Line-3-2026-02-07-003','MIS',1,1,200,200,200,'SIMULATED','2026-02-14 18:37:57'),
(263,248,'plan-Line-3-2026-02-07-003-004-CL001A','plan-Line-3-2026-02-07-003','CL001A',1,1,0.0225,0.0225,0.0225,'SIMULATED','2026-02-14 18:37:57'),
(264,249,'plan-Line-3-2026-02-07-003-004-FV041A','plan-Line-3-2026-02-07-003','FV041A',1,1,1,1,1,'SIMULATED','2026-02-14 18:37:57'),
(265,250,'plan-Line-3-2026-02-07-003-004-XX0018','plan-Line-3-2026-02-07-003','XX0018',1,1,1.15,1.15,1.15,'SIMULATED','2026-02-14 18:37:57'),
(266,251,'plan-Line-3-2026-02-07-003-005-RO-Water','plan-Line-3-2026-02-07-003','RO-Water',1,1,350,350,350,'SIMULATED','2026-02-14 18:37:57'),
(267,252,'plan-Line-3-2026-02-07-003-005-MIS','plan-Line-3-2026-02-07-003','MIS',1,1,200,200,200,'SIMULATED','2026-02-14 18:37:57'),
(268,253,'plan-Line-3-2026-02-07-003-005-CL001A','plan-Line-3-2026-02-07-003','CL001A',1,1,0.0225,0.0225,0.0225,'SIMULATED','2026-02-14 18:37:57'),
(269,254,'plan-Line-3-2026-02-07-003-005-FV041A','plan-Line-3-2026-02-07-003','FV041A',1,1,1,1,1,'SIMULATED','2026-02-14 18:37:57'),
(270,255,'plan-Line-3-2026-02-07-003-005-XX0018','plan-Line-3-2026-02-07-003','XX0018',1,1,1.15,1.15,1.15,'SIMULATED','2026-02-14 18:37:57'),
(271,256,'plan-Line-3-2026-02-07-003-006-RO-Water','plan-Line-3-2026-02-07-003','RO-Water',1,1,350,350,350,'SIMULATED','2026-02-14 18:37:57'),
(272,257,'plan-Line-3-2026-02-07-003-006-MIS','plan-Line-3-2026-02-07-003','MIS',1,1,200,200,200,'SIMULATED','2026-02-14 18:37:57'),
(273,258,'plan-Line-3-2026-02-07-003-006-CL001A','plan-Line-3-2026-02-07-003','CL001A',1,1,0.0225,0.0225,0.0225,'SIMULATED','2026-02-14 18:37:57'),
(274,259,'plan-Line-3-2026-02-07-003-006-FV041A','plan-Line-3-2026-02-07-003','FV041A',1,1,1,1,1,'SIMULATED','2026-02-14 18:37:57'),
(275,260,'plan-Line-3-2026-02-07-003-006-XX0018','plan-Line-3-2026-02-07-003','XX0018',1,1,1.15,1.15,1.15,'SIMULATED','2026-02-14 18:37:57'),
(276,261,'plan-Line-3-2026-02-07-003-007-RO-Water','plan-Line-3-2026-02-07-003','RO-Water',1,1,350,350,350,'SIMULATED','2026-02-14 18:37:57'),
(277,262,'plan-Line-3-2026-02-07-003-007-MIS','plan-Line-3-2026-02-07-003','MIS',1,1,200,200,200,'SIMULATED','2026-02-14 18:37:57'),
(278,263,'plan-Line-3-2026-02-07-003-007-CL001A','plan-Line-3-2026-02-07-003','CL001A',1,1,0.0225,0.0225,0.0225,'SIMULATED','2026-02-14 18:37:57'),
(279,264,'plan-Line-3-2026-02-07-003-007-FV041A','plan-Line-3-2026-02-07-003','FV041A',1,1,1,1,1,'SIMULATED','2026-02-14 18:37:57'),
(280,265,'plan-Line-3-2026-02-07-003-007-XX0018','plan-Line-3-2026-02-07-003','XX0018',1,1,1.15,1.15,1.15,'SIMULATED','2026-02-14 18:37:57'),
(281,266,'plan-Line-3-2026-02-07-003-008-RO-Water','plan-Line-3-2026-02-07-003','RO-Water',1,1,350,350,350,'SIMULATED','2026-02-14 18:37:57'),
(282,267,'plan-Line-3-2026-02-07-003-008-MIS','plan-Line-3-2026-02-07-003','MIS',1,1,200,200,200,'SIMULATED','2026-02-14 18:37:57'),
(283,268,'plan-Line-3-2026-02-07-003-008-CL001A','plan-Line-3-2026-02-07-003','CL001A',1,1,0.0225,0.0225,0.0225,'SIMULATED','2026-02-14 18:37:57'),
(284,269,'plan-Line-3-2026-02-07-003-008-FV041A','plan-Line-3-2026-02-07-003','FV041A',1,1,1,1,1,'SIMULATED','2026-02-14 18:37:57'),
(285,270,'plan-Line-3-2026-02-07-003-008-XX0018','plan-Line-3-2026-02-07-003','XX0018',1,1,1.15,1.15,1.15,'SIMULATED','2026-02-14 18:37:57'),
(286,271,'plan-Line-3-2026-02-07-003-009-RO-Water','plan-Line-3-2026-02-07-003','RO-Water',1,1,350,350,350,'SIMULATED','2026-02-14 18:37:57'),
(287,272,'plan-Line-3-2026-02-07-003-009-MIS','plan-Line-3-2026-02-07-003','MIS',1,1,200,200,200,'SIMULATED','2026-02-14 18:37:57'),
(288,273,'plan-Line-3-2026-02-07-003-009-CL001A','plan-Line-3-2026-02-07-003','CL001A',1,1,0.0225,0.0225,0.0225,'SIMULATED','2026-02-14 18:37:57'),
(289,274,'plan-Line-3-2026-02-07-003-009-FV041A','plan-Line-3-2026-02-07-003','FV041A',1,1,1,1,1,'SIMULATED','2026-02-14 18:37:57'),
(290,275,'plan-Line-3-2026-02-07-003-009-XX0018','plan-Line-3-2026-02-07-003','XX0018',1,1,1.15,1.15,1.15,'SIMULATED','2026-02-14 18:37:57'),
(291,276,'plan-Line-3-2026-02-07-003-010-RO-Water','plan-Line-3-2026-02-07-003','RO-Water',1,1,350,350,350,'SIMULATED','2026-02-14 18:37:57'),
(292,277,'plan-Line-3-2026-02-07-003-010-MIS','plan-Line-3-2026-02-07-003','MIS',1,1,200,200,200,'SIMULATED','2026-02-14 18:37:57'),
(293,278,'plan-Line-3-2026-02-07-003-010-CL001A','plan-Line-3-2026-02-07-003','CL001A',1,1,0.0225,0.0225,0.0225,'SIMULATED','2026-02-14 18:37:57'),
(294,279,'plan-Line-3-2026-02-07-003-010-FV041A','plan-Line-3-2026-02-07-003','FV041A',1,1,1,1,1,'SIMULATED','2026-02-14 18:37:57'),
(295,280,'plan-Line-3-2026-02-07-003-010-XX0018','plan-Line-3-2026-02-07-003','XX0018',1,1,1.15,1.15,1.15,'SIMULATED','2026-02-14 18:37:57'),
(296,281,'plan-Line-3-2026-02-07-003-011-RO-Water','plan-Line-3-2026-02-07-003','RO-Water',1,1,350,350,350,'SIMULATED','2026-02-14 18:37:57'),
(297,282,'plan-Line-3-2026-02-07-003-011-MIS','plan-Line-3-2026-02-07-003','MIS',1,1,200,200,200,'SIMULATED','2026-02-14 18:37:57'),
(298,283,'plan-Line-3-2026-02-07-003-011-CL001A','plan-Line-3-2026-02-07-003','CL001A',1,1,0.0225,0.0225,0.0225,'SIMULATED','2026-02-14 18:37:57'),
(299,284,'plan-Line-3-2026-02-07-003-011-FV041A','plan-Line-3-2026-02-07-003','FV041A',1,1,1,1,1,'SIMULATED','2026-02-14 18:37:57'),
(300,285,'plan-Line-3-2026-02-07-003-011-XX0018','plan-Line-3-2026-02-07-003','XX0018',1,1,1.15,1.15,1.15,'SIMULATED','2026-02-14 18:37:57'),
(301,286,'plan-Line-3-2026-02-07-003-012-RO-Water','plan-Line-3-2026-02-07-003','RO-Water',1,1,350,350,350,'SIMULATED','2026-02-14 18:37:57'),
(302,287,'plan-Line-3-2026-02-07-003-012-MIS','plan-Line-3-2026-02-07-003','MIS',1,1,200,200,200,'SIMULATED','2026-02-14 18:37:57'),
(303,288,'plan-Line-3-2026-02-07-003-012-CL001A','plan-Line-3-2026-02-07-003','CL001A',1,1,0.0225,0.0225,0.0225,'SIMULATED','2026-02-14 18:37:57'),
(304,289,'plan-Line-3-2026-02-07-003-012-FV041A','plan-Line-3-2026-02-07-003','FV041A',1,1,1,1,1,'SIMULATED','2026-02-14 18:37:57'),
(305,290,'plan-Line-3-2026-02-07-003-012-XX0018','plan-Line-3-2026-02-07-003','XX0018',1,1,1.15,1.15,1.15,'SIMULATED','2026-02-14 18:37:57'),
(306,291,'plan-Line-3-2026-02-07-003-013-RO-Water','plan-Line-3-2026-02-07-003','RO-Water',1,1,350,350,350,'SIMULATED','2026-02-14 18:37:57'),
(307,292,'plan-Line-3-2026-02-07-003-013-MIS','plan-Line-3-2026-02-07-003','MIS',1,1,200,200,200,'SIMULATED','2026-02-14 18:37:57'),
(308,293,'plan-Line-3-2026-02-07-003-013-CL001A','plan-Line-3-2026-02-07-003','CL001A',1,1,0.0225,0.0225,0.0225,'SIMULATED','2026-02-14 18:37:57'),
(309,294,'plan-Line-3-2026-02-07-003-013-FV041A','plan-Line-3-2026-02-07-003','FV041A',1,1,1,1,1,'SIMULATED','2026-02-14 18:37:57'),
(310,295,'plan-Line-3-2026-02-07-003-013-XX0018','plan-Line-3-2026-02-07-003','XX0018',1,1,1.15,1.15,1.15,'SIMULATED','2026-02-14 18:37:57'),
(311,296,'plan-Line-3-2026-02-07-003-014-RO-Water','plan-Line-3-2026-02-07-003','RO-Water',1,1,350,350,350,'SIMULATED','2026-02-14 18:37:57'),
(312,297,'plan-Line-3-2026-02-07-003-014-MIS','plan-Line-3-2026-02-07-003','MIS',1,1,200,200,200,'SIMULATED','2026-02-14 18:37:57'),
(313,298,'plan-Line-3-2026-02-07-003-014-CL001A','plan-Line-3-2026-02-07-003','CL001A',1,1,0.0225,0.0225,0.0225,'SIMULATED','2026-02-14 18:37:57'),
(314,299,'plan-Line-3-2026-02-07-003-014-FV041A','plan-Line-3-2026-02-07-003','FV041A',1,1,1,1,1,'SIMULATED','2026-02-14 18:37:57'),
(315,300,'plan-Line-3-2026-02-07-003-014-XX0018','plan-Line-3-2026-02-07-003','XX0018',1,1,1.15,1.15,1.15,'SIMULATED','2026-02-14 18:37:57'),
(316,301,'plan-Line-3-2026-02-07-003-015-RO-Water','plan-Line-3-2026-02-07-003','RO-Water',1,1,350,350,350,'SIMULATED','2026-02-14 18:37:57'),
(317,302,'plan-Line-3-2026-02-07-003-015-MIS','plan-Line-3-2026-02-07-003','MIS',1,1,200,200,200,'SIMULATED','2026-02-14 18:37:57'),
(318,303,'plan-Line-3-2026-02-07-003-015-CL001A','plan-Line-3-2026-02-07-003','CL001A',1,1,0.0225,0.0225,0.0225,'SIMULATED','2026-02-14 18:37:57'),
(319,304,'plan-Line-3-2026-02-07-003-015-FV041A','plan-Line-3-2026-02-07-003','FV041A',1,1,1,1,1,'SIMULATED','2026-02-14 18:37:57'),
(320,305,'plan-Line-3-2026-02-07-003-015-XX0018','plan-Line-3-2026-02-07-003','XX0018',1,1,1.15,1.15,1.15,'SIMULATED','2026-02-14 18:37:57'),
(321,306,'plan-Line-3-2026-02-07-003-016-RO-Water','plan-Line-3-2026-02-07-003','RO-Water',1,1,350,350,350,'SIMULATED','2026-02-14 18:37:57'),
(322,307,'plan-Line-3-2026-02-07-003-016-MIS','plan-Line-3-2026-02-07-003','MIS',1,1,200,200,200,'SIMULATED','2026-02-14 18:37:57'),
(323,308,'plan-Line-3-2026-02-07-003-016-CL001A','plan-Line-3-2026-02-07-003','CL001A',1,1,0.0225,0.0225,0.0225,'SIMULATED','2026-02-14 18:37:57'),
(324,309,'plan-Line-3-2026-02-07-003-016-FV041A','plan-Line-3-2026-02-07-003','FV041A',1,1,1,1,1,'SIMULATED','2026-02-14 18:37:57'),
(325,310,'plan-Line-3-2026-02-07-003-016-XX0018','plan-Line-3-2026-02-07-003','XX0018',1,1,1.15,1.15,1.15,'SIMULATED','2026-02-14 18:37:57'),
(326,311,'plan-SimPlant-2026-02-15-001-001-RO-Water','plan-SimPlant-2026-02-15-001','RO-Water',1,1,700,700,700,'SIMULATED','2026-02-14 18:37:57'),
(327,312,'plan-SimPlant-2026-02-15-001-001-MIS','plan-SimPlant-2026-02-15-001','MIS',1,1,400,400,400,'SIMULATED','2026-02-14 18:37:57'),
(328,313,'plan-SimPlant-2026-02-15-001-002-RO-Water','plan-SimPlant-2026-02-15-001','RO-Water',1,1,700,700,700,'SIMULATED','2026-02-14 18:37:57'),
(329,314,'plan-SimPlant-2026-02-15-001-002-MIS','plan-SimPlant-2026-02-15-001','MIS',1,1,400,400,400,'SIMULATED','2026-02-14 18:37:57'),
(330,315,'plan-Line-2-2026-02-15-001-001-RO-Water','plan-Line-2-2026-02-15-001','RO-Water',1,1,70,70,70,'SIMULATED','2026-02-14 18:37:57'),
(331,316,'plan-Line-2-2026-02-15-001-001-MIS','plan-Line-2-2026-02-15-001','MIS',1,1,40,40,40,'SIMULATED','2026-02-14 18:37:57'),
(332,317,'plan-Line-2-2026-02-15-001-001-CL001A','plan-Line-2-2026-02-15-001','CL001A',1,1,0.0045,0.0045,0.0045,'SIMULATED','2026-02-14 18:37:57'),
(333,318,'plan-Line-2-2026-02-15-001-001-FV041A','plan-Line-2-2026-02-15-001','FV041A',1,1,0.2,0.2,0.2,'SIMULATED','2026-02-14 18:37:57'),
(334,319,'plan-Line-2-2026-02-15-001-001-XX0018','plan-Line-2-2026-02-15-001','XX0018',1,1,0.23,0.23,0.23,'SIMULATED','2026-02-14 18:37:57'),
(335,320,'plan-Line-2-2026-02-15-001-002-RO-Water','plan-Line-2-2026-02-15-001','RO-Water',1,1,70,70,70,'SIMULATED','2026-02-14 18:37:57'),
(336,321,'plan-Line-2-2026-02-15-001-002-MIS','plan-Line-2-2026-02-15-001','MIS',1,1,40,40,40,'SIMULATED','2026-02-14 18:37:57'),
(337,322,'plan-Line-2-2026-02-15-001-002-CL001A','plan-Line-2-2026-02-15-001','CL001A',1,1,0.0045,0.0045,0.0045,'SIMULATED','2026-02-14 18:37:57'),
(338,323,'plan-Line-2-2026-02-15-001-002-FV041A','plan-Line-2-2026-02-15-001','FV041A',1,1,0.2,0.2,0.2,'SIMULATED','2026-02-14 18:37:57'),
(339,324,'plan-Line-2-2026-02-15-001-002-XX0018','plan-Line-2-2026-02-15-001','XX0018',1,1,0.23,0.23,0.23,'SIMULATED','2026-02-14 18:37:57');
/*!40000 ALTER TABLE `prebatch_recs` ENABLE KEYS */;
UNLOCK TABLES;
COMMIT;
SET AUTOCOMMIT=@OLD_AUTOCOMMIT;

--
-- Table structure for table `prebatch_reqs`
--

DROP TABLE IF EXISTS `prebatch_reqs`;
/*!40101 SET @saved_cs_client     = @@character_set_client */;
/*!40101 SET character_set_client = utf8mb4 */;
CREATE TABLE `prebatch_reqs` (
  `id` int NOT NULL AUTO_INCREMENT,
  `batch_db_id` int NOT NULL,
  `plan_id` varchar(50) DEFAULT NULL,
  `batch_id` varchar(100) DEFAULT NULL,
  `re_code` varchar(50) DEFAULT NULL,
  `ingredient_name` varchar(200) DEFAULT NULL,
  `required_volume` float DEFAULT NULL,
  `wh` varchar(50) DEFAULT NULL,
  `status` int DEFAULT NULL,
  `created_at` timestamp NULL DEFAULT CURRENT_TIMESTAMP,
  `updated_at` timestamp NULL DEFAULT CURRENT_TIMESTAMP,
  PRIMARY KEY (`id`),
  KEY `batch_db_id` (`batch_db_id`),
  KEY `ix_prebatch_reqs_id` (`id`),
  KEY `ix_prebatch_reqs_plan_id` (`plan_id`),
  KEY `ix_prebatch_reqs_re_code` (`re_code`),
  KEY `ix_prebatch_reqs_batch_id` (`batch_id`),
  CONSTRAINT `prebatch_reqs_ibfk_1` FOREIGN KEY (`batch_db_id`) REFERENCES `production_batches` (`id`)
) ENGINE=InnoDB AUTO_INCREMENT=411 DEFAULT CHARSET=utf8mb4 COLLATE=utf8mb4_0900_ai_ci;
/*!40101 SET character_set_client = @saved_cs_client */;

--
-- Dumping data for table `prebatch_reqs`
--

SET @OLD_AUTOCOMMIT=@@AUTOCOMMIT, @@AUTOCOMMIT=0;
LOCK TABLES `prebatch_reqs` WRITE;
/*!40000 ALTER TABLE `prebatch_reqs` DISABLE KEYS */;
INSERT INTO `prebatch_reqs` VALUES
(156,88,'plan-Line-1-2026-02-04-001','plan-Line-1-2026-02-04-001-001','RO-Water','RO-Water',840,'-',0,'2026-02-14 18:34:01','2026-02-14 18:34:01'),
(157,88,'plan-Line-1-2026-02-04-001','plan-Line-1-2026-02-04-001-001','MIS','MIS',480,'-',0,'2026-02-14 18:34:01','2026-02-14 18:34:01'),
(158,89,'plan-Line-1-2026-02-04-001','plan-Line-1-2026-02-04-001-002','RO-Water','RO-Water',840,'-',0,'2026-02-14 18:34:01','2026-02-14 18:34:01'),
(159,89,'plan-Line-1-2026-02-04-001','plan-Line-1-2026-02-04-001-002','MIS','MIS',480,'-',0,'2026-02-14 18:34:01','2026-02-14 18:34:01'),
(160,90,'plan-Line-1-2026-02-04-001','plan-Line-1-2026-02-04-001-003','RO-Water','RO-Water',840,'-',0,'2026-02-14 18:34:01','2026-02-14 18:34:01'),
(161,90,'plan-Line-1-2026-02-04-001','plan-Line-1-2026-02-04-001-003','MIS','MIS',480,'-',0,'2026-02-14 18:34:01','2026-02-14 18:34:01'),
(162,91,'plan-Line-1-2026-02-04-001','plan-Line-1-2026-02-04-001-004','RO-Water','RO-Water',840,'-',0,'2026-02-14 18:34:01','2026-02-14 18:34:01'),
(163,91,'plan-Line-1-2026-02-04-001','plan-Line-1-2026-02-04-001-004','MIS','MIS',480,'-',0,'2026-02-14 18:34:01','2026-02-14 18:34:01'),
(164,92,'plan-Line-1-2026-02-04-001','plan-Line-1-2026-02-04-001-005','RO-Water','RO-Water',840,'-',0,'2026-02-14 18:34:01','2026-02-14 18:34:01'),
(165,92,'plan-Line-1-2026-02-04-001','plan-Line-1-2026-02-04-001-005','MIS','MIS',480,'-',0,'2026-02-14 18:34:01','2026-02-14 18:34:01'),
(166,93,'plan-Line-1-2026-02-07-001','plan-Line-1-2026-02-07-001-001','RO-Water','RO-Water',840,'-',0,'2026-02-14 18:34:01','2026-02-14 18:34:01'),
(167,93,'plan-Line-1-2026-02-07-001','plan-Line-1-2026-02-07-001-001','MIS','MIS',480,'-',0,'2026-02-14 18:34:01','2026-02-14 18:34:01'),
(168,93,'plan-Line-1-2026-02-07-001','plan-Line-1-2026-02-07-001-001','CL001A','Caramel Colour Class III (INS 150c).',0.054,'FH',0,'2026-02-14 18:34:01','2026-02-14 18:34:01'),
(169,93,'plan-Line-1-2026-02-07-001','plan-Line-1-2026-02-07-001-001','FV041A','Sala Flavour Mane E20158434',2.4,'FH',0,'2026-02-14 18:34:01','2026-02-14 18:34:01'),
(170,93,'plan-Line-1-2026-02-07-001','plan-Line-1-2026-02-07-001-001','XX0018','Instant Textaid A',2.76,'SPP',0,'2026-02-14 18:34:01','2026-02-14 18:34:01'),
(171,94,'plan-Line-1-2026-02-07-001','plan-Line-1-2026-02-07-001-002','RO-Water','RO-Water',840,'-',0,'2026-02-14 18:34:01','2026-02-14 18:34:01'),
(172,94,'plan-Line-1-2026-02-07-001','plan-Line-1-2026-02-07-001-002','MIS','MIS',480,'-',0,'2026-02-14 18:34:01','2026-02-14 18:34:01'),
(173,94,'plan-Line-1-2026-02-07-001','plan-Line-1-2026-02-07-001-002','CL001A','Caramel Colour Class III (INS 150c).',0.054,'FH',0,'2026-02-14 18:34:01','2026-02-14 18:34:01'),
(174,94,'plan-Line-1-2026-02-07-001','plan-Line-1-2026-02-07-001-002','FV041A','Sala Flavour Mane E20158434',2.4,'FH',0,'2026-02-14 18:34:01','2026-02-14 18:34:01'),
(175,94,'plan-Line-1-2026-02-07-001','plan-Line-1-2026-02-07-001-002','XX0018','Instant Textaid A',2.76,'SPP',0,'2026-02-14 18:34:01','2026-02-14 18:34:01'),
(176,95,'plan-Line-1-2026-02-07-001','plan-Line-1-2026-02-07-001-003','RO-Water','RO-Water',840,'-',0,'2026-02-14 18:34:01','2026-02-14 18:34:01'),
(177,95,'plan-Line-1-2026-02-07-001','plan-Line-1-2026-02-07-001-003','MIS','MIS',480,'-',0,'2026-02-14 18:34:01','2026-02-14 18:34:01'),
(178,95,'plan-Line-1-2026-02-07-001','plan-Line-1-2026-02-07-001-003','CL001A','Caramel Colour Class III (INS 150c).',0.054,'FH',0,'2026-02-14 18:34:01','2026-02-14 18:34:01'),
(179,95,'plan-Line-1-2026-02-07-001','plan-Line-1-2026-02-07-001-003','FV041A','Sala Flavour Mane E20158434',2.4,'FH',0,'2026-02-14 18:34:01','2026-02-14 18:34:01'),
(180,95,'plan-Line-1-2026-02-07-001','plan-Line-1-2026-02-07-001-003','XX0018','Instant Textaid A',2.76,'SPP',0,'2026-02-14 18:34:01','2026-02-14 18:34:01'),
(181,96,'plan-Line-1-2026-02-07-001','plan-Line-1-2026-02-07-001-004','RO-Water','RO-Water',840,'-',0,'2026-02-14 18:34:01','2026-02-14 18:34:01'),
(182,96,'plan-Line-1-2026-02-07-001','plan-Line-1-2026-02-07-001-004','MIS','MIS',480,'-',0,'2026-02-14 18:34:01','2026-02-14 18:34:01'),
(183,96,'plan-Line-1-2026-02-07-001','plan-Line-1-2026-02-07-001-004','CL001A','Caramel Colour Class III (INS 150c).',0.054,'FH',0,'2026-02-14 18:34:01','2026-02-14 18:34:01'),
(184,96,'plan-Line-1-2026-02-07-001','plan-Line-1-2026-02-07-001-004','FV041A','Sala Flavour Mane E20158434',2.4,'FH',0,'2026-02-14 18:34:01','2026-02-14 18:34:01'),
(185,96,'plan-Line-1-2026-02-07-001','plan-Line-1-2026-02-07-001-004','XX0018','Instant Textaid A',2.76,'SPP',0,'2026-02-14 18:34:01','2026-02-14 18:34:01'),
(186,97,'plan-Line-1-2026-02-07-001','plan-Line-1-2026-02-07-001-005','RO-Water','RO-Water',840,'-',0,'2026-02-14 18:34:01','2026-02-14 18:34:01'),
(187,97,'plan-Line-1-2026-02-07-001','plan-Line-1-2026-02-07-001-005','MIS','MIS',480,'-',0,'2026-02-14 18:34:01','2026-02-14 18:34:01'),
(188,97,'plan-Line-1-2026-02-07-001','plan-Line-1-2026-02-07-001-005','CL001A','Caramel Colour Class III (INS 150c).',0.054,'FH',0,'2026-02-14 18:34:01','2026-02-14 18:34:01'),
(189,97,'plan-Line-1-2026-02-07-001','plan-Line-1-2026-02-07-001-005','FV041A','Sala Flavour Mane E20158434',2.4,'FH',0,'2026-02-14 18:34:01','2026-02-14 18:34:01'),
(190,97,'plan-Line-1-2026-02-07-001','plan-Line-1-2026-02-07-001-005','XX0018','Instant Textaid A',2.76,'SPP',0,'2026-02-14 18:34:01','2026-02-14 18:34:01'),
(191,98,'plan-Line-2-2026-02-07-002','plan-Line-2-2026-02-07-002-001','RO-Water','RO-Water',840,'-',0,'2026-02-14 18:34:01','2026-02-14 18:34:01'),
(192,98,'plan-Line-2-2026-02-07-002','plan-Line-2-2026-02-07-002-001','MIS','MIS',480,'-',0,'2026-02-14 18:34:01','2026-02-14 18:34:01'),
(193,98,'plan-Line-2-2026-02-07-002','plan-Line-2-2026-02-07-002-001','CL001A','Caramel Colour Class III (INS 150c).',0.054,'FH',0,'2026-02-14 18:34:01','2026-02-14 18:34:01'),
(194,98,'plan-Line-2-2026-02-07-002','plan-Line-2-2026-02-07-002-001','FV041A','Sala Flavour Mane E20158434',2.4,'FH',0,'2026-02-14 18:34:01','2026-02-14 18:34:01'),
(195,98,'plan-Line-2-2026-02-07-002','plan-Line-2-2026-02-07-002-001','XX0018','Instant Textaid A',2.76,'SPP',0,'2026-02-14 18:34:01','2026-02-14 18:34:01'),
(196,99,'plan-Line-2-2026-02-07-002','plan-Line-2-2026-02-07-002-002','RO-Water','RO-Water',840,'-',0,'2026-02-14 18:34:01','2026-02-14 18:34:01'),
(197,99,'plan-Line-2-2026-02-07-002','plan-Line-2-2026-02-07-002-002','MIS','MIS',480,'-',0,'2026-02-14 18:34:01','2026-02-14 18:34:01'),
(198,99,'plan-Line-2-2026-02-07-002','plan-Line-2-2026-02-07-002-002','CL001A','Caramel Colour Class III (INS 150c).',0.054,'FH',0,'2026-02-14 18:34:01','2026-02-14 18:34:01'),
(199,99,'plan-Line-2-2026-02-07-002','plan-Line-2-2026-02-07-002-002','FV041A','Sala Flavour Mane E20158434',2.4,'FH',0,'2026-02-14 18:34:01','2026-02-14 18:34:01'),
(200,99,'plan-Line-2-2026-02-07-002','plan-Line-2-2026-02-07-002-002','XX0018','Instant Textaid A',2.76,'SPP',0,'2026-02-14 18:34:01','2026-02-14 18:34:01'),
(201,100,'plan-Line-2-2026-02-07-002','plan-Line-2-2026-02-07-002-003','RO-Water','RO-Water',840,'-',0,'2026-02-14 18:34:01','2026-02-14 18:34:01'),
(202,100,'plan-Line-2-2026-02-07-002','plan-Line-2-2026-02-07-002-003','MIS','MIS',480,'-',0,'2026-02-14 18:34:01','2026-02-14 18:34:01'),
(203,100,'plan-Line-2-2026-02-07-002','plan-Line-2-2026-02-07-002-003','CL001A','Caramel Colour Class III (INS 150c).',0.054,'FH',0,'2026-02-14 18:34:01','2026-02-14 18:34:01'),
(204,100,'plan-Line-2-2026-02-07-002','plan-Line-2-2026-02-07-002-003','FV041A','Sala Flavour Mane E20158434',2.4,'FH',0,'2026-02-14 18:34:01','2026-02-14 18:34:01'),
(205,100,'plan-Line-2-2026-02-07-002','plan-Line-2-2026-02-07-002-003','XX0018','Instant Textaid A',2.76,'SPP',0,'2026-02-14 18:34:01','2026-02-14 18:34:01'),
(206,101,'plan-Line-2-2026-02-07-002','plan-Line-2-2026-02-07-002-004','RO-Water','RO-Water',840,'-',0,'2026-02-14 18:34:01','2026-02-14 18:34:01'),
(207,101,'plan-Line-2-2026-02-07-002','plan-Line-2-2026-02-07-002-004','MIS','MIS',480,'-',0,'2026-02-14 18:34:01','2026-02-14 18:34:01'),
(208,101,'plan-Line-2-2026-02-07-002','plan-Line-2-2026-02-07-002-004','CL001A','Caramel Colour Class III (INS 150c).',0.054,'FH',0,'2026-02-14 18:34:01','2026-02-14 18:34:01'),
(209,101,'plan-Line-2-2026-02-07-002','plan-Line-2-2026-02-07-002-004','FV041A','Sala Flavour Mane E20158434',2.4,'FH',0,'2026-02-14 18:34:01','2026-02-14 18:34:01'),
(210,101,'plan-Line-2-2026-02-07-002','plan-Line-2-2026-02-07-002-004','XX0018','Instant Textaid A',2.76,'SPP',0,'2026-02-14 18:34:01','2026-02-14 18:34:01'),
(211,102,'plan-Line-2-2026-02-07-002','plan-Line-2-2026-02-07-002-005','RO-Water','RO-Water',840,'-',0,'2026-02-14 18:34:01','2026-02-14 18:34:01'),
(212,102,'plan-Line-2-2026-02-07-002','plan-Line-2-2026-02-07-002-005','MIS','MIS',480,'-',0,'2026-02-14 18:34:01','2026-02-14 18:34:01'),
(213,102,'plan-Line-2-2026-02-07-002','plan-Line-2-2026-02-07-002-005','CL001A','Caramel Colour Class III (INS 150c).',0.054,'FH',0,'2026-02-14 18:34:01','2026-02-14 18:34:01'),
(214,102,'plan-Line-2-2026-02-07-002','plan-Line-2-2026-02-07-002-005','FV041A','Sala Flavour Mane E20158434',2.4,'FH',0,'2026-02-14 18:34:01','2026-02-14 18:34:01'),
(215,102,'plan-Line-2-2026-02-07-002','plan-Line-2-2026-02-07-002-005','XX0018','Instant Textaid A',2.76,'SPP',0,'2026-02-14 18:34:01','2026-02-14 18:34:01'),
(216,103,'plan-Line-2-2026-02-07-002','plan-Line-2-2026-02-07-002-006','RO-Water','RO-Water',840,'-',0,'2026-02-14 18:34:01','2026-02-14 18:34:01'),
(217,103,'plan-Line-2-2026-02-07-002','plan-Line-2-2026-02-07-002-006','MIS','MIS',480,'-',0,'2026-02-14 18:34:01','2026-02-14 18:34:01'),
(218,103,'plan-Line-2-2026-02-07-002','plan-Line-2-2026-02-07-002-006','CL001A','Caramel Colour Class III (INS 150c).',0.054,'FH',0,'2026-02-14 18:34:01','2026-02-14 18:34:01'),
(219,103,'plan-Line-2-2026-02-07-002','plan-Line-2-2026-02-07-002-006','FV041A','Sala Flavour Mane E20158434',2.4,'FH',0,'2026-02-14 18:34:01','2026-02-14 18:34:01'),
(220,103,'plan-Line-2-2026-02-07-002','plan-Line-2-2026-02-07-002-006','XX0018','Instant Textaid A',2.76,'SPP',0,'2026-02-14 18:34:01','2026-02-14 18:34:01'),
(221,104,'plan-Line-2-2026-02-07-002','plan-Line-2-2026-02-07-002-007','RO-Water','RO-Water',840,'-',0,'2026-02-14 18:34:01','2026-02-14 18:34:01'),
(222,104,'plan-Line-2-2026-02-07-002','plan-Line-2-2026-02-07-002-007','MIS','MIS',480,'-',0,'2026-02-14 18:34:01','2026-02-14 18:34:01'),
(223,104,'plan-Line-2-2026-02-07-002','plan-Line-2-2026-02-07-002-007','CL001A','Caramel Colour Class III (INS 150c).',0.054,'FH',0,'2026-02-14 18:34:01','2026-02-14 18:34:01'),
(224,104,'plan-Line-2-2026-02-07-002','plan-Line-2-2026-02-07-002-007','FV041A','Sala Flavour Mane E20158434',2.4,'FH',0,'2026-02-14 18:34:01','2026-02-14 18:34:01'),
(225,104,'plan-Line-2-2026-02-07-002','plan-Line-2-2026-02-07-002-007','XX0018','Instant Textaid A',2.76,'SPP',0,'2026-02-14 18:34:01','2026-02-14 18:34:01'),
(226,105,'plan-Line-2-2026-02-07-002','plan-Line-2-2026-02-07-002-008','RO-Water','RO-Water',840,'-',0,'2026-02-14 18:34:01','2026-02-14 18:34:01'),
(227,105,'plan-Line-2-2026-02-07-002','plan-Line-2-2026-02-07-002-008','MIS','MIS',480,'-',0,'2026-02-14 18:34:01','2026-02-14 18:34:01'),
(228,105,'plan-Line-2-2026-02-07-002','plan-Line-2-2026-02-07-002-008','CL001A','Caramel Colour Class III (INS 150c).',0.054,'FH',0,'2026-02-14 18:34:01','2026-02-14 18:34:01'),
(229,105,'plan-Line-2-2026-02-07-002','plan-Line-2-2026-02-07-002-008','FV041A','Sala Flavour Mane E20158434',2.4,'FH',0,'2026-02-14 18:34:01','2026-02-14 18:34:01'),
(230,105,'plan-Line-2-2026-02-07-002','plan-Line-2-2026-02-07-002-008','XX0018','Instant Textaid A',2.76,'SPP',0,'2026-02-14 18:34:01','2026-02-14 18:34:01'),
(231,106,'plan-Line-3-2026-02-07-003','plan-Line-3-2026-02-07-003-001','RO-Water','RO-Water',350,'-',0,'2026-02-14 18:34:01','2026-02-14 18:34:01'),
(232,106,'plan-Line-3-2026-02-07-003','plan-Line-3-2026-02-07-003-001','MIS','MIS',200,'-',0,'2026-02-14 18:34:01','2026-02-14 18:34:01'),
(233,106,'plan-Line-3-2026-02-07-003','plan-Line-3-2026-02-07-003-001','CL001A','Caramel Colour Class III (INS 150c).',0.0225,'FH',0,'2026-02-14 18:34:01','2026-02-14 18:34:01'),
(234,106,'plan-Line-3-2026-02-07-003','plan-Line-3-2026-02-07-003-001','FV041A','Sala Flavour Mane E20158434',1,'FH',0,'2026-02-14 18:34:01','2026-02-14 18:34:01'),
(235,106,'plan-Line-3-2026-02-07-003','plan-Line-3-2026-02-07-003-001','XX0018','Instant Textaid A',1.15,'SPP',0,'2026-02-14 18:34:01','2026-02-14 18:34:01'),
(236,107,'plan-Line-3-2026-02-07-003','plan-Line-3-2026-02-07-003-002','RO-Water','RO-Water',350,'-',0,'2026-02-14 18:34:01','2026-02-14 18:34:01'),
(237,107,'plan-Line-3-2026-02-07-003','plan-Line-3-2026-02-07-003-002','MIS','MIS',200,'-',0,'2026-02-14 18:34:01','2026-02-14 18:34:01'),
(238,107,'plan-Line-3-2026-02-07-003','plan-Line-3-2026-02-07-003-002','CL001A','Caramel Colour Class III (INS 150c).',0.0225,'FH',0,'2026-02-14 18:34:01','2026-02-14 18:34:01'),
(239,107,'plan-Line-3-2026-02-07-003','plan-Line-3-2026-02-07-003-002','FV041A','Sala Flavour Mane E20158434',1,'FH',0,'2026-02-14 18:34:01','2026-02-14 18:34:01'),
(240,107,'plan-Line-3-2026-02-07-003','plan-Line-3-2026-02-07-003-002','XX0018','Instant Textaid A',1.15,'SPP',0,'2026-02-14 18:34:01','2026-02-14 18:34:01'),
(241,108,'plan-Line-3-2026-02-07-003','plan-Line-3-2026-02-07-003-003','RO-Water','RO-Water',350,'-',0,'2026-02-14 18:34:01','2026-02-14 18:34:01'),
(242,108,'plan-Line-3-2026-02-07-003','plan-Line-3-2026-02-07-003-003','MIS','MIS',200,'-',0,'2026-02-14 18:34:01','2026-02-14 18:34:01'),
(243,108,'plan-Line-3-2026-02-07-003','plan-Line-3-2026-02-07-003-003','CL001A','Caramel Colour Class III (INS 150c).',0.0225,'FH',0,'2026-02-14 18:34:01','2026-02-14 18:34:01'),
(244,108,'plan-Line-3-2026-02-07-003','plan-Line-3-2026-02-07-003-003','FV041A','Sala Flavour Mane E20158434',1,'FH',0,'2026-02-14 18:34:01','2026-02-14 18:34:01'),
(245,108,'plan-Line-3-2026-02-07-003','plan-Line-3-2026-02-07-003-003','XX0018','Instant Textaid A',1.15,'SPP',0,'2026-02-14 18:34:01','2026-02-14 18:34:01'),
(246,109,'plan-Line-3-2026-02-07-003','plan-Line-3-2026-02-07-003-004','RO-Water','RO-Water',350,'-',0,'2026-02-14 18:34:01','2026-02-14 18:34:01'),
(247,109,'plan-Line-3-2026-02-07-003','plan-Line-3-2026-02-07-003-004','MIS','MIS',200,'-',0,'2026-02-14 18:34:01','2026-02-14 18:34:01'),
(248,109,'plan-Line-3-2026-02-07-003','plan-Line-3-2026-02-07-003-004','CL001A','Caramel Colour Class III (INS 150c).',0.0225,'FH',0,'2026-02-14 18:34:01','2026-02-14 18:34:01'),
(249,109,'plan-Line-3-2026-02-07-003','plan-Line-3-2026-02-07-003-004','FV041A','Sala Flavour Mane E20158434',1,'FH',0,'2026-02-14 18:34:01','2026-02-14 18:34:01'),
(250,109,'plan-Line-3-2026-02-07-003','plan-Line-3-2026-02-07-003-004','XX0018','Instant Textaid A',1.15,'SPP',0,'2026-02-14 18:34:01','2026-02-14 18:34:01'),
(251,110,'plan-Line-3-2026-02-07-003','plan-Line-3-2026-02-07-003-005','RO-Water','RO-Water',350,'-',0,'2026-02-14 18:34:01','2026-02-14 18:34:01'),
(252,110,'plan-Line-3-2026-02-07-003','plan-Line-3-2026-02-07-003-005','MIS','MIS',200,'-',0,'2026-02-14 18:34:01','2026-02-14 18:34:01'),
(253,110,'plan-Line-3-2026-02-07-003','plan-Line-3-2026-02-07-003-005','CL001A','Caramel Colour Class III (INS 150c).',0.0225,'FH',0,'2026-02-14 18:34:01','2026-02-14 18:34:01'),
(254,110,'plan-Line-3-2026-02-07-003','plan-Line-3-2026-02-07-003-005','FV041A','Sala Flavour Mane E20158434',1,'FH',0,'2026-02-14 18:34:01','2026-02-14 18:34:01'),
(255,110,'plan-Line-3-2026-02-07-003','plan-Line-3-2026-02-07-003-005','XX0018','Instant Textaid A',1.15,'SPP',0,'2026-02-14 18:34:01','2026-02-14 18:34:01'),
(256,111,'plan-Line-3-2026-02-07-003','plan-Line-3-2026-02-07-003-006','RO-Water','RO-Water',350,'-',0,'2026-02-14 18:34:01','2026-02-14 18:34:01'),
(257,111,'plan-Line-3-2026-02-07-003','plan-Line-3-2026-02-07-003-006','MIS','MIS',200,'-',0,'2026-02-14 18:34:01','2026-02-14 18:34:01'),
(258,111,'plan-Line-3-2026-02-07-003','plan-Line-3-2026-02-07-003-006','CL001A','Caramel Colour Class III (INS 150c).',0.0225,'FH',0,'2026-02-14 18:34:01','2026-02-14 18:34:01'),
(259,111,'plan-Line-3-2026-02-07-003','plan-Line-3-2026-02-07-003-006','FV041A','Sala Flavour Mane E20158434',1,'FH',0,'2026-02-14 18:34:01','2026-02-14 18:34:01'),
(260,111,'plan-Line-3-2026-02-07-003','plan-Line-3-2026-02-07-003-006','XX0018','Instant Textaid A',1.15,'SPP',0,'2026-02-14 18:34:01','2026-02-14 18:34:01'),
(261,112,'plan-Line-3-2026-02-07-003','plan-Line-3-2026-02-07-003-007','RO-Water','RO-Water',350,'-',0,'2026-02-14 18:34:01','2026-02-14 18:34:01'),
(262,112,'plan-Line-3-2026-02-07-003','plan-Line-3-2026-02-07-003-007','MIS','MIS',200,'-',0,'2026-02-14 18:34:01','2026-02-14 18:34:01'),
(263,112,'plan-Line-3-2026-02-07-003','plan-Line-3-2026-02-07-003-007','CL001A','Caramel Colour Class III (INS 150c).',0.0225,'FH',0,'2026-02-14 18:34:01','2026-02-14 18:34:01'),
(264,112,'plan-Line-3-2026-02-07-003','plan-Line-3-2026-02-07-003-007','FV041A','Sala Flavour Mane E20158434',1,'FH',0,'2026-02-14 18:34:01','2026-02-14 18:34:01'),
(265,112,'plan-Line-3-2026-02-07-003','plan-Line-3-2026-02-07-003-007','XX0018','Instant Textaid A',1.15,'SPP',0,'2026-02-14 18:34:01','2026-02-14 18:34:01'),
(266,113,'plan-Line-3-2026-02-07-003','plan-Line-3-2026-02-07-003-008','RO-Water','RO-Water',350,'-',0,'2026-02-14 18:34:01','2026-02-14 18:34:01'),
(267,113,'plan-Line-3-2026-02-07-003','plan-Line-3-2026-02-07-003-008','MIS','MIS',200,'-',0,'2026-02-14 18:34:01','2026-02-14 18:34:01'),
(268,113,'plan-Line-3-2026-02-07-003','plan-Line-3-2026-02-07-003-008','CL001A','Caramel Colour Class III (INS 150c).',0.0225,'FH',0,'2026-02-14 18:34:01','2026-02-14 18:34:01'),
(269,113,'plan-Line-3-2026-02-07-003','plan-Line-3-2026-02-07-003-008','FV041A','Sala Flavour Mane E20158434',1,'FH',0,'2026-02-14 18:34:01','2026-02-14 18:34:01'),
(270,113,'plan-Line-3-2026-02-07-003','plan-Line-3-2026-02-07-003-008','XX0018','Instant Textaid A',1.15,'SPP',0,'2026-02-14 18:34:01','2026-02-14 18:34:01'),
(271,114,'plan-Line-3-2026-02-07-003','plan-Line-3-2026-02-07-003-009','RO-Water','RO-Water',350,'-',0,'2026-02-14 18:34:01','2026-02-14 18:34:01'),
(272,114,'plan-Line-3-2026-02-07-003','plan-Line-3-2026-02-07-003-009','MIS','MIS',200,'-',0,'2026-02-14 18:34:01','2026-02-14 18:34:01'),
(273,114,'plan-Line-3-2026-02-07-003','plan-Line-3-2026-02-07-003-009','CL001A','Caramel Colour Class III (INS 150c).',0.0225,'FH',0,'2026-02-14 18:34:01','2026-02-14 18:34:01'),
(274,114,'plan-Line-3-2026-02-07-003','plan-Line-3-2026-02-07-003-009','FV041A','Sala Flavour Mane E20158434',1,'FH',0,'2026-02-14 18:34:01','2026-02-14 18:34:01'),
(275,114,'plan-Line-3-2026-02-07-003','plan-Line-3-2026-02-07-003-009','XX0018','Instant Textaid A',1.15,'SPP',0,'2026-02-14 18:34:01','2026-02-14 18:34:01'),
(276,115,'plan-Line-3-2026-02-07-003','plan-Line-3-2026-02-07-003-010','RO-Water','RO-Water',350,'-',0,'2026-02-14 18:34:01','2026-02-14 18:34:01'),
(277,115,'plan-Line-3-2026-02-07-003','plan-Line-3-2026-02-07-003-010','MIS','MIS',200,'-',0,'2026-02-14 18:34:01','2026-02-14 18:34:01'),
(278,115,'plan-Line-3-2026-02-07-003','plan-Line-3-2026-02-07-003-010','CL001A','Caramel Colour Class III (INS 150c).',0.0225,'FH',0,'2026-02-14 18:34:01','2026-02-14 18:34:01'),
(279,115,'plan-Line-3-2026-02-07-003','plan-Line-3-2026-02-07-003-010','FV041A','Sala Flavour Mane E20158434',1,'FH',0,'2026-02-14 18:34:01','2026-02-14 18:34:01'),
(280,115,'plan-Line-3-2026-02-07-003','plan-Line-3-2026-02-07-003-010','XX0018','Instant Textaid A',1.15,'SPP',0,'2026-02-14 18:34:01','2026-02-14 18:34:01'),
(281,116,'plan-Line-3-2026-02-07-003','plan-Line-3-2026-02-07-003-011','RO-Water','RO-Water',350,'-',0,'2026-02-14 18:34:01','2026-02-14 18:34:01'),
(282,116,'plan-Line-3-2026-02-07-003','plan-Line-3-2026-02-07-003-011','MIS','MIS',200,'-',0,'2026-02-14 18:34:01','2026-02-14 18:34:01'),
(283,116,'plan-Line-3-2026-02-07-003','plan-Line-3-2026-02-07-003-011','CL001A','Caramel Colour Class III (INS 150c).',0.0225,'FH',0,'2026-02-14 18:34:01','2026-02-14 18:34:01'),
(284,116,'plan-Line-3-2026-02-07-003','plan-Line-3-2026-02-07-003-011','FV041A','Sala Flavour Mane E20158434',1,'FH',0,'2026-02-14 18:34:01','2026-02-14 18:34:01'),
(285,116,'plan-Line-3-2026-02-07-003','plan-Line-3-2026-02-07-003-011','XX0018','Instant Textaid A',1.15,'SPP',0,'2026-02-14 18:34:01','2026-02-14 18:34:01'),
(286,117,'plan-Line-3-2026-02-07-003','plan-Line-3-2026-02-07-003-012','RO-Water','RO-Water',350,'-',0,'2026-02-14 18:34:01','2026-02-14 18:34:01'),
(287,117,'plan-Line-3-2026-02-07-003','plan-Line-3-2026-02-07-003-012','MIS','MIS',200,'-',0,'2026-02-14 18:34:01','2026-02-14 18:34:01'),
(288,117,'plan-Line-3-2026-02-07-003','plan-Line-3-2026-02-07-003-012','CL001A','Caramel Colour Class III (INS 150c).',0.0225,'FH',0,'2026-02-14 18:34:01','2026-02-14 18:34:01'),
(289,117,'plan-Line-3-2026-02-07-003','plan-Line-3-2026-02-07-003-012','FV041A','Sala Flavour Mane E20158434',1,'FH',0,'2026-02-14 18:34:01','2026-02-14 18:34:01'),
(290,117,'plan-Line-3-2026-02-07-003','plan-Line-3-2026-02-07-003-012','XX0018','Instant Textaid A',1.15,'SPP',0,'2026-02-14 18:34:01','2026-02-14 18:34:01'),
(291,118,'plan-Line-3-2026-02-07-003','plan-Line-3-2026-02-07-003-013','RO-Water','RO-Water',350,'-',0,'2026-02-14 18:34:01','2026-02-14 18:34:01'),
(292,118,'plan-Line-3-2026-02-07-003','plan-Line-3-2026-02-07-003-013','MIS','MIS',200,'-',0,'2026-02-14 18:34:01','2026-02-14 18:34:01'),
(293,118,'plan-Line-3-2026-02-07-003','plan-Line-3-2026-02-07-003-013','CL001A','Caramel Colour Class III (INS 150c).',0.0225,'FH',0,'2026-02-14 18:34:01','2026-02-14 18:34:01'),
(294,118,'plan-Line-3-2026-02-07-003','plan-Line-3-2026-02-07-003-013','FV041A','Sala Flavour Mane E20158434',1,'FH',0,'2026-02-14 18:34:01','2026-02-14 18:34:01'),
(295,118,'plan-Line-3-2026-02-07-003','plan-Line-3-2026-02-07-003-013','XX0018','Instant Textaid A',1.15,'SPP',0,'2026-02-14 18:34:01','2026-02-14 18:34:01'),
(296,119,'plan-Line-3-2026-02-07-003','plan-Line-3-2026-02-07-003-014','RO-Water','RO-Water',350,'-',0,'2026-02-14 18:34:01','2026-02-14 18:34:01'),
(297,119,'plan-Line-3-2026-02-07-003','plan-Line-3-2026-02-07-003-014','MIS','MIS',200,'-',0,'2026-02-14 18:34:01','2026-02-14 18:34:01'),
(298,119,'plan-Line-3-2026-02-07-003','plan-Line-3-2026-02-07-003-014','CL001A','Caramel Colour Class III (INS 150c).',0.0225,'FH',0,'2026-02-14 18:34:01','2026-02-14 18:34:01'),
(299,119,'plan-Line-3-2026-02-07-003','plan-Line-3-2026-02-07-003-014','FV041A','Sala Flavour Mane E20158434',1,'FH',0,'2026-02-14 18:34:01','2026-02-14 18:34:01'),
(300,119,'plan-Line-3-2026-02-07-003','plan-Line-3-2026-02-07-003-014','XX0018','Instant Textaid A',1.15,'SPP',0,'2026-02-14 18:34:01','2026-02-14 18:34:01'),
(301,120,'plan-Line-3-2026-02-07-003','plan-Line-3-2026-02-07-003-015','RO-Water','RO-Water',350,'-',0,'2026-02-14 18:34:01','2026-02-14 18:34:01'),
(302,120,'plan-Line-3-2026-02-07-003','plan-Line-3-2026-02-07-003-015','MIS','MIS',200,'-',0,'2026-02-14 18:34:01','2026-02-14 18:34:01'),
(303,120,'plan-Line-3-2026-02-07-003','plan-Line-3-2026-02-07-003-015','CL001A','Caramel Colour Class III (INS 150c).',0.0225,'FH',0,'2026-02-14 18:34:01','2026-02-14 18:34:01'),
(304,120,'plan-Line-3-2026-02-07-003','plan-Line-3-2026-02-07-003-015','FV041A','Sala Flavour Mane E20158434',1,'FH',0,'2026-02-14 18:34:01','2026-02-14 18:34:01'),
(305,120,'plan-Line-3-2026-02-07-003','plan-Line-3-2026-02-07-003-015','XX0018','Instant Textaid A',1.15,'SPP',0,'2026-02-14 18:34:01','2026-02-14 18:34:01'),
(306,121,'plan-Line-3-2026-02-07-003','plan-Line-3-2026-02-07-003-016','RO-Water','RO-Water',350,'-',0,'2026-02-14 18:34:01','2026-02-14 18:34:01'),
(307,121,'plan-Line-3-2026-02-07-003','plan-Line-3-2026-02-07-003-016','MIS','MIS',200,'-',0,'2026-02-14 18:34:01','2026-02-14 18:34:01'),
(308,121,'plan-Line-3-2026-02-07-003','plan-Line-3-2026-02-07-003-016','CL001A','Caramel Colour Class III (INS 150c).',0.0225,'FH',0,'2026-02-14 18:34:01','2026-02-14 18:34:01'),
(309,121,'plan-Line-3-2026-02-07-003','plan-Line-3-2026-02-07-003-016','FV041A','Sala Flavour Mane E20158434',1,'FH',0,'2026-02-14 18:34:01','2026-02-14 18:34:01'),
(310,121,'plan-Line-3-2026-02-07-003','plan-Line-3-2026-02-07-003-016','XX0018','Instant Textaid A',1.15,'SPP',0,'2026-02-14 18:34:01','2026-02-14 18:34:01'),
(311,123,'plan-SimPlant-2026-02-15-001','plan-SimPlant-2026-02-15-001-001','RO-Water','RO-Water',700,'-',0,'2026-02-14 18:34:01','2026-02-14 18:34:01'),
(312,123,'plan-SimPlant-2026-02-15-001','plan-SimPlant-2026-02-15-001-001','MIS','MIS',400,'-',0,'2026-02-14 18:34:01','2026-02-14 18:34:01'),
(313,124,'plan-SimPlant-2026-02-15-001','plan-SimPlant-2026-02-15-001-002','RO-Water','RO-Water',700,'-',0,'2026-02-14 18:34:01','2026-02-14 18:34:01'),
(314,124,'plan-SimPlant-2026-02-15-001','plan-SimPlant-2026-02-15-001-002','MIS','MIS',400,'-',0,'2026-02-14 18:34:01','2026-02-14 18:34:01'),
(315,129,'plan-Line-2-2026-02-15-001','plan-Line-2-2026-02-15-001-001','RO-Water','RO-Water',70,'-',0,'2026-02-14 18:34:01','2026-02-14 18:34:01'),
(316,129,'plan-Line-2-2026-02-15-001','plan-Line-2-2026-02-15-001-001','MIS','MIS',40,'-',0,'2026-02-14 18:34:01','2026-02-14 18:34:01'),
(317,129,'plan-Line-2-2026-02-15-001','plan-Line-2-2026-02-15-001-001','CL001A','Caramel Colour Class III (INS 150c).',0.0045,'FH',0,'2026-02-14 18:34:01','2026-02-14 18:34:01'),
(318,129,'plan-Line-2-2026-02-15-001','plan-Line-2-2026-02-15-001-001','FV041A','Sala Flavour Mane E20158434',0.2,'FH',0,'2026-02-14 18:34:01','2026-02-14 18:34:01'),
(319,129,'plan-Line-2-2026-02-15-001','plan-Line-2-2026-02-15-001-001','XX0018','Instant Textaid A',0.23,'SPP',0,'2026-02-14 18:34:01','2026-02-14 18:34:01'),
(320,130,'plan-Line-2-2026-02-15-001','plan-Line-2-2026-02-15-001-002','RO-Water','RO-Water',70,'-',0,'2026-02-14 18:34:01','2026-02-14 18:34:01'),
(321,130,'plan-Line-2-2026-02-15-001','plan-Line-2-2026-02-15-001-002','MIS','MIS',40,'-',0,'2026-02-14 18:34:01','2026-02-14 18:34:01'),
(322,130,'plan-Line-2-2026-02-15-001','plan-Line-2-2026-02-15-001-002','CL001A','Caramel Colour Class III (INS 150c).',0.0045,'FH',0,'2026-02-14 18:34:01','2026-02-14 18:34:01'),
(323,130,'plan-Line-2-2026-02-15-001','plan-Line-2-2026-02-15-001-002','FV041A','Sala Flavour Mane E20158434',0.2,'FH',0,'2026-02-14 18:34:01','2026-02-14 18:34:01'),
(324,130,'plan-Line-2-2026-02-15-001','plan-Line-2-2026-02-15-001-002','XX0018','Instant Textaid A',0.23,'SPP',0,'2026-02-14 18:34:01','2026-02-14 18:34:01');
/*!40000 ALTER TABLE `prebatch_reqs` ENABLE KEYS */;
UNLOCK TABLES;
COMMIT;
SET AUTOCOMMIT=@OLD_AUTOCOMMIT;

--
-- Table structure for table `prebatch_scans`
--

DROP TABLE IF EXISTS `prebatch_scans`;
/*!40101 SET @saved_cs_client     = @@character_set_client */;
/*!40101 SET character_set_client = utf8mb4 */;
CREATE TABLE `prebatch_scans` (
  `id` int NOT NULL AUTO_INCREMENT,
  `item_id` int NOT NULL,
  `batch_record_id` varchar(100) NOT NULL,
  `package_no` int DEFAULT NULL,
  `total_packages` int DEFAULT NULL,
  `net_volume` float DEFAULT NULL,
  `total_volume` float DEFAULT NULL,
  `total_request_volume` float DEFAULT NULL,
  `intake_lot_id` varchar(50) DEFAULT NULL,
  `created_at` timestamp NULL DEFAULT CURRENT_TIMESTAMP,
  PRIMARY KEY (`id`),
  UNIQUE KEY `ix_prebatch_scans_batch_record_id` (`batch_record_id`),
  KEY `item_id` (`item_id`),
  KEY `ix_prebatch_scans_id` (`id`),
  KEY `ix_prebatch_scans_intake_lot_id` (`intake_lot_id`),
  CONSTRAINT `prebatch_scans_ibfk_1` FOREIGN KEY (`item_id`) REFERENCES `prebatch_items` (`id`)
) ENGINE=InnoDB AUTO_INCREMENT=5 DEFAULT CHARSET=utf8mb4 COLLATE=utf8mb4_0900_ai_ci;
/*!40101 SET character_set_client = @saved_cs_client */;

--
-- Dumping data for table `prebatch_scans`
--

SET @OLD_AUTOCOMMIT=@@AUTOCOMMIT, @@AUTOCOMMIT=0;
LOCK TABLES `prebatch_scans` WRITE;
/*!40000 ALTER TABLE `prebatch_scans` DISABLE KEYS */;
/*!40000 ALTER TABLE `prebatch_scans` ENABLE KEYS */;
UNLOCK TABLES;
COMMIT;
SET AUTOCOMMIT=@OLD_AUTOCOMMIT;

--
-- Table structure for table `production_batches`
--

DROP TABLE IF EXISTS `production_batches`;
/*!40101 SET @saved_cs_client     = @@character_set_client */;
/*!40101 SET character_set_client = utf8mb4 */;
CREATE TABLE `production_batches` (
  `id` int NOT NULL AUTO_INCREMENT,
  `plan_id` int NOT NULL,
  `batch_id` varchar(100) NOT NULL,
  `sku_id` varchar(50) NOT NULL,
  `plant` varchar(50) DEFAULT NULL,
  `batch_size` float DEFAULT NULL,
  `status` varchar(50) DEFAULT NULL,
  `created_at` timestamp NULL DEFAULT CURRENT_TIMESTAMP,
  `updated_at` timestamp NULL DEFAULT CURRENT_TIMESTAMP ON UPDATE CURRENT_TIMESTAMP,
  `flavour_house` tinyint(1) DEFAULT '0',
  `spp` tinyint(1) DEFAULT '0',
  `batch_prepare` tinyint(1) DEFAULT '0',
  `ready_to_product` tinyint(1) DEFAULT '0',
  `production` tinyint(1) DEFAULT '0',
  `done` tinyint(1) DEFAULT '0',
  PRIMARY KEY (`id`),
  UNIQUE KEY `ix_production_batches_batch_id` (`batch_id`),
  KEY `plan_id` (`plan_id`),
  KEY `ix_production_batches_id` (`id`),
  CONSTRAINT `production_batches_ibfk_1` FOREIGN KEY (`plan_id`) REFERENCES `production_plans` (`id`)
) ENGINE=InnoDB AUTO_INCREMENT=131 DEFAULT CHARSET=utf8mb4 COLLATE=utf8mb4_0900_ai_ci;
/*!40101 SET character_set_client = @saved_cs_client */;

--
-- Dumping data for table `production_batches`
--

SET @OLD_AUTOCOMMIT=@@AUTOCOMMIT, @@AUTOCOMMIT=0;
LOCK TABLES `production_batches` WRITE;
/*!40000 ALTER TABLE `production_batches` DISABLE KEYS */;
INSERT INTO `production_batches` VALUES
(88,11,'plan-Line-1-2026-02-04-001-001','SKU-CONCEPT-01','Line-1',1200,'Prepared','2026-02-04 12:22:49','2026-02-12 03:17:07',0,0,1,0,0,0),
(89,11,'plan-Line-1-2026-02-04-001-002','SKU-CONCEPT-01','Line-1',1200,'Created','2026-02-04 12:22:49','2026-02-04 12:22:49',0,0,0,0,0,0),
(90,11,'plan-Line-1-2026-02-04-001-003','SKU-CONCEPT-01','Line-1',1200,'Prepared','2026-02-04 12:22:49','2026-02-12 03:21:18',0,0,1,0,0,0),
(91,11,'plan-Line-1-2026-02-04-001-004','SKU-CONCEPT-01','Line-1',1200,'Created','2026-02-04 12:22:49','2026-02-04 12:22:49',0,0,0,0,0,0),
(92,11,'plan-Line-1-2026-02-04-001-005','SKU-CONCEPT-01','Line-1',1200,'Created','2026-02-04 12:22:49','2026-02-04 12:22:49',0,0,0,0,0,0),
(93,12,'plan-Line-1-2026-02-07-001-001','SKU-CONCEPT-01-001','Line-1',1200,'Prepared','2026-02-07 15:16:04','2026-02-12 03:17:09',0,0,1,0,0,0),
(94,12,'plan-Line-1-2026-02-07-001-002','SKU-CONCEPT-01-001','Line-1',1200,'Created','2026-02-07 15:16:04','2026-02-07 15:16:04',0,0,0,0,0,0),
(95,12,'plan-Line-1-2026-02-07-001-003','SKU-CONCEPT-01-001','Line-1',1200,'Created','2026-02-07 15:16:04','2026-02-07 15:16:04',0,0,0,0,0,0),
(96,12,'plan-Line-1-2026-02-07-001-004','SKU-CONCEPT-01-001','Line-1',1200,'Created','2026-02-07 15:16:04','2026-02-07 15:16:04',0,0,0,0,0,0),
(97,12,'plan-Line-1-2026-02-07-001-005','SKU-CONCEPT-01-001','Line-1',1200,'Created','2026-02-07 15:16:04','2026-02-07 15:16:04',0,0,0,0,0,0),
(98,13,'plan-Line-2-2026-02-07-002-001','SKU-CONCEPT-01-001','Line-2',1200,'Created','2026-02-07 16:14:58','2026-02-07 16:14:58',0,0,0,0,0,0),
(99,13,'plan-Line-2-2026-02-07-002-002','SKU-CONCEPT-01-001','Line-2',1200,'Created','2026-02-07 16:14:58','2026-02-07 16:14:58',0,0,0,0,0,0),
(100,13,'plan-Line-2-2026-02-07-002-003','SKU-CONCEPT-01-001','Line-2',1200,'Created','2026-02-07 16:14:58','2026-02-07 16:14:58',0,0,0,0,0,0),
(101,13,'plan-Line-2-2026-02-07-002-004','SKU-CONCEPT-01-001','Line-2',1200,'Created','2026-02-07 16:14:58','2026-02-07 16:14:58',0,0,0,0,0,0),
(102,13,'plan-Line-2-2026-02-07-002-005','SKU-CONCEPT-01-001','Line-2',1200,'Created','2026-02-07 16:14:58','2026-02-07 16:14:58',0,0,0,0,0,0),
(103,13,'plan-Line-2-2026-02-07-002-006','SKU-CONCEPT-01-001','Line-2',1200,'Created','2026-02-07 16:14:58','2026-02-07 16:14:58',0,0,0,0,0,0),
(104,13,'plan-Line-2-2026-02-07-002-007','SKU-CONCEPT-01-001','Line-2',1200,'Created','2026-02-07 16:14:58','2026-02-07 16:14:58',0,0,0,0,0,0),
(105,13,'plan-Line-2-2026-02-07-002-008','SKU-CONCEPT-01-001','Line-2',1200,'Created','2026-02-07 16:14:58','2026-02-07 16:14:58',0,0,0,0,0,0),
(106,14,'plan-Line-3-2026-02-07-003-001','SKU-CONCEPT-01-001','Line-3',500,'Created','2026-02-07 16:29:31','2026-02-07 16:29:31',0,0,0,0,0,0),
(107,14,'plan-Line-3-2026-02-07-003-002','SKU-CONCEPT-01-001','Line-3',500,'Created','2026-02-07 16:29:31','2026-02-07 16:29:31',0,0,0,0,0,0),
(108,14,'plan-Line-3-2026-02-07-003-003','SKU-CONCEPT-01-001','Line-3',500,'Created','2026-02-07 16:29:31','2026-02-07 16:29:31',0,0,0,0,0,0),
(109,14,'plan-Line-3-2026-02-07-003-004','SKU-CONCEPT-01-001','Line-3',500,'Created','2026-02-07 16:29:31','2026-02-07 16:29:31',0,0,0,0,0,0),
(110,14,'plan-Line-3-2026-02-07-003-005','SKU-CONCEPT-01-001','Line-3',500,'Created','2026-02-07 16:29:31','2026-02-07 16:29:31',0,0,0,0,0,0),
(111,14,'plan-Line-3-2026-02-07-003-006','SKU-CONCEPT-01-001','Line-3',500,'Created','2026-02-07 16:29:31','2026-02-07 16:29:31',0,0,0,0,0,0),
(112,14,'plan-Line-3-2026-02-07-003-007','SKU-CONCEPT-01-001','Line-3',500,'Created','2026-02-07 16:29:31','2026-02-07 16:29:31',0,0,0,0,0,0),
(113,14,'plan-Line-3-2026-02-07-003-008','SKU-CONCEPT-01-001','Line-3',500,'Created','2026-02-07 16:29:31','2026-02-07 16:29:31',0,0,0,0,0,0),
(114,14,'plan-Line-3-2026-02-07-003-009','SKU-CONCEPT-01-001','Line-3',500,'Created','2026-02-07 16:29:31','2026-02-07 16:29:31',0,0,0,0,0,0),
(115,14,'plan-Line-3-2026-02-07-003-010','SKU-CONCEPT-01-001','Line-3',500,'Created','2026-02-07 16:29:31','2026-02-07 16:29:31',0,0,0,0,0,0),
(116,14,'plan-Line-3-2026-02-07-003-011','SKU-CONCEPT-01-001','Line-3',500,'Created','2026-02-07 16:29:31','2026-02-07 16:29:31',0,0,0,0,0,0),
(117,14,'plan-Line-3-2026-02-07-003-012','SKU-CONCEPT-01-001','Line-3',500,'Created','2026-02-07 16:29:31','2026-02-07 16:29:31',0,0,0,0,0,0),
(118,14,'plan-Line-3-2026-02-07-003-013','SKU-CONCEPT-01-001','Line-3',500,'Created','2026-02-07 16:29:31','2026-02-07 16:29:31',0,0,0,0,0,0),
(119,14,'plan-Line-3-2026-02-07-003-014','SKU-CONCEPT-01-001','Line-3',500,'Created','2026-02-07 16:29:31','2026-02-07 16:29:31',0,0,0,0,0,0),
(120,14,'plan-Line-3-2026-02-07-003-015','SKU-CONCEPT-01-001','Line-3',500,'Created','2026-02-07 16:29:31','2026-02-07 16:29:31',0,0,0,0,0,0),
(121,14,'plan-Line-3-2026-02-07-003-016','SKU-CONCEPT-01-001','Line-3',500,'Created','2026-02-07 16:29:31','2026-02-07 16:29:31',0,0,0,0,0,0),
(123,16,'plan-SimPlant-2026-02-15-001-001','SKU-CONCEPT-01','Sim Plant',1000,'Prepared','2026-02-14 17:34:43','2026-02-14 17:34:45',0,0,1,0,0,0),
(124,16,'plan-SimPlant-2026-02-15-001-002','SKU-CONCEPT-01','Sim Plant',1000,'Created','2026-02-14 17:34:44','2026-02-14 17:34:44',0,0,0,0,0,0),
(129,20,'plan-Line-2-2026-02-15-001-001','SKU-CONCEPT-01-001','Line-2',100,'Created','2026-02-14 18:06:37','2026-02-14 18:06:37',0,0,0,0,0,0),
(130,20,'plan-Line-2-2026-02-15-001-002','SKU-CONCEPT-01-001','Line-2',100,'Created','2026-02-14 18:06:37','2026-02-14 18:06:37',0,0,0,0,0,0);
/*!40000 ALTER TABLE `production_batches` ENABLE KEYS */;
UNLOCK TABLES;
COMMIT;
SET AUTOCOMMIT=@OLD_AUTOCOMMIT;

--
-- Table structure for table `production_orders`
--

DROP TABLE IF EXISTS `production_orders`;
/*!40101 SET @saved_cs_client     = @@character_set_client */;
/*!40101 SET character_set_client = utf8mb4 */;
CREATE TABLE `production_orders` (
  `id` int NOT NULL AUTO_INCREMENT,
  `order_number` varchar(50) NOT NULL,
  `plant_id` int NOT NULL,
  `recipe_id` int NOT NULL,
  `target_quantity` decimal(10,2) NOT NULL,
  `start_date` date DEFAULT NULL,
  `status` enum('planned','released','in_progress','completed','cancelled') DEFAULT 'planned',
  `created_at` timestamp NULL DEFAULT CURRENT_TIMESTAMP,
  PRIMARY KEY (`id`),
  UNIQUE KEY `order_number` (`order_number`),
  KEY `plant_id` (`plant_id`),
  KEY `recipe_id` (`recipe_id`),
  CONSTRAINT `production_orders_ibfk_1` FOREIGN KEY (`plant_id`) REFERENCES `plants` (`id`),
  CONSTRAINT `production_orders_ibfk_2` FOREIGN KEY (`recipe_id`) REFERENCES `recipes` (`id`)
) ENGINE=InnoDB AUTO_INCREMENT=4 DEFAULT CHARSET=utf8mb4 COLLATE=utf8mb4_0900_ai_ci;
/*!40101 SET character_set_client = @saved_cs_client */;

--
-- Dumping data for table `production_orders`
--

SET @OLD_AUTOCOMMIT=@@AUTOCOMMIT, @@AUTOCOMMIT=0;
LOCK TABLES `production_orders` WRITE;
/*!40000 ALTER TABLE `production_orders` DISABLE KEYS */;
INSERT INTO `production_orders` VALUES
(1,'PO-20231010-001',1,1,500.00,'2023-10-10','completed','2026-01-10 11:20:50'),
(2,'PO-20231011-002',1,1,200.00,'2023-10-11','in_progress','2026-01-10 11:20:50'),
(3,'PO-20231012-003',1,1,1000.00,'2023-10-12','planned','2026-01-10 11:20:50');
/*!40000 ALTER TABLE `production_orders` ENABLE KEYS */;
UNLOCK TABLES;
COMMIT;
SET AUTOCOMMIT=@OLD_AUTOCOMMIT;

--
-- Table structure for table `production_plan_history`
--

DROP TABLE IF EXISTS `production_plan_history`;
/*!40101 SET @saved_cs_client     = @@character_set_client */;
/*!40101 SET character_set_client = utf8mb4 */;
CREATE TABLE `production_plan_history` (
  `id` int NOT NULL AUTO_INCREMENT,
  `plan_db_id` int NOT NULL,
  `action` varchar(50) NOT NULL,
  `old_status` varchar(20) DEFAULT NULL,
  `new_status` varchar(20) DEFAULT NULL,
  `remarks` varchar(255) DEFAULT NULL,
  `changed_by` varchar(50) NOT NULL,
  `changed_at` timestamp NULL DEFAULT CURRENT_TIMESTAMP,
  PRIMARY KEY (`id`),
  KEY `plan_db_id` (`plan_db_id`),
  CONSTRAINT `production_plan_history_ibfk_1` FOREIGN KEY (`plan_db_id`) REFERENCES `production_plans` (`id`) ON DELETE CASCADE
) ENGINE=InnoDB AUTO_INCREMENT=17 DEFAULT CHARSET=utf8mb4 COLLATE=utf8mb4_0900_ai_ci;
/*!40101 SET character_set_client = @saved_cs_client */;

--
-- Dumping data for table `production_plan_history`
--

SET @OLD_AUTOCOMMIT=@@AUTOCOMMIT, @@AUTOCOMMIT=0;
LOCK TABLES `production_plan_history` WRITE;
/*!40000 ALTER TABLE `production_plan_history` DISABLE KEYS */;
INSERT INTO `production_plan_history` VALUES
(7,11,'create',NULL,'Planned','Plan created','system','2026-02-04 12:22:49'),
(8,12,'create',NULL,'Planned','Plan created','system','2026-02-07 15:16:04'),
(9,13,'create',NULL,'Planned','Plan created','system','2026-02-07 16:14:58'),
(10,14,'create',NULL,'Planned','Plan created','system','2026-02-07 16:29:30'),
(11,15,'create',NULL,'In-Progress','Plan created','simulator','2026-02-14 17:34:13'),
(12,16,'create',NULL,'In-Progress','Plan created','simulator','2026-02-14 17:34:43'),
(13,17,'create',NULL,'Created','Plan created','SystemSim','2026-02-14 18:04:45'),
(14,18,'create',NULL,'Created','Plan created','SystemSim','2026-02-14 18:05:01'),
(15,19,'create',NULL,'Created','Plan created','SystemSim','2026-02-14 18:05:25'),
(16,20,'create',NULL,'Created','Plan created','SystemSim','2026-02-14 18:06:37');
/*!40000 ALTER TABLE `production_plan_history` ENABLE KEYS */;
UNLOCK TABLES;
COMMIT;
SET AUTOCOMMIT=@OLD_AUTOCOMMIT;

--
-- Table structure for table `production_plans`
--

DROP TABLE IF EXISTS `production_plans`;
/*!40101 SET @saved_cs_client     = @@character_set_client */;
/*!40101 SET character_set_client = utf8mb4 */;
CREATE TABLE `production_plans` (
  `id` int NOT NULL AUTO_INCREMENT,
  `sku_id` varchar(50) NOT NULL,
  `sku_name` varchar(200) DEFAULT NULL,
  `plant` varchar(50) DEFAULT NULL,
  `total_volume` float DEFAULT NULL,
  `batch_size` float DEFAULT NULL,
  `num_batches` int DEFAULT NULL,
  `start_date` date DEFAULT NULL,
  `finish_date` date DEFAULT NULL,
  `status` varchar(20) DEFAULT NULL,
  `created_at` timestamp NULL DEFAULT CURRENT_TIMESTAMP,
  `updated_at` timestamp NULL DEFAULT CURRENT_TIMESTAMP ON UPDATE CURRENT_TIMESTAMP,
  `flavour_house` tinyint(1) DEFAULT '0',
  `spp` tinyint(1) DEFAULT '0',
  `batch_prepare` tinyint(1) DEFAULT '0',
  `ready_to_product` tinyint(1) DEFAULT '0',
  `production` tinyint(1) DEFAULT '0',
  `done` tinyint(1) DEFAULT '0',
  `plan_id` varchar(50) DEFAULT NULL,
  `total_plan_volume` float DEFAULT NULL,
  `created_by` varchar(50) DEFAULT NULL,
  `updated_by` varchar(50) DEFAULT NULL,
  PRIMARY KEY (`id`),
  KEY `ix_production_plans_id` (`id`),
  KEY `ix_production_plans_plan_id` (`plan_id`)
) ENGINE=InnoDB AUTO_INCREMENT=21 DEFAULT CHARSET=utf8mb4 COLLATE=utf8mb4_0900_ai_ci;
/*!40101 SET character_set_client = @saved_cs_client */;

--
-- Dumping data for table `production_plans`
--

SET @OLD_AUTOCOMMIT=@@AUTOCOMMIT, @@AUTOCOMMIT=0;
LOCK TABLES `production_plans` WRITE;
/*!40000 ALTER TABLE `production_plans` DISABLE KEYS */;
INSERT INTO `production_plans` VALUES
(11,'SKU-CONCEPT-01','Concept Design Test Product','Line-1',6000,1200,5,'2026-02-04','2026-02-08','Planned','2026-02-04 12:22:49','2026-02-04 12:22:49',0,0,0,0,0,0,'plan-Line-1-2026-02-04-001',6000,'system',NULL),
(12,'SKU-CONCEPT-01-001','Concept Design Test Product (Copy)','Line-1',5000,1200,5,'2026-02-07','2026-02-14','Planned','2026-02-07 15:16:03','2026-02-07 15:16:03',0,0,0,0,0,0,'plan-Line-1-2026-02-07-001',6000,'system',NULL),
(13,'SKU-CONCEPT-01-001','Concept Design Test Product (Copy)','Line-2',9000,1200,8,'2026-02-07','2026-02-07','Planned','2026-02-07 16:14:58','2026-02-07 16:14:58',0,0,0,0,0,0,'plan-Line-2-2026-02-07-002',9600,'system',NULL),
(14,'SKU-CONCEPT-01-001','Concept Design Test Product (Copy)','Line-3',8000,500,16,'2026-02-07','2026-02-07','Planned','2026-02-07 16:29:30','2026-02-07 16:29:30',0,0,0,0,0,0,'plan-Line-3-2026-02-07-003',8000,'system',NULL),
(15,'SKU-CONCEPT-01','Concept Design Test Product','Sim Plant',2000,1000,2,'2026-02-15',NULL,'In-Progress','2026-02-14 17:34:12','2026-02-14 17:34:12',0,0,0,0,0,0,'plan-SimPlant-2026-02-15-001',2000,'simulator',NULL),
(16,'SKU-CONCEPT-01','Concept Design Test Product','Sim Plant',2000,1000,2,'2026-02-15',NULL,'In-Progress','2026-02-14 17:34:43','2026-02-14 17:34:43',0,0,0,0,0,0,'plan-SimPlant-2026-02-15-001',2000,'simulator',NULL),
(17,'SKU-CONCEPT-01-001','Flavour Concept 01','Line-2',200,100,2,'2026-02-15',NULL,'Created','2026-02-14 18:04:45','2026-02-14 18:04:45',0,0,0,0,0,0,'plan-Line-2-2026-02-15-001',200,'SystemSim',NULL),
(18,'SKU-CONCEPT-01-001','Flavour Concept 01','Line-2',200,100,2,'2026-02-15',NULL,'Created','2026-02-14 18:05:00','2026-02-14 18:05:00',0,0,0,0,0,0,'plan-Line-2-2026-02-15-001',200,'SystemSim',NULL),
(19,'SKU-CONCEPT-01-001','Flavour Concept 01','Line-2',200,100,2,'2026-02-15',NULL,'Created','2026-02-14 18:05:25','2026-02-14 18:05:25',0,0,0,0,0,0,'plan-Line-2-2026-02-15-001',200,'SystemSim',NULL),
(20,'SKU-CONCEPT-01-001','Flavour Concept 01','Line-2',200,100,2,'2026-02-15',NULL,'Created','2026-02-14 18:06:37','2026-02-14 18:06:37',0,0,0,0,0,0,'plan-Line-2-2026-02-15-001',200,'SystemSim',NULL);
/*!40000 ALTER TABLE `production_plans` ENABLE KEYS */;
UNLOCK TABLES;
COMMIT;
SET AUTOCOMMIT=@OLD_AUTOCOMMIT;

--
-- Table structure for table `products`
--

DROP TABLE IF EXISTS `products`;
/*!40101 SET @saved_cs_client     = @@character_set_client */;
/*!40101 SET character_set_client = utf8mb4 */;
CREATE TABLE `products` (
  `id` int NOT NULL AUTO_INCREMENT,
  `product_code` varchar(50) NOT NULL,
  `name` varchar(100) NOT NULL,
  `unit_of_measure` varchar(10) DEFAULT 'kg',
  `description` text,
  `created_at` timestamp NULL DEFAULT CURRENT_TIMESTAMP,
  PRIMARY KEY (`id`),
  UNIQUE KEY `product_code` (`product_code`)
) ENGINE=InnoDB AUTO_INCREMENT=3 DEFAULT CHARSET=utf8mb4 COLLATE=utf8mb4_0900_ai_ci;
/*!40101 SET character_set_client = @saved_cs_client */;

--
-- Dumping data for table `products`
--

SET @OLD_AUTOCOMMIT=@@AUTOCOMMIT, @@AUTOCOMMIT=0;
LOCK TABLES `products` WRITE;
/*!40000 ALTER TABLE `products` DISABLE KEYS */;
INSERT INTO `products` VALUES
(1,'PROD-001','Standard Bread','pcs','Standard white bread loaf','2026-01-10 11:20:50'),
(2,'PROD-002','Premium Baguette','pcs','Traditional French baguette','2026-01-10 11:20:50');
/*!40000 ALTER TABLE `products` ENABLE KEYS */;
UNLOCK TABLES;
COMMIT;
SET AUTOCOMMIT=@OLD_AUTOCOMMIT;

--
-- Table structure for table `sku_actions`
--

DROP TABLE IF EXISTS `sku_actions`;
/*!40101 SET @saved_cs_client     = @@character_set_client */;
/*!40101 SET character_set_client = utf8mb4 */;
CREATE TABLE `sku_actions` (
  `action_code` varchar(50) NOT NULL,
  `action_description` varchar(200) NOT NULL,
  `created_at` timestamp NULL DEFAULT CURRENT_TIMESTAMP,
  `updated_at` timestamp NULL DEFAULT CURRENT_TIMESTAMP ON UPDATE CURRENT_TIMESTAMP,
  `component_filter` varchar(255) DEFAULT NULL,
  PRIMARY KEY (`action_code`)
) ENGINE=InnoDB DEFAULT CHARSET=utf8mb4 COLLATE=utf8mb4_0900_ai_ci;
/*!40101 SET character_set_client = @saved_cs_client */;

--
-- Dumping data for table `sku_actions`
--

SET @OLD_AUTOCOMMIT=@@AUTOCOMMIT, @@AUTOCOMMIT=0;
LOCK TABLES `sku_actions` WRITE;
/*!40000 ALTER TABLE `sku_actions` DISABLE KEYS */;
INSERT INTO `sku_actions` VALUES
('10010','RO Batching Batching','2026-01-28 21:09:56','2026-01-28 21:09:56',NULL),
('10020','MIS Batching','2026-01-28 21:09:56','2026-01-28 21:09:56',NULL),
('10030','LS Batching','2026-01-28 21:09:56','2026-01-28 21:09:56',NULL),
('10040','WLS Batching','2026-01-28 21:09:56','2026-01-28 21:09:56',NULL),
('20010','ละลาย Ingredient','2026-02-19 04:38:26','2026-02-19 04:38:26',NULL),
('30010','xxxx','2026-02-01 17:33:11','2026-02-19 07:01:00',''),
('30020','xx30020','2026-02-01 17:33:31','2026-02-01 17:33:31',NULL);
/*!40000 ALTER TABLE `sku_actions` ENABLE KEYS */;
UNLOCK TABLES;
COMMIT;
SET AUTOCOMMIT=@OLD_AUTOCOMMIT;

--
-- Table structure for table `sku_destinations`
--

DROP TABLE IF EXISTS `sku_destinations`;
/*!40101 SET @saved_cs_client     = @@character_set_client */;
/*!40101 SET character_set_client = utf8mb4 */;
CREATE TABLE `sku_destinations` (
  `id` int NOT NULL AUTO_INCREMENT,
  `destination_code` varchar(50) NOT NULL,
  `description` varchar(200) DEFAULT NULL,
  PRIMARY KEY (`id`),
  UNIQUE KEY `ix_sku_destinations_destination_code` (`destination_code`),
  KEY `ix_sku_destinations_id` (`id`)
) ENGINE=InnoDB AUTO_INCREMENT=8 DEFAULT CHARSET=utf8mb4 COLLATE=utf8mb4_0900_ai_ci;
/*!40101 SET character_set_client = @saved_cs_client */;

--
-- Dumping data for table `sku_destinations`
--

SET @OLD_AUTOCOMMIT=@@AUTOCOMMIT, @@AUTOCOMMIT=0;
LOCK TABLES `sku_destinations` WRITE;
/*!40000 ALTER TABLE `sku_destinations` DISABLE KEYS */;
INSERT INTO `sku_destinations` VALUES
(3,'1010','Mixing Tank'),
(4,'2010','High Shear'),
(5,'3010','Dissolving'),
(6,'3020','Disperse'),
(7,'3030','Pre Mixing');
/*!40000 ALTER TABLE `sku_destinations` ENABLE KEYS */;
UNLOCK TABLES;
COMMIT;
SET AUTOCOMMIT=@OLD_AUTOCOMMIT;

--
-- Table structure for table `sku_histories`
--

DROP TABLE IF EXISTS `sku_histories`;
/*!40101 SET @saved_cs_client     = @@character_set_client */;
/*!40101 SET character_set_client = utf8mb4 */;
CREATE TABLE `sku_histories` (
  `id` int NOT NULL AUTO_INCREMENT,
  `sku_db_id` int NOT NULL,
  `action` varchar(50) NOT NULL,
  `old_status` varchar(20) DEFAULT NULL,
  `new_status` varchar(20) DEFAULT NULL,
  `remarks` varchar(255) DEFAULT NULL,
  `update_by` varchar(50) NOT NULL,
  `update_at` timestamp NULL DEFAULT CURRENT_TIMESTAMP,
  PRIMARY KEY (`id`),
  KEY `sku_db_id` (`sku_db_id`),
  KEY `ix_sku_histories_id` (`id`),
  CONSTRAINT `sku_histories_ibfk_1` FOREIGN KEY (`sku_db_id`) REFERENCES `sku_masters` (`id`)
) ENGINE=InnoDB AUTO_INCREMENT=3 DEFAULT CHARSET=utf8mb4 COLLATE=utf8mb4_0900_ai_ci;
/*!40101 SET character_set_client = @saved_cs_client */;

--
-- Dumping data for table `sku_histories`
--

SET @OLD_AUTOCOMMIT=@@AUTOCOMMIT, @@AUTOCOMMIT=0;
LOCK TABLES `sku_histories` WRITE;
/*!40000 ALTER TABLE `sku_histories` DISABLE KEYS */;
/*!40000 ALTER TABLE `sku_histories` ENABLE KEYS */;
UNLOCK TABLES;
COMMIT;
SET AUTOCOMMIT=@OLD_AUTOCOMMIT;

--
-- Table structure for table `sku_masters`
--

DROP TABLE IF EXISTS `sku_masters`;
/*!40101 SET @saved_cs_client     = @@character_set_client */;
/*!40101 SET character_set_client = utf8mb4 */;
CREATE TABLE `sku_masters` (
  `id` int NOT NULL AUTO_INCREMENT,
  `sku_id` varchar(50) NOT NULL,
  `sku_name` varchar(200) NOT NULL,
  `std_batch_size` float DEFAULT '1000',
  `uom` varchar(20) DEFAULT NULL,
  `status` varchar(20) DEFAULT NULL,
  `creat_by` varchar(50) NOT NULL,
  `update_by` varchar(50) DEFAULT NULL,
  `created_at` timestamp NULL DEFAULT CURRENT_TIMESTAMP,
  `updated_at` timestamp NULL DEFAULT CURRENT_TIMESTAMP ON UPDATE CURRENT_TIMESTAMP,
  PRIMARY KEY (`id`),
  UNIQUE KEY `ix_skus_sku_id` (`sku_id`),
  KEY `ix_skus_id` (`id`)
) ENGINE=InnoDB AUTO_INCREMENT=17 DEFAULT CHARSET=utf8mb4 COLLATE=utf8mb4_0900_ai_ci;
/*!40101 SET character_set_client = @saved_cs_client */;

--
-- Dumping data for table `sku_masters`
--

SET @OLD_AUTOCOMMIT=@@AUTOCOMMIT, @@AUTOCOMMIT=0;
LOCK TABLES `sku_masters` WRITE;
/*!40000 ALTER TABLE `sku_masters` DISABLE KEYS */;
INSERT INTO `sku_masters` VALUES
(13,'SKU-CONCEPT-01','Concept Design Test Product',1000,'kg','Active','system','system','2026-01-28 08:02:14','2026-01-28 08:02:14'),
(15,'SKU-CONCEPT-01-001','Concept Design Test Product (Copy)',1000,'kg','Active','system','system','2026-02-01 17:24:49','2026-02-07 15:15:28'),
(16,'Coconut Syrup Senorita','Coconut Syrup Senorita',1000,'kg','Active','system',NULL,'2026-02-18 07:37:52','2026-02-18 07:37:52');
/*!40000 ALTER TABLE `sku_masters` ENABLE KEYS */;
UNLOCK TABLES;
COMMIT;
SET AUTOCOMMIT=@OLD_AUTOCOMMIT;

--
-- Table structure for table `sku_phases`
--

DROP TABLE IF EXISTS `sku_phases`;
/*!40101 SET @saved_cs_client     = @@character_set_client */;
/*!40101 SET character_set_client = utf8mb4 */;
CREATE TABLE `sku_phases` (
  `phase_id` int NOT NULL,
  `phase_code` varchar(50) DEFAULT NULL,
  `phase_description` varchar(200) NOT NULL,
  `created_at` timestamp NULL DEFAULT CURRENT_TIMESTAMP,
  `updated_at` timestamp NULL DEFAULT CURRENT_TIMESTAMP ON UPDATE CURRENT_TIMESTAMP,
  PRIMARY KEY (`phase_id`)
) ENGINE=InnoDB DEFAULT CHARSET=utf8mb4 COLLATE=utf8mb4_0900_ai_ci;
/*!40101 SET character_set_client = @saved_cs_client */;

--
-- Dumping data for table `sku_phases`
--

SET @OLD_AUTOCOMMIT=@@AUTOCOMMIT, @@AUTOCOMMIT=0;
LOCK TABLES `sku_phases` WRITE;
/*!40000 ALTER TABLE `sku_phases` DISABLE KEYS */;
INSERT INTO `sku_phases` VALUES
(10,'A1010','Mixing','2026-01-28 21:06:23','2026-01-28 21:06:23'),
(20,'A1020','High Shear','2026-01-28 21:06:23','2026-01-28 21:06:23'),
(30,'D1010','ละลาย ingredient','2026-01-28 21:06:23','2026-02-19 04:36:46'),
(40,'D1030','Disperse Ingredient','2026-01-28 21:06:23','2026-02-19 06:56:52'),
(50,'x1010','Heating','2026-01-28 21:06:23','2026-01-28 21:06:23'),
(60,'x1020','Pasteurized','2026-01-28 21:06:23','2026-01-28 21:06:23'),
(70,'x1030','Holding','2026-01-28 21:06:23','2026-01-28 21:06:23'),
(80,'x1040','Cooldown','2026-01-28 21:06:23','2026-01-28 21:06:23');
/*!40000 ALTER TABLE `sku_phases` ENABLE KEYS */;
UNLOCK TABLES;
COMMIT;
SET AUTOCOMMIT=@OLD_AUTOCOMMIT;

--
-- Table structure for table `sku_steps`
--

DROP TABLE IF EXISTS `sku_steps`;
/*!40101 SET @saved_cs_client     = @@character_set_client */;
/*!40101 SET character_set_client = utf8mb4 */;
CREATE TABLE `sku_steps` (
  `id` int NOT NULL AUTO_INCREMENT,
  `sku_id` varchar(50) CHARACTER SET utf8mb4 COLLATE utf8mb4_0900_ai_ci NOT NULL,
  `phase_number` varchar(20) DEFAULT NULL,
  `phase_id` varchar(50) DEFAULT NULL,
  `master_step` int NOT NULL,
  `sub_step` int NOT NULL,
  `destination` varchar(100) CHARACTER SET utf8mb4 COLLATE utf8mb4_0900_ai_ci DEFAULT NULL,
  `re_code` varchar(50) DEFAULT NULL,
  `action_code` varchar(50) DEFAULT NULL,
  `action_description` varchar(100) NOT NULL,
  `setup_step` varchar(100) DEFAULT NULL,
  `require` float DEFAULT NULL,
  `low_tol` float DEFAULT '0.001',
  `high_tol` float DEFAULT NULL,
  `agitator_rpm` float DEFAULT NULL,
  `high_shear_rpm` float DEFAULT NULL,
  `temperature` float DEFAULT NULL,
  `ph` float DEFAULT '7',
  `step_time` int DEFAULT NULL,
  `step_timer_control` int DEFAULT NULL,
  `created_at` timestamp NULL DEFAULT CURRENT_TIMESTAMP,
  `updated_at` timestamp NULL DEFAULT CURRENT_TIMESTAMP ON UPDATE CURRENT_TIMESTAMP,
  `qc_temperature` tinyint(1) DEFAULT '0',
  `brix` float DEFAULT NULL,
  `qc_ph` tinyint(1) DEFAULT NULL,
  `qc_brix` tinyint(1) DEFAULT NULL,
  `uom` varchar(20) DEFAULT NULL,
  `temp_low` float DEFAULT NULL,
  `temp_high` float DEFAULT NULL,
  `step_condition` varchar(100) DEFAULT NULL,
  `qc_temp` tinyint(1) DEFAULT '0',
  `record_steam_pressure` tinyint(1) DEFAULT '0',
  `record_ctw` tinyint(1) DEFAULT '0',
  `operation_brix_record` tinyint(1) DEFAULT '0',
  `operation_ph_record` tinyint(1) DEFAULT '0',
  `brix_sp` varchar(50) DEFAULT NULL,
  `ph_sp` varchar(50) DEFAULT NULL,
  `action` varchar(100) DEFAULT NULL,
  PRIMARY KEY (`id`),
  KEY `ix_sku_steps_id` (`id`),
  KEY `ix_sku_steps_sku_id` (`sku_id`)
) ENGINE=InnoDB AUTO_INCREMENT=59 DEFAULT CHARSET=utf8mb4 COLLATE=utf8mb4_0900_ai_ci;
/*!40101 SET character_set_client = @saved_cs_client */;

--
-- Dumping data for table `sku_steps`
--

SET @OLD_AUTOCOMMIT=@@AUTOCOMMIT, @@AUTOCOMMIT=0;
LOCK TABLES `sku_steps` WRITE;
/*!40000 ALTER TABLE `sku_steps` DISABLE KEYS */;
INSERT INTO `sku_steps` VALUES
(27,'SKU-CONCEPT-01','p0010','A1010',1,10,'1010','RO-Water','10010','RO Batching Batching',NULL,500,0.001,0.001,200,0,0,7,0,0,'2026-01-29 01:46:48','2026-01-29 01:46:48',0,NULL,NULL,NULL,'kg',0,0,'',0,0,0,0,0,'','','Adding RO Water and MIS'),
(28,'SKU-CONCEPT-01','p0010','A1010',0,20,'1010','MIS','10020','MIS Batching',NULL,400,0.001,0.001,200,0,0,7,0,0,'2026-01-29 01:47:51','2026-01-29 01:57:55',0,NULL,NULL,NULL,'kg',0,0,'',0,0,0,0,0,'','','Add MIS'),
(29,'SKU-CONCEPT-01','p0020','A1020',1,10,'2010','RO-Water','10010','RO Batching Batching',NULL,200,0.001,0.001,200,1000,55,7,0,0,'2026-01-29 01:58:52','2026-01-29 01:58:52',0,NULL,NULL,NULL,'kg',0,0,'',0,0,0,0,0,'','','High Shere'),
(30,'SKU-CONCEPT-01-001','p0010','A1010',1,10,'1010','RO-Water','10010','RO Batching Batching',NULL,500,0.001,0.001,200,0,0,7,0,0,'2026-02-01 17:24:49','2026-02-07 16:07:27',0,NULL,NULL,NULL,'kg',0,0,'',0,0,0,0,0,'','','Adding RO Water and MIS'),
(31,'SKU-CONCEPT-01-001','p0010','A1010',0,20,'1010','MIS','10020','MIS Batching',NULL,400,0.001,0.001,200,0,0,7,0,0,'2026-02-01 17:24:49','2026-02-07 16:07:31',0,NULL,NULL,NULL,'kg',0,0,'',0,0,0,0,0,'','','Add MIS'),
(32,'SKU-CONCEPT-01-001','p0020','A1020',1,10,'2010','RO-Water','10010','RO Batching Batching',NULL,200,0.001,0.001,200,1000,55,7,0,0,'2026-02-01 17:24:49','2026-02-07 16:07:38',0,NULL,NULL,NULL,'kg',0,0,'',0,0,0,0,0,'','','High Shere'),
(33,'SKU-CONCEPT-01-001','p0030','D1010',0,10,'','CL001A','30020','xx30020',NULL,0.045,0.001,0.001,0,0,0,7,0,0,'2026-02-01 17:54:44','2026-02-07 16:07:49',0,NULL,NULL,NULL,'kg',0,0,'',0,0,0,0,0,'','',''),
(39,'SKU-CONCEPT-01-001','p0030','D1010',0,20,'3020','FV041A','30020','xx30020',NULL,2,0.001,0.001,0,0,0,7,0,0,'2026-02-07 16:12:13','2026-02-07 16:13:11',0,NULL,NULL,NULL,'kg',0,0,'',0,0,0,0,0,'','',''),
(40,'SKU-CONCEPT-01-001','p0030','D1010',0,30,'','XX0018','','',NULL,2.3,0.001,0.001,0,0,0,7,0,0,'2026-02-07 16:33:48','2026-02-07 16:33:48',0,NULL,NULL,NULL,'kg',0,0,'',0,0,0,0,0,'','',''),
(41,'Coconut Syrup Senorita','p0010','A1010',0,10,'1010','MIS','10020','MIS Batching',NULL,809.36,0.001,0.001,80,0,60,7,0,0,'2026-02-19 04:25:46','2026-02-19 04:26:10',0,NULL,NULL,NULL,'kg',0,0,'',1,1,0,0,0,'','','Syrupt Mix'),
(42,'Coconut Syrup Senorita','p0010','A1010',0,20,'1010','RO-Water','10010','RO Batching Batching',NULL,141.3,0.001,0.001,80,0,60,7,0,0,'2026-02-19 04:28:21','2026-02-19 04:28:21',0,NULL,NULL,NULL,'kg',0,0,'Room Temp',1,1,0,0,0,'','','Add Water'),
(43,'Coconut Syrup Senorita','p0020','D1010',0,10,'1010','RO-Water','20010','ละลาย Ingredient',NULL,0.5,0.001,0.001,30,0,60,7,0,0,'2026-02-19 06:16:54','2026-02-19 07:34:03',0,NULL,NULL,NULL,'kg',0,0,'',0,0,0,0,0,'','','ละลาย Ingredient'),
(44,'Coconut Syrup Senorita','p0020','D1010',0,20,'1010','Potassium Sorbate','20010','ละลาย Ingredient',NULL,0.6,0.001,0.001,30,0,60,7,0,0,'2026-02-19 06:18:54','2026-02-19 07:34:11',0,NULL,NULL,NULL,'kg',0,0,'Room Temp',0,0,0,0,0,'','','ละลาย Ingredient'),
(45,'Coconut Syrup Senorita','p0030','D1010',0,10,'1010','RO-Water','20010','ละลาย Ingredient',NULL,0.5,0.001,0.001,30,0,60,7,0,0,'2026-02-19 06:39:21','2026-02-19 07:34:19',0,NULL,NULL,NULL,'kg',0,0,'',0,0,0,0,0,'','','ละลาย Ingredient'),
(46,'Coconut Syrup Senorita','p0030','D1010',0,20,'','Sodium Benzoate','20010','ละลาย Ingredient',NULL,0.3,0.001,0.001,30,0,60,7,0,0,'2026-02-19 06:45:24','2026-02-19 07:34:26',0,NULL,NULL,NULL,'kg',0,0,'Room Temp',0,0,0,0,0,'','','ละลาย Ingredient'),
(48,'Coconut Syrup Senorita','p0040','D1030',0,10,'1010','Potasium Chloride (KCl)','30010','xxxx',NULL,12.8,0.001,0.001,30,0,60,7,0,0,'2026-02-19 07:04:40','2026-02-19 07:31:29',0,NULL,NULL,NULL,'kg',0,0,'Room Temp',0,0,0,0,0,'','','Disperse Ingredient'),
(49,'Coconut Syrup Senorita','p0040','D1030',0,20,'2010','Citric Acid','30010','xxxx',NULL,0.5,0.001,0.001,30,0,60,7,0,0,'2026-02-19 07:08:38','2026-02-19 07:31:35',0,NULL,NULL,NULL,'kg',0,0,'',0,0,0,0,0,'','','Disperse Ingredient'),
(50,'Coconut Syrup Senorita','p0040','D1030',0,30,'3010','Magnesium Lactate','30010','xxxx',NULL,0.15,0.001,0.001,30,0,60,7,0,0,'2026-02-19 07:13:59','2026-02-19 07:31:42',0,NULL,NULL,NULL,'kg',0,0,'',0,0,0,0,0,'','','Disperse Ingredient '),
(51,'Coconut Syrup Senorita','p0040','D1030',0,40,'3010','Coconut Water Powder','30010','xxxx',NULL,10,0.001,0.001,30,0,60,7,0,0,'2026-02-19 07:17:10','2026-02-19 07:31:49',0,NULL,NULL,NULL,'kg',0,0,'',0,0,0,0,0,'','','Disperse'),
(52,'Coconut Syrup Senorita','p0050','x1010',0,10,'1010','FV052A','30010','xxxx',NULL,15,0.001,0.001,30,0,80,7,0,0,'2026-02-19 07:20:17','2026-02-19 07:31:03',0,NULL,NULL,NULL,'kg',0,0,'Room Temp',1,1,0,0,0,'','','Heating'),
(53,'Coconut Syrup Senorita','p0050','x1010',0,20,'','RO-Water','30010','xxxx',NULL,1,0.001,0.001,30,0,80,7,0,0,'2026-02-19 07:21:10','2026-02-19 07:31:11',0,NULL,NULL,NULL,'kg',0,0,'Room Temp',1,1,0,0,0,'','','Heating'),
(54,'Coconut Syrup Senorita','p0060','x1010',0,10,'1010','RO-Water','30010','xxxx',NULL,1,0.001,0.001,30,0,80,7,0,0,'2026-02-19 07:22:30','2026-02-19 07:30:44',0,NULL,NULL,NULL,'kg',0,0,'Room Temp',1,1,0,0,0,'','','Heating'),
(55,'Coconut Syrup Senorita','p0060','x1010',0,20,'2010','FV012A','30010','xxxx',NULL,10,0.001,0.001,30,0,80,7,0,0,'2026-02-19 07:23:34','2026-02-19 07:30:53',0,NULL,NULL,NULL,'kg',0,0,'Room Temp',1,1,0,0,0,'','','Heating'),
(56,'Coconut Syrup Senorita','p0070','x1020',1,10,'','','','',NULL,0,0.001,0.001,80,0,83,7,0,0,'2026-02-19 07:26:02','2026-02-19 07:26:02',0,NULL,NULL,NULL,'kg',80,85,'',1,1,0,0,0,'','','Pasteurized'),
(57,'Coconut Syrup Senorita','p0080','x1030',0,10,'','','30010','xxxx',NULL,0,0.001,0.001,80,0,83,7,300,0,'2026-02-19 07:27:51','2026-02-19 07:33:33',0,NULL,NULL,NULL,'kg',80,85,'',1,1,0,1,1,'64-66','3.9-4.5','Holding'),
(58,'Coconut Syrup Senorita','p0090','x1040',1,10,'','','','',NULL,0,0.001,0.001,80,0,35,7,0,0,'2026-02-19 07:30:18','2026-02-19 07:30:18',0,NULL,NULL,NULL,'kg',30,37,'',1,1,1,1,1,'64-66','3.9-4.5','');
/*!40000 ALTER TABLE `sku_steps` ENABLE KEYS */;
UNLOCK TABLES;
COMMIT;
SET AUTOCOMMIT=@OLD_AUTOCOMMIT;

--
-- Table structure for table `users`
--

DROP TABLE IF EXISTS `users`;
/*!40101 SET @saved_cs_client     = @@character_set_client */;
/*!40101 SET character_set_client = utf8mb4 */;
CREATE TABLE `users` (
  `id` int NOT NULL AUTO_INCREMENT,
  `username` varchar(50) NOT NULL,
  `email` varchar(100) NOT NULL,
  `password_hash` varchar(255) NOT NULL,
  `full_name` varchar(100) DEFAULT NULL,
  `role` enum('Admin','Manager','Operator','QC_Inspector','Viewer') DEFAULT NULL,
  `department` varchar(100) DEFAULT NULL,
  `status` enum('Active','Inactive') DEFAULT NULL,
  `permissions` json DEFAULT NULL,
  `last_login` datetime DEFAULT NULL,
  `created_at` timestamp NULL DEFAULT CURRENT_TIMESTAMP,
  `updated_at` timestamp NULL DEFAULT CURRENT_TIMESTAMP ON UPDATE CURRENT_TIMESTAMP,
  PRIMARY KEY (`id`),
  UNIQUE KEY `username` (`username`),
  UNIQUE KEY `email` (`email`),
  KEY `ix_users_id` (`id`)
) ENGINE=InnoDB AUTO_INCREMENT=19 DEFAULT CHARSET=utf8mb4 COLLATE=utf8mb4_0900_ai_ci;
/*!40101 SET character_set_client = @saved_cs_client */;

--
-- Dumping data for table `users`
--

SET @OLD_AUTOCOMMIT=@@AUTOCOMMIT, @@AUTOCOMMIT=0;
LOCK TABLES `users` WRITE;
/*!40000 ALTER TABLE `users` DISABLE KEYS */;
INSERT INTO `users` VALUES
(1,'cj','cj@xdev.co.th','$2b$12$uuH4pX2Upca07vdaEnuYo.IpvRuPQiW5it5860Vcaw0nQBhfgXWJG','CJ - Super Admin Updated','Admin','Admin','Active','[\"read\", \"write\", \"execute\"]','2026-02-19 10:36:41','2026-01-10 15:25:46','2026-02-19 03:36:41'),
(2,'vilailuk','vilailuka@mitrphol.com','$2b$12$9Q.rehlCJxMxwTPepk.Sdex6mtM0arbZkNR33Ycb.NJxN/aRY2Zle','Vilailuk','Admin','Fravor House','Active','[\"Recipe\", \"Receive\", \"Planning\", \"PrePare Batch\", \"Packing\", \"Admin\", \"User Manage\", \"sku_management\", \"ingredient_receipt\", \"production_planning\", \"production_list\", \"prepare_batch\", \"admin\"]','2026-01-29 04:37:32','2026-01-13 06:45:53','2026-01-29 04:37:32'),
(4,'User-1','user-1@example.com','$2b$12$sUkTyD7QHQ0XOPcMIzai7ee.Cx3sIdFkxuhE3kMN3qrHvZwGtvp8W','User-1','Operator','Prepare','Active','[\"PrePare Batch\", \"Packing\"]',NULL,'2026-01-13 06:45:53','2026-01-13 06:45:53'),
(5,'User-2','user-2@example.com','$2b$12$eGpA.zsxLPztzW.5VrMTQeuK6u/w/.K5iZ2t4YqIrdyMOQvF16IiW','User-2','Operator','Fravor House','Active','[\"Receive\", \"Planning\", \"PrePare Batch\", \"Packing\"]',NULL,'2026-01-13 06:45:53','2026-01-13 06:45:53'),
(6,'User-3','user-3@example.com','$2b$12$hcL4fXC0YhULx081wGvRR.6Z3ZHHwZfdhbDlqn0CAYbWxuYDmRLUK','User-3','Operator','SPP','Active','[\"PrePare Batch\", \"Packing\"]',NULL,'2026-01-13 06:45:53','2026-01-13 06:45:53'),
(7,'User-4','user-4@example.com','$2b$12$JTgZCm8w/Iy1wdbB8qe6GO2z/GKf2vV/aE.ErJrcIx0ys2aMSSPq6','User-4','Operator','SPP','Active','[\"Planning\", \"PrePare Batch\", \"Packing\"]',NULL,'2026-01-13 06:45:53','2026-01-13 06:45:53'),
(8,'PD-1','pd-1@example.com','$2b$12$/NEghEGSwd4d1QT7rJBPP.0juNB/6E0GFDJCF31F6ueNnuXEiao8y','PD-1','Operator','Production','Active','[\"Production\"]',NULL,'2026-01-13 06:45:53','2026-01-13 06:45:53'),
(9,'PD-2','pd-2@example.com','$2b$12$f/seWjUMU31a8Neq.bPGduFgEITLXnETzK.kdSSoe/36OQNC631OK','PD-2','Operator','Production','Active','[\"Production\"]',NULL,'2026-01-13 06:45:53','2026-01-13 06:45:53'),
(10,'PD-3','pd-3@example.com','$2b$12$Oj7Setbr8zYAO7Q9lMas6O9fkXFDmOjihOzkNO6SoMy2rvHVZ5UQq','PD-3','Operator','Production','Active','[\"Production\"]',NULL,'2026-01-13 06:45:53','2026-01-13 06:45:53'),
(11,'PD-4','pd-4@example.com','$2b$12$xljtTbxB9GmMH4S4/atu/uOkZE6eweymd3tUMoj0vbV.Lq2yf8Bqy','PD-4','Operator','Production','Active','[\"Production\"]',NULL,'2026-01-13 06:45:53','2026-01-13 06:45:53'),
(12,'PD-5','pd-5@example.com','$2b$12$y0wHLO2jgE6i4DKWZ/KdxepFNjeZ5Fa4IofOHMecbvpiUWbm37h8m','PD-5','Operator','Production','Active','[\"Production\"]',NULL,'2026-01-13 06:45:53','2026-01-13 06:45:53'),
(13,'PD-6','pd-6@example.com','$2b$12$HPqq9P3rGGkpH2OM42eSfOTDGjjgtRGrkMFXN4PKnSqKSr8RlTD4K','PD-6','Operator','Production','Active','[\"Production\"]',NULL,'2026-01-13 06:45:53','2026-01-13 06:45:53'),
(14,'antigravity','anti@gravity.ai','$2b$12$/vjqDyi02LMx3bdJUSOFUOdQ7HeVrpYHJ9RdPRwOvs5Yfiw70kSdy','Antigravity AI','Admin',NULL,'Active','[\"admin\", \"sku_management\", \"ingredient_receipt\", \"prepare_batch\", \"production_planning\", \"production_list\"]','2026-02-02 00:19:58','2026-01-31 00:08:00','2026-02-01 17:19:57'),
(15,'agent1','agent@example.com','$2b$12$pigF5jf0RdaxWyl1vx4OJO.pU/HMn/LMbp3szu0A9tVFnCVAxzxui','Agent One','Operator','Admin','Active','[]','2026-02-10 07:36:38','2026-02-10 00:35:55','2026-02-10 00:36:39'),
(16,'testuser','test@example.com','$2b$12$bY1AXikzP4LxzmYoM0fbj.nJ.Zw3eS9QPoPX5NDLg2up30xKWzdXK','Test User','Operator','Production','Active','[]','2026-02-17 08:32:03','2026-02-17 01:31:49','2026-02-17 01:32:03'),
(17,'tester','tester@example.com','$2b$12$MtQxEOvlfiJ8ncS1eucwfupB8VAdXFmMZs/cjuxaeLT8YrcgvimL6','Tester User','Operator','','Active','[]',NULL,'2026-02-17 01:53:44','2026-02-17 01:53:44'),
(18,'Siriworadap','siriworadap@mitrphol.com','$2b$12$S63FuYLnA.nDB1pS.bw7o.Q3nphokj8Fq2rrkeJEGzm9s4/J4481S','Siriworada','Operator','Admin','Active','[\"admin\", \"prepare_batch\", \"production_list\", \"production_planning\", \"ingredient_receipt\", \"sku_management\"]','2026-02-19 10:39:48','2026-02-19 03:36:00','2026-02-19 03:40:28');
/*!40000 ALTER TABLE `users` ENABLE KEYS */;
UNLOCK TABLES;
COMMIT;
SET AUTOCOMMIT=@OLD_AUTOCOMMIT;

--
-- Temporary table structure for view `v_sku_complete`
--

DROP TABLE IF EXISTS `v_sku_complete`;
/*!50001 DROP VIEW IF EXISTS `v_sku_complete`*/;
SET @saved_cs_client     = @@character_set_client;
SET character_set_client = utf8mb4;
/*!50001 CREATE VIEW `v_sku_complete` AS SELECT
 1 AS `sku_id`,
  1 AS `sku_name`,
  1 AS `std_batch_size`,
  1 AS `uom`,
  1 AS `status`,
  1 AS `phase_number`,
  1 AS `phase_id`,
  1 AS `sub_step`,
  1 AS `step_number`,
  1 AS `action`,
  1 AS `action_code`,
  1 AS `action_description`,
  1 AS `re_code`,
  1 AS `ingredient_name`,
  1 AS `mat_sap_code`,
  1 AS `blind_code`,
  1 AS `destination`,
  1 AS `destination_description`,
  1 AS `required_amount`,
  1 AS `low_tol`,
  1 AS `high_tol`,
  1 AS `agitator_rpm`,
  1 AS `high_shear_rpm`,
  1 AS `temperature`,
  1 AS `step_time`,
  1 AS `qc_temp`,
  1 AS `record_steam_pressure`,
  1 AS `record_ctw`,
  1 AS `operation_brix_record`,
  1 AS `operation_ph_record`,
  1 AS `brix_sp`,
  1 AS `ph_sp`,
  1 AS `setup_step`,
  1 AS `creat_by`,
  1 AS `created_at`,
  1 AS `update_by`,
  1 AS `updated_at` */;
SET character_set_client = @saved_cs_client;

--
-- Temporary table structure for view `v_sku_master_detail`
--

DROP TABLE IF EXISTS `v_sku_master_detail`;
/*!50001 DROP VIEW IF EXISTS `v_sku_master_detail`*/;
SET @saved_cs_client     = @@character_set_client;
SET character_set_client = utf8mb4;
/*!50001 CREATE VIEW `v_sku_master_detail` AS SELECT
 1 AS `id`,
  1 AS `sku_id`,
  1 AS `sku_name`,
  1 AS `std_batch_size`,
  1 AS `uom`,
  1 AS `status`,
  1 AS `creat_by`,
  1 AS `created_at`,
  1 AS `update_by`,
  1 AS `updated_at`,
  1 AS `total_phases`,
  1 AS `total_sub_steps`,
  1 AS `last_step_update` */;
SET character_set_client = @saved_cs_client;

--
-- Temporary table structure for view `v_sku_step_detail`
--

DROP TABLE IF EXISTS `v_sku_step_detail`;
/*!50001 DROP VIEW IF EXISTS `v_sku_step_detail`*/;
SET @saved_cs_client     = @@character_set_client;
SET character_set_client = utf8mb4;
/*!50001 CREATE VIEW `v_sku_step_detail` AS SELECT
 1 AS `step_id`,
  1 AS `sku_id`,
  1 AS `phase_number`,
  1 AS `phase_id`,
  1 AS `sub_step`,
  1 AS `action`,
  1 AS `re_code`,
  1 AS `action_code`,
  1 AS `setup_step`,
  1 AS `destination`,
  1 AS `require`,
  1 AS `uom`,
  1 AS `low_tol`,
  1 AS `high_tol`,
  1 AS `step_condition`,
  1 AS `agitator_rpm`,
  1 AS `high_shear_rpm`,
  1 AS `temperature`,
  1 AS `temp_low`,
  1 AS `temp_high`,
  1 AS `ph`,
  1 AS `brix`,
  1 AS `step_time`,
  1 AS `step_timer_control`,
  1 AS `qc_temp`,
  1 AS `record_steam_pressure`,
  1 AS `record_ctw`,
  1 AS `operation_brix_record`,
  1 AS `operation_ph_record`,
  1 AS `brix_sp`,
  1 AS `ph_sp`,
  1 AS `step_created_at`,
  1 AS `step_updated_at`,
  1 AS `sku_name`,
  1 AS `std_batch_size`,
  1 AS `uom_master`,
  1 AS `sku_status`,
  1 AS `action_description`,
  1 AS `destination_description`,
  1 AS `ingredient_name`,
  1 AS `mat_sap_code`,
  1 AS `blind_code`,
  1 AS `ingredient_category`,
  1 AS `ingredient_unit`,
  1 AS `std_package_size`,
  1 AS `step_label`,
  1 AS `full_action_description`,
  1 AS `full_destination_description` */;
SET character_set_client = @saved_cs_client;

--
-- Table structure for table `warehouses`
--

DROP TABLE IF EXISTS `warehouses`;
/*!40101 SET @saved_cs_client     = @@character_set_client */;
/*!40101 SET character_set_client = utf8mb4 */;
CREATE TABLE `warehouses` (
  `id` int NOT NULL AUTO_INCREMENT,
  `warehouse_id` varchar(50) NOT NULL,
  `name` varchar(100) NOT NULL,
  `description` varchar(255) DEFAULT NULL,
  `status` varchar(20) DEFAULT NULL,
  `created_at` timestamp NULL DEFAULT CURRENT_TIMESTAMP,
  `updated_at` timestamp NULL DEFAULT CURRENT_TIMESTAMP,
  PRIMARY KEY (`id`),
  UNIQUE KEY `ix_warehouses_warehouse_id` (`warehouse_id`),
  KEY `ix_warehouses_id` (`id`)
) ENGINE=InnoDB AUTO_INCREMENT=5 DEFAULT CHARSET=utf8mb4 COLLATE=utf8mb4_0900_ai_ci;
/*!40101 SET character_set_client = @saved_cs_client */;

--
-- Dumping data for table `warehouses`
--

SET @OLD_AUTOCOMMIT=@@AUTOCOMMIT, @@AUTOCOMMIT=0;
LOCK TABLES `warehouses` WRITE;
/*!40000 ALTER TABLE `warehouses` DISABLE KEYS */;
INSERT INTO `warehouses` VALUES
(3,'FH','Flavour House','Flavour House Storage','Active','2026-02-09 11:55:30','2026-02-09 11:55:30'),
(4,'SPP','SPP','SPP Storage','Active','2026-02-09 11:55:30','2026-02-09 11:55:30');
/*!40000 ALTER TABLE `warehouses` ENABLE KEYS */;
UNLOCK TABLES;
COMMIT;
SET AUTOCOMMIT=@OLD_AUTOCOMMIT;

--
-- Dumping routines for database 'xMixingControl'
--

--
-- Current Database: `xMixingControl`
--

USE `xMixingControl`;

--
-- Final view structure for view `v_sku_complete`
--

/*!50001 DROP VIEW IF EXISTS `v_sku_complete`*/;
/*!50001 SET @saved_cs_client          = @@character_set_client */;
/*!50001 SET @saved_cs_results         = @@character_set_results */;
/*!50001 SET @saved_col_connection     = @@collation_connection */;
/*!50001 SET character_set_client      = utf8mb4 */;
/*!50001 SET character_set_results     = utf8mb4 */;
/*!50001 SET collation_connection      = utf8mb4_0900_ai_ci */;
/*!50001 CREATE ALGORITHM=UNDEFINED */
/*!50013 DEFINER=`mixingcontrol`@`%` SQL SECURITY DEFINER */
/*!50001 VIEW `v_sku_complete` AS select `sm`.`sku_id` AS `sku_id`,`sm`.`sku_name` AS `sku_name`,`sm`.`std_batch_size` AS `std_batch_size`,`sm`.`uom` AS `uom`,`sm`.`status` AS `status`,`ss`.`phase_number` AS `phase_number`,`ss`.`phase_id` AS `phase_id`,`ss`.`sub_step` AS `sub_step`,concat(`ss`.`phase_number`,'.',`ss`.`sub_step`) AS `step_number`,`ss`.`action` AS `action`,`ss`.`action_code` AS `action_code`,`sa`.`action_description` AS `action_description`,`ss`.`re_code` AS `re_code`,`ing`.`name` AS `ingredient_name`,`ing`.`mat_sap_code` AS `mat_sap_code`,`ing`.`blind_code` AS `blind_code`,`ss`.`destination` AS `destination`,`sd`.`description` AS `destination_description`,`ss`.`require` AS `required_amount`,`ss`.`low_tol` AS `low_tol`,`ss`.`high_tol` AS `high_tol`,`ss`.`agitator_rpm` AS `agitator_rpm`,`ss`.`high_shear_rpm` AS `high_shear_rpm`,`ss`.`temperature` AS `temperature`,`ss`.`step_time` AS `step_time`,`ss`.`qc_temp` AS `qc_temp`,`ss`.`record_steam_pressure` AS `record_steam_pressure`,`ss`.`record_ctw` AS `record_ctw`,`ss`.`operation_brix_record` AS `operation_brix_record`,`ss`.`operation_ph_record` AS `operation_ph_record`,`ss`.`brix_sp` AS `brix_sp`,`ss`.`ph_sp` AS `ph_sp`,`ss`.`setup_step` AS `setup_step`,`sm`.`creat_by` AS `creat_by`,`sm`.`created_at` AS `created_at`,`sm`.`update_by` AS `update_by`,`sm`.`updated_at` AS `updated_at` from ((((`sku_masters` `sm` left join `sku_steps` `ss` on((`sm`.`sku_id` = `ss`.`sku_id`))) left join `sku_actions` `sa` on((`ss`.`action_code` = `sa`.`action_code`))) left join `sku_destinations` `sd` on((`ss`.`destination` = `sd`.`destination_code`))) left join `ingredients` `ing` on((`ss`.`re_code` = `ing`.`re_code`))) */;
/*!50001 SET character_set_client      = @saved_cs_client */;
/*!50001 SET character_set_results     = @saved_cs_results */;
/*!50001 SET collation_connection      = @saved_col_connection */;

--
-- Final view structure for view `v_sku_master_detail`
--

/*!50001 DROP VIEW IF EXISTS `v_sku_master_detail`*/;
/*!50001 SET @saved_cs_client          = @@character_set_client */;
/*!50001 SET @saved_cs_results         = @@character_set_results */;
/*!50001 SET @saved_col_connection     = @@collation_connection */;
/*!50001 SET character_set_client      = utf8mb4 */;
/*!50001 SET character_set_results     = utf8mb4 */;
/*!50001 SET collation_connection      = utf8mb4_0900_ai_ci */;
/*!50001 CREATE ALGORITHM=UNDEFINED */
/*!50013 DEFINER=`mixingcontrol`@`%` SQL SECURITY DEFINER */
/*!50001 VIEW `v_sku_master_detail` AS select `sm`.`id` AS `id`,`sm`.`sku_id` AS `sku_id`,`sm`.`sku_name` AS `sku_name`,`sm`.`std_batch_size` AS `std_batch_size`,`sm`.`uom` AS `uom`,`sm`.`status` AS `status`,`sm`.`creat_by` AS `creat_by`,`sm`.`created_at` AS `created_at`,`sm`.`update_by` AS `update_by`,`sm`.`updated_at` AS `updated_at`,count(distinct `ss`.`phase_number`) AS `total_phases`,count(`ss`.`id`) AS `total_sub_steps`,max(`ss`.`updated_at`) AS `last_step_update` from (`sku_masters` `sm` left join `sku_steps` `ss` on((`sm`.`sku_id` = `ss`.`sku_id`))) group by `sm`.`id`,`sm`.`sku_id`,`sm`.`sku_name`,`sm`.`std_batch_size`,`sm`.`uom`,`sm`.`status`,`sm`.`creat_by`,`sm`.`created_at`,`sm`.`update_by`,`sm`.`updated_at` */;
/*!50001 SET character_set_client      = @saved_cs_client */;
/*!50001 SET character_set_results     = @saved_cs_results */;
/*!50001 SET collation_connection      = @saved_col_connection */;

--
-- Final view structure for view `v_sku_step_detail`
--

/*!50001 DROP VIEW IF EXISTS `v_sku_step_detail`*/;
/*!50001 SET @saved_cs_client          = @@character_set_client */;
/*!50001 SET @saved_cs_results         = @@character_set_results */;
/*!50001 SET @saved_col_connection     = @@collation_connection */;
/*!50001 SET character_set_client      = utf8mb4 */;
/*!50001 SET character_set_results     = utf8mb4 */;
/*!50001 SET collation_connection      = utf8mb4_0900_ai_ci */;
/*!50001 CREATE ALGORITHM=UNDEFINED */
/*!50013 DEFINER=`mixingcontrol`@`%` SQL SECURITY DEFINER */
/*!50001 VIEW `v_sku_step_detail` AS select `ss`.`id` AS `step_id`,`ss`.`sku_id` AS `sku_id`,`ss`.`phase_number` AS `phase_number`,`ss`.`phase_id` AS `phase_id`,`ss`.`sub_step` AS `sub_step`,`ss`.`action` AS `action`,`ss`.`re_code` AS `re_code`,`ss`.`action_code` AS `action_code`,`ss`.`setup_step` AS `setup_step`,`ss`.`destination` AS `destination`,`ss`.`require` AS `require`,`ss`.`uom` AS `uom`,`ss`.`low_tol` AS `low_tol`,`ss`.`high_tol` AS `high_tol`,`ss`.`step_condition` AS `step_condition`,`ss`.`agitator_rpm` AS `agitator_rpm`,`ss`.`high_shear_rpm` AS `high_shear_rpm`,`ss`.`temperature` AS `temperature`,`ss`.`temp_low` AS `temp_low`,`ss`.`temp_high` AS `temp_high`,`ss`.`ph` AS `ph`,`ss`.`brix` AS `brix`,`ss`.`step_time` AS `step_time`,`ss`.`step_timer_control` AS `step_timer_control`,`ss`.`qc_temp` AS `qc_temp`,`ss`.`record_steam_pressure` AS `record_steam_pressure`,`ss`.`record_ctw` AS `record_ctw`,`ss`.`operation_brix_record` AS `operation_brix_record`,`ss`.`operation_ph_record` AS `operation_ph_record`,`ss`.`brix_sp` AS `brix_sp`,`ss`.`ph_sp` AS `ph_sp`,`ss`.`created_at` AS `step_created_at`,`ss`.`updated_at` AS `step_updated_at`,`sm`.`sku_name` AS `sku_name`,`sm`.`std_batch_size` AS `std_batch_size`,`sm`.`uom` AS `uom_master`,`sm`.`status` AS `sku_status`,`sa`.`action_description` AS `action_description`,`sd`.`description` AS `destination_description`,`ing`.`name` AS `ingredient_name`,`ing`.`mat_sap_code` AS `mat_sap_code`,`ing`.`blind_code` AS `blind_code`,`ing`.`Group` AS `ingredient_category`,`ing`.`unit` AS `ingredient_unit`,`ing`.`std_package_size` AS `std_package_size`,concat(`ss`.`phase_number`,'.',`ss`.`sub_step`) AS `step_label`,(case when (`ss`.`action_code` is not null) then concat(`ss`.`action_code`,' - ',`sa`.`action_description`) else `ss`.`action` end) AS `full_action_description`,(case when (`ss`.`destination` is not null) then concat(`ss`.`destination`,' - ',`sd`.`description`) else NULL end) AS `full_destination_description` from ((((`sku_steps` `ss` join `sku_masters` `sm` on((`ss`.`sku_id` = `sm`.`sku_id`))) left join `sku_actions` `sa` on((`ss`.`action_code` = `sa`.`action_code`))) left join `sku_destinations` `sd` on((`ss`.`destination` = `sd`.`destination_code`))) left join `ingredients` `ing` on((`ss`.`re_code` = `ing`.`re_code`))) */;
/*!50001 SET character_set_client      = @saved_cs_client */;
/*!50001 SET character_set_results     = @saved_cs_results */;
/*!50001 SET collation_connection      = @saved_col_connection */;
/*!40103 SET TIME_ZONE=@OLD_TIME_ZONE */;

/*!40101 SET SQL_MODE=@OLD_SQL_MODE */;
/*!40014 SET FOREIGN_KEY_CHECKS=@OLD_FOREIGN_KEY_CHECKS */;
/*!40014 SET UNIQUE_CHECKS=@OLD_UNIQUE_CHECKS */;
/*!40101 SET CHARACTER_SET_CLIENT=@OLD_CHARACTER_SET_CLIENT */;
/*!40101 SET CHARACTER_SET_RESULTS=@OLD_CHARACTER_SET_RESULTS */;
/*!40101 SET COLLATION_CONNECTION=@OLD_COLLATION_CONNECTION */;
/*M!100616 SET NOTE_VERBOSITY=@OLD_NOTE_VERBOSITY */;

-- Dump completed on 2026-02-19 11:48:52
