-- MySQL dump 10.13  Distrib 8.0.45, for Linux (x86_64)
--
-- Host: 152.42.166.150    Database: xMixingControl
-- ------------------------------------------------------
-- Server version	8.0.44

/*!40101 SET @OLD_CHARACTER_SET_CLIENT=@@CHARACTER_SET_CLIENT */;
/*!40101 SET @OLD_CHARACTER_SET_RESULTS=@@CHARACTER_SET_RESULTS */;
/*!40101 SET @OLD_COLLATION_CONNECTION=@@COLLATION_CONNECTION */;
/*!50503 SET NAMES utf8mb4 */;
/*!40103 SET @OLD_TIME_ZONE=@@TIME_ZONE */;
/*!40103 SET TIME_ZONE='+00:00' */;
/*!40014 SET @OLD_UNIQUE_CHECKS=@@UNIQUE_CHECKS, UNIQUE_CHECKS=0 */;
/*!40014 SET @OLD_FOREIGN_KEY_CHECKS=@@FOREIGN_KEY_CHECKS, FOREIGN_KEY_CHECKS=0 */;
/*!40101 SET @OLD_SQL_MODE=@@SQL_MODE, SQL_MODE='NO_AUTO_VALUE_ON_ZERO' */;
/*!40111 SET @OLD_SQL_NOTES=@@SQL_NOTES, SQL_NOTES=0 */;

--
-- Table structure for table `batches`
--

DROP TABLE IF EXISTS `batches`;
/*!40101 SET @saved_cs_client     = @@character_set_client */;
/*!50503 SET character_set_client = utf8mb4 */;
CREATE TABLE `batches` (
  `id` int NOT NULL AUTO_INCREMENT,
  `batch_number` varchar(50) NOT NULL,
  `production_order_id` int NOT NULL,
  `start_time` datetime DEFAULT NULL,
  `end_time` datetime DEFAULT NULL,
  `status` enum('pending','mixing','completed','failed') DEFAULT 'pending',
  `actual_quantity` decimal(10,2) DEFAULT NULL,
  PRIMARY KEY (`id`),
  UNIQUE KEY `batch_number` (`batch_number`),
  KEY `production_order_id` (`production_order_id`),
  CONSTRAINT `batches_ibfk_1` FOREIGN KEY (`production_order_id`) REFERENCES `production_orders` (`id`)
) ENGINE=InnoDB AUTO_INCREMENT=3 DEFAULT CHARSET=utf8mb4 COLLATE=utf8mb4_0900_ai_ci;
/*!40101 SET character_set_client = @saved_cs_client */;

--
-- Dumping data for table `batches`
--

LOCK TABLES `batches` WRITE;
/*!40000 ALTER TABLE `batches` DISABLE KEYS */;
INSERT INTO `batches` VALUES (1,'BATCH-001',1,'2023-10-10 08:00:00','2023-10-10 09:30:00','completed',105.00),(2,'BATCH-002',1,'2023-10-10 10:00:00','2023-10-10 11:30:00','completed',102.50);
/*!40000 ALTER TABLE `batches` ENABLE KEYS */;
UNLOCK TABLES;

--
-- Table structure for table `ingredient_intake_from`
--

DROP TABLE IF EXISTS `ingredient_intake_from`;
/*!40101 SET @saved_cs_client     = @@character_set_client */;
/*!50503 SET character_set_client = utf8mb4 */;
CREATE TABLE `ingredient_intake_from` (
  `id` int NOT NULL AUTO_INCREMENT,
  `name` varchar(100) NOT NULL,
  `created_at` timestamp NULL DEFAULT CURRENT_TIMESTAMP,
  PRIMARY KEY (`id`),
  UNIQUE KEY `name` (`name`),
  KEY `ix_ingredient_intake_from_id` (`id`)
) ENGINE=InnoDB AUTO_INCREMENT=5 DEFAULT CHARSET=utf8mb4 COLLATE=utf8mb4_0900_ai_ci;
/*!40101 SET character_set_client = @saved_cs_client */;

--
-- Dumping data for table `ingredient_intake_from`
--

LOCK TABLES `ingredient_intake_from` WRITE;
/*!40000 ALTER TABLE `ingredient_intake_from` DISABLE KEYS */;
INSERT INTO `ingredient_intake_from` VALUES (1,'Warehouse','2026-02-21 08:30:57'),(2,'Store','2026-02-21 08:30:57'),(3,'Production','2026-02-21 08:30:57'),(4,'Supplier-001','2026-02-21 09:47:00');
/*!40000 ALTER TABLE `ingredient_intake_from` ENABLE KEYS */;
UNLOCK TABLES;

--
-- Table structure for table `ingredient_intake_history`
--

DROP TABLE IF EXISTS `ingredient_intake_history`;
/*!40101 SET @saved_cs_client     = @@character_set_client */;
/*!50503 SET character_set_client = utf8mb4 */;
CREATE TABLE `ingredient_intake_history` (
  `id` int NOT NULL AUTO_INCREMENT,
  `intake_list_id` int NOT NULL,
  `action` varchar(50) NOT NULL,
  `old_status` varchar(20) DEFAULT NULL,
  `new_status` varchar(20) DEFAULT NULL,
  `remarks` varchar(255) DEFAULT NULL,
  `changed_by` varchar(50) NOT NULL,
  `changed_at` timestamp NULL DEFAULT CURRENT_TIMESTAMP,
  PRIMARY KEY (`id`),
  KEY `intake_list_id` (`intake_list_id`),
  KEY `ix_ingredient_intake_history_id` (`id`),
  CONSTRAINT `ingredient_intake_history_ibfk_1` FOREIGN KEY (`intake_list_id`) REFERENCES `ingredient_intake_lists` (`id`)
) ENGINE=InnoDB AUTO_INCREMENT=5 DEFAULT CHARSET=utf8mb4 COLLATE=utf8mb4_0900_ai_ci;
/*!40101 SET character_set_client = @saved_cs_client */;

--
-- Dumping data for table `ingredient_intake_history`
--

LOCK TABLES `ingredient_intake_history` WRITE;
/*!40000 ALTER TABLE `ingredient_intake_history` DISABLE KEYS */;
INSERT INTO `ingredient_intake_history` VALUES (1,1,'Created',NULL,'Active','Initial record creation','cj','2026-02-21 09:55:13'),(2,2,'Created',NULL,'Active','Initial record creation','cj','2026-02-22 21:28:16'),(3,3,'Created',NULL,'Active','Initial record creation','cj','2026-02-22 21:30:29'),(4,4,'Created',NULL,'Active','Initial record creation','cj','2026-02-22 22:52:32');
/*!40000 ALTER TABLE `ingredient_intake_history` ENABLE KEYS */;
UNLOCK TABLES;

--
-- Table structure for table `ingredient_intake_lists`
--

DROP TABLE IF EXISTS `ingredient_intake_lists`;
/*!40101 SET @saved_cs_client     = @@character_set_client */;
/*!50503 SET character_set_client = utf8mb4 */;
CREATE TABLE `ingredient_intake_lists` (
  `id` int NOT NULL AUTO_INCREMENT,
  `intake_lot_id` varchar(50) NOT NULL,
  `lot_id` varchar(50) NOT NULL,
  `intake_from` varchar(50) DEFAULT NULL,
  `blind_code` varchar(50) DEFAULT NULL,
  `mat_sap_code` varchar(50) NOT NULL,
  `re_code` varchar(50) DEFAULT NULL,
  `material_description` varchar(200) DEFAULT NULL,
  `uom` varchar(20) DEFAULT NULL,
  `intake_vol` float NOT NULL,
  `remain_vol` float NOT NULL,
  `intake_package_vol` float DEFAULT NULL,
  `package_intake` int DEFAULT NULL,
  `expire_date` datetime DEFAULT NULL,
  `status` varchar(20) DEFAULT NULL,
  `intake_at` timestamp NULL DEFAULT CURRENT_TIMESTAMP,
  `intake_by` varchar(50) NOT NULL,
  `edit_by` varchar(50) DEFAULT NULL,
  `edit_at` timestamp NULL DEFAULT CURRENT_TIMESTAMP ON UPDATE CURRENT_TIMESTAMP,
  `po_number` varchar(50) DEFAULT NULL,
  `manufacturing_date` datetime DEFAULT NULL,
  `batch_prepare_vol` float DEFAULT NULL,
  `std_package_size` float DEFAULT NULL,
  `intake_to` varchar(50) DEFAULT NULL,
  PRIMARY KEY (`id`),
  KEY `ix_ingredient_intake_lists_intake_lot_id` (`intake_lot_id`),
  KEY `ix_ingredient_intake_lists_id` (`id`),
  KEY `ix_ingredient_intake_lists_mat_sap_code` (`mat_sap_code`),
  KEY `ix_ingredient_intake_lists_blind_code` (`blind_code`)
) ENGINE=InnoDB AUTO_INCREMENT=5 DEFAULT CHARSET=utf8mb4 COLLATE=utf8mb4_0900_ai_ci;
/*!40101 SET character_set_client = @saved_cs_client */;

--
-- Dumping data for table `ingredient_intake_lists`
--

LOCK TABLES `ingredient_intake_lists` WRITE;
/*!40000 ALTER TABLE `ingredient_intake_lists` DISABLE KEYS */;
INSERT INTO `ingredient_intake_lists` VALUES (1,'intake-2026-02-21-001','02/09/2025','Supplier-001',NULL,'1216450241200040','FV052A','YOUNG COCONUT FLAVOUR 752625','kg',462.294,462.294,25,19,'2026-08-28 00:00:00','Active','2026-02-21 09:55:13','cj','cj','2026-02-21 09:55:13',NULL,'2025-09-02 00:00:00',NULL,25,'FH'),(2,'intake-2026-02-23-001','01/02/2026','Store',NULL,'4114181242000021','Liquid Glucose, กลูโคสเหลว 80 บริกซ์.','Liquid Glucose, กลูโคสเหลว 80 บริกซ์.','kg',250,0,25,10,'2026-02-28 00:00:00','Active','2026-02-22 21:28:16','cj','cj','2026-02-23 15:47:00',NULL,'2026-02-01 00:00:00',NULL,25,'SPP'),(3,'intake-2026-02-23-002','01/02/2026','Supplier-001',NULL,'4114181242000021','Liquid Glucose, กลูโคสเหลว 80 บริกซ์.','Liquid Glucose, กลูโคสเหลว 80 บริกซ์.','kg',100000,99149,100000,1,'2026-02-28 00:00:00','Active','2026-02-22 21:30:29','cj','cj','2026-02-23 17:49:36',NULL,'2026-02-01 00:00:00',NULL,25,'SPP'),(4,'intake-2026-02-23-003','lot1','Supplier-001',NULL,'5113162841000024','Citric Acid','Citric Acid','kg',20,19.376,25,1,'2027-02-28 00:00:00','Active','2026-02-22 22:52:32','cj','cj','2026-02-22 22:53:22',NULL,'2026-02-23 00:00:00',NULL,25,'SPP');
/*!40000 ALTER TABLE `ingredient_intake_lists` ENABLE KEYS */;
UNLOCK TABLES;

--
-- Table structure for table `ingredients`
--

DROP TABLE IF EXISTS `ingredients`;
/*!40101 SET @saved_cs_client     = @@character_set_client */;
/*!50503 SET character_set_client = utf8mb4 */;
CREATE TABLE `ingredients` (
  `id` int NOT NULL AUTO_INCREMENT,
  `blind_code` varchar(50) DEFAULT NULL,
  `mat_sap_code` varchar(50) DEFAULT NULL,
  `ingredient_id` varchar(50) NOT NULL,
  `name` varchar(150) NOT NULL,
  `unit` varchar(20) NOT NULL,
  `Group` varchar(50) DEFAULT NULL,
  `created_at` timestamp NOT NULL DEFAULT CURRENT_TIMESTAMP,
  `creat_by` varchar(50) NOT NULL,
  `updated_at` timestamp NULL DEFAULT NULL ON UPDATE CURRENT_TIMESTAMP,
  `update_by` varchar(50) DEFAULT NULL,
  `status` varchar(20) DEFAULT 'Active',
  `re_code` varchar(50) DEFAULT NULL,
  `std_package_size` float DEFAULT '25',
  `std_prebatch_batch_size` float DEFAULT '0',
  `warehouse` varchar(50) DEFAULT '',
  PRIMARY KEY (`id`),
  KEY `idx_ingredients_blind_code` (`blind_code`),
  KEY `ix_ingredients_mat_sap_code` (`mat_sap_code`)
) ENGINE=InnoDB AUTO_INCREMENT=522 DEFAULT CHARSET=utf8mb4 COLLATE=utf8mb4_0900_ai_ci;
/*!40101 SET character_set_client = @saved_cs_client */;

--
-- Dumping data for table `ingredients`
--

LOCK TABLES `ingredients` WRITE;
/*!40000 ALTER TABLE `ingredients` DISABLE KEYS */;
INSERT INTO `ingredients` VALUES (226,NULL,'1217150041000003','ing-001','Caramel Colour Class III (INS 150c).','kg','Colour','2026-01-13 13:37:08','system','2026-02-22 21:16:38',NULL,'Active','CL001A',50,0,'FH'),(227,NULL,'1217150041000005','ing-002','Caramel Colour Class IV (INS 150d).','kg','Colour','2026-01-13 13:37:08','system','2026-02-22 21:16:38','cj','Active','CL002A',25,0,'FH'),(228,NULL,'1216450241200074','ing-003','Cloudy SC4','kg','Colour','2026-01-13 13:37:08','system','2026-02-22 21:16:38','cj','Active','CL003A',10,0,'FH'),(229,NULL,'1217150041000017','ing-004','Eurocert Carmoisine','kg','Colour','2026-01-13 13:37:08','system','2026-02-22 21:16:38',NULL,'Active','CL004A',25,0,'FH'),(230,NULL,'1217150041000001','ing-005','FD&C BLUE NO.1 (Brilliant Blue Colour).','kg','Colour','2026-01-13 13:37:08','system','2026-02-22 21:16:38',NULL,'Active','CL005A',25,0,'FH'),(231,NULL,'1217150041000004','ing_006','FD&C Red No.40 (Allura Red Colour).','kg','Colour','2026-01-13 13:37:08','system','2026-02-22 21:16:38','Siriworadap','Active','CL006A',25,0,'FH'),(232,NULL,'1217150041000002','ing-007','FD&C YELLOW NO. 5 (Tartrazine Color)','kg','Colour','2026-01-13 13:37:08','system','2026-02-22 21:16:38',NULL,'Active','CL007A',25,0,'FH'),(233,NULL,'1217150041000015','ing-008','Sunset Yellow FD&C Yellow No.6, 1kg/bag.','kg','Colour','2026-01-13 13:37:08','system','2026-02-22 21:16:38',NULL,'Active','CL008A',25,0,'FH'),(234,NULL,'1216450241000116','ing-009','Apple Flavor GWF A01301','kg','Flavor','2026-01-13 13:37:08','system','2026-02-22 21:18:50',NULL,'Active','FV001A',25,0,'FH'),(235,NULL,'1216450241200057','ing-010','Apple Flavor SC771074','kg','Flavor','2026-01-13 13:37:08','system','2026-02-22 21:18:50',NULL,'Active','FV002A',25,0,'FH'),(236,NULL,'1216450241000115','ing-011','Apple Flavor TF74467','kg','Flavor','2026-01-13 13:37:08','system','2026-02-22 21:18:50',NULL,'Active','FV003A',25,0,'FH'),(237,NULL,'1216450241200041','ing-012','Blue Curacao Flavor BC-01','kg','Flavor','2026-01-13 13:37:08','system','2026-02-22 21:18:50',NULL,'Active','FV004A',25,0,'FH'),(238,NULL,'1216450241200088','ing-013','Blueberry Flavor Jean Niel TF00115','kg','Flavor','2026-01-13 13:37:08','system','2026-02-22 21:18:50',NULL,'Active','FV005A',25,0,'FH'),(239,NULL,'1216450241200087','ing-014','Blueberry Flavour Roberte 54220','kg','Flavor','2026-01-13 13:37:08','system','2026-02-22 21:18:50',NULL,'Active','FV006A',25,0,'FH'),(240,NULL,'1216450241000142','ing-015','CLASSIC CARAMEL FLAVOUR CR-02,25 Kg/Drum','kg','Flavor','2026-01-13 13:37:08','system','2026-02-22 21:18:50',NULL,'Active','FV007A',25,0,'FH'),(241,NULL,'1216450241100007','ing-016','Caramel Flavor CR-02','kg','Flavor','2026-01-13 13:37:08','system','2026-02-22 21:18:50',NULL,'Active','FV008A',25,0,'FH'),(242,NULL,'1216450241000098','ing-017','Caramel Flavor 911447','kg','Flavor','2026-01-13 13:37:08','system','2026-02-22 21:18:50',NULL,'Active','FV009A',25,0,'FH'),(243,NULL,'1216450241000099','ing-018','Caramel Flavor 963198','kg','Flavor','2026-01-13 13:37:08','system','2026-02-22 21:18:50',NULL,'Active','FV010A',25,0,'FH'),(244,NULL,'1216450241200048','ing-019','Chrysanthemum Flavour GWFA10421, 20kg/d.','kg','Flavor','2026-01-13 13:37:08','system','2026-02-22 21:18:50',NULL,'Active','FV011A',25,0,'FH'),(245,NULL,'1216450241200038','ing-020','Coconut Flavour CN-01','kg','Flavor','2026-01-13 13:37:08','system','2026-02-22 21:18:50',NULL,'Active','FV012A',25,0,'FH'),(246,NULL,'1216450241200090','ing-021','Firmenich Signature Grape F72T827','kg','Flavor','2026-01-13 13:37:08','system','2026-02-22 21:18:50',NULL,'Active','FV013A',25,0,'FH'),(247,NULL,'1216450241000128','ing-022','FRUIT PUNCH FLAVOUR TF68104','kg','Flavor','2026-01-13 13:37:08','system','2026-02-22 21:18:50',NULL,'Active','FV014A',25,0,'FH'),(248,NULL,'1216450241200046','ing-023','Fruity Sweet Flavour DLN1, 20kg/drum.','kg','Flavor','2026-01-13 13:37:08','system','2026-02-22 21:18:50',NULL,'Active','FV015A',25,0,'FH'),(249,NULL,'1216450241000114','ing-024','Hazelnut Flavour TF00622','kg','Flavor','2026-01-13 13:37:08','system','2026-02-22 21:18:50',NULL,'Active','FV016A',25,0,'FH'),(250,NULL,'1216450241200051','ing-025','Herb Flavour 962070 (N670), 20kg/drum.','kg','Flavor','2026-01-13 13:37:08','system','2026-02-22 21:18:50',NULL,'Active','FV017A',25,0,'FH'),(251,NULL,'1216450241200091','ing-026','Jean Niel Grape TF67550','kg','Flavor','2026-01-13 13:37:08','system','2026-02-22 21:18:50',NULL,'Active','FV018A',25,0,'FH'),(252,NULL,'1216450241200093','ing-027','Jean Niel Passion Fruit TF53958','kg','Flavor','2026-01-13 13:37:08','system','2026-02-22 21:18:50',NULL,'Active','FV019A',25,0,'FH'),(253,NULL,'1216450241200054','ing-028','LEMON LIME FLAVOUR 693503','kg','Flavor','2026-01-13 13:37:08','system','2026-02-22 21:18:50',NULL,'Active','FV020C',25,0,'FH'),(254,NULL,'1216450241200064','ing-029','Lime Flavor 001483 (TPM)','kg','Flavor','2026-01-13 13:37:08','system','2026-02-22 21:18:50',NULL,'Active','FV021A',25,0,'FH'),(255,NULL,'1216450241200063','ing-030','Lychee Flavor E22050308 (Mane)','kg','Flavor','2026-01-13 13:37:08','system','2026-02-22 21:18:50',NULL,'Active','FV022A',25,0,'FH'),(256,NULL,'1216450241200039','ing-031','Lychee Flavour LC-01','kg','Flavor','2026-01-13 13:37:08','system','2026-02-22 21:18:50',NULL,'Active','FV023A',25,0,'FH'),(257,NULL,'1216450241200055','ing-032','LYCHEE FLVOUR 484994','kg','Flavor','2026-01-13 13:37:08','system','2026-02-22 21:18:50',NULL,'Active','FV024A',25,0,'FH'),(258,NULL,'1216450241200049','ing-033','Mango Flavour 98AF4572, 20kg/drum','kg','Flavor','2026-01-13 13:37:08','system','2026-02-22 21:18:50',NULL,'Active','FV025A',25,0,'FH'),(259,NULL,'1216450241200050','ing-034','Mango Flavour MG-03, 25kg/drum.','kg','Flavor','2026-01-13 13:37:08','system','2026-02-22 21:18:50',NULL,'Active','FV026A',25,0,'FH'),(260,NULL,'1216450240000042','ing-035','Matcha Flavor S1911999','kg','Flavor','2026-01-13 13:37:08','system','2026-02-22 21:18:50',NULL,'Active','FV027A',25,0,'FH'),(261,NULL,'1216450241200023','ing-036','Melon Flavour ML-01','kg','Flavor','2026-01-13 13:37:08','system','2026-02-22 21:18:50',NULL,'Active','FV028A',25,0,'FH'),(262,NULL,'1216450241000144','ing-037','FRESH MINT FLAVOUR 7.64476, 25 KG/DRUM','kg','Flavor','2026-01-13 13:37:08','system','2026-02-22 21:18:50',NULL,'Active','FV029A',25,0,'FH'),(263,NULL,'1216450241200045','ing-038','Okrong Mango Flavour E20093290,25kg/dr.','kg','Flavor','2026-01-13 13:37:08','system','2026-02-22 21:18:50',NULL,'Active','FV030A',25,0,'FH'),(264,NULL,'1216450241200059','ing-039','Orange 591872 CIP','kg','Flavor','2026-01-13 13:37:08','system','2026-02-22 21:18:50',NULL,'Active','FV031A',25,0,'FH'),(265,NULL,'1216450241000122','ing-040','Passion fruit Flavor 54223','kg','Flavor','2026-01-13 13:37:08','system','2026-02-22 21:18:50',NULL,'Active','FV032A',25,0,'FH'),(266,NULL,'1216450241200004','ing-041','Passion fruit Flavor PF-01','kg','Flavor','2026-01-13 13:37:08','system','2026-02-22 21:18:50',NULL,'Active','FV033A',25,0,'FH'),(267,NULL,'1216450241000123','ing-042','Passion fruit Flavor TH195967','kg','Flavor','2026-01-13 13:37:08','system','2026-02-22 21:18:50',NULL,'Active','FV034A',25,0,'FH'),(268,NULL,'1216450241000127','ing-043','PEACH FLAVOUR 986057','kg','Flavor','2026-01-13 13:37:08','system','2026-02-22 21:18:50',NULL,'Active','FV035A',25,0,'FH'),(269,NULL,'1216450241200075','ing-044','Peach Flavour Firmenich 050001 R10060','kg','Flavor','2026-01-13 13:37:08','system','2026-02-22 21:18:50',NULL,'Active','FV036A',25,0,'FH'),(270,NULL,'1216450241200076','ing-045','Peach Flavour Jean Niel TF65195','kg','Flavor','2026-01-13 13:37:08','system','2026-02-22 21:18:50',NULL,'Active','FV037A',25,0,'FH'),(271,NULL,'1216450241200095','ing-046','Pineapple Flavor IFF TH828995','kg','Flavor','2026-01-13 13:37:08','system','2026-02-22 21:18:50',NULL,'Active','FV038A',25,0,'FH'),(272,NULL,'1216450241200085','ing-047','Pineapple Flavor Mane E23030086','kg','Flavor','2026-01-13 13:37:08','system','2026-02-22 21:18:50',NULL,'Active','FV039A',25,0,'FH'),(273,NULL,'1216450241200021','ing-048','Sala Flavour Givaudan L-F01657','kg','Flavor','2026-01-13 13:37:08','system','2026-02-22 21:18:50',NULL,'Active','FV040A',25,0,'FH'),(274,NULL,'1216450241200062','ing-049','Sala Flavour Mane E20158434','kg','Flavor','2026-01-13 13:37:08','system','2026-02-22 21:18:50',NULL,'Active','FV041A',25,0,'FH'),(275,NULL,'1216450240000118','ing-050','Signature Cream F10T384','kg','Flavor','2026-01-13 13:37:08','system','2026-02-22 21:18:50',NULL,'Active','FV042A',25,0,'FH'),(276,NULL,'1216450241200002','ing-051','Strawberry Flavour ST-01','kg','Flavor','2026-01-13 13:37:08','system','2026-02-22 21:18:50',NULL,'Active','FV043A',25,0,'FH'),(277,NULL,'1216450241200053','ing-052','Strawberry Jam Flavor SC534471','kg','Flavor','2026-01-13 13:37:08','system','2026-02-22 21:18:50',NULL,'Active','FV044A',25,0,'FH'),(278,NULL,'1216450241100026','ing-053','Sugar Flavour SG-01','kg','Flavor','2026-01-13 13:37:08','system','2026-02-22 21:18:50',NULL,'Active','FV045A',25,0,'FH'),(279,NULL,'1216450241000079','ing-054','T.Hasegawa Yuzu THT-893','kg','Flavor','2026-01-13 13:37:08','system','2026-02-22 21:18:50',NULL,'Active','FV046A',25,0,'FH'),(280,NULL,'1216450241000105','ing-055','Vanilla Flavor 65024','kg','Flavor','2026-01-13 13:37:08','system','2026-02-22 21:18:50',NULL,'Active','FV047A',25,0,'FH'),(281,NULL,'1216450241000119','ing-056','Vanilla Flavor 98AF8436','kg','Flavor','2026-01-13 13:37:08','system','2026-02-22 21:18:50',NULL,'Active','FV048A',25,0,'FH'),(282,NULL,'1216450241000120','ing-057','Vanilla Flavor A16182022','kg','Flavor','2026-01-13 13:37:08','system','2026-02-22 21:18:50',NULL,'Active','FV049A',25,0,'FH'),(283,NULL,'1216450240000124','ing-058','White choc. E_22020877','kg','Flavor','2026-01-13 13:37:08','system','2026-02-22 21:18:50',NULL,'Active','FV050A',25,0,'FH'),(284,NULL,'1216450241000125','ing-059','White choc. Flavour 70FM101478','kg','Flavor','2026-01-13 13:37:08','system','2026-02-22 21:18:50',NULL,'Active','FV051A',25,0,'FH'),(285,NULL,'1216450241200040','ing-060','YOUNG COCONUT FLAVOUR 752625','kg','Flavor','2026-01-13 13:37:08','system','2026-02-22 21:18:50',NULL,'Active','FV052A',25,0,'FH'),(286,NULL,'1216450241100003','ing-061','Thai Tea Flavour TH-01','kg','Flavor','2026-01-13 13:37:08','system','2026-02-22 21:18:50',NULL,'Active','FV053A',25,0,'FH'),(287,NULL,'1216450241000130','ing-062','BROWN SUGAR FLAVOUR RP240009','kg','Flavor','2026-01-13 13:37:08','system','2026-02-22 21:18:50',NULL,'Active','FV054A',25,0,'FH'),(288,NULL,'1216450241000101','ing-063','Elderflower Flavor 52788','kg','Flavor','2026-01-13 13:37:08','system','2026-02-22 21:18:50',NULL,'Active','FV055A',25,0,'FH'),(289,NULL,'1216450241000102','ing-064','Elderflower Flavor 7.65165','kg','Flavor','2026-01-13 13:37:08','system','2026-02-22 21:18:50',NULL,'Active','FV056A',25,0,'FH'),(290,NULL,'1216450241000103','ing-065','Elderflower Flavor TF66263','kg','Flavor','2026-01-13 13:37:08','system','2026-02-22 21:18:50',NULL,'Active','FV057A',25,0,'FH'),(291,NULL,'1216450241000100','ing-066','J - forte Rose Flavor FT2018','kg','Flavor','2026-01-13 13:37:08','system','2026-02-22 21:18:50',NULL,'Active','FV058A',25,0,'FH'),(292,NULL,'1216450241000107','ing-067','Natural Pomegranate Flavor 001772','kg','Flavor','2026-01-13 13:37:08','system','2026-02-22 21:18:50',NULL,'Active','FV059A',25,0,'FH'),(293,NULL,'1216450241000110','ing-068','Raspberry Flavor 70FM095070','kg','Flavor','2026-01-13 13:37:08','system','2026-02-22 21:18:50',NULL,'Active','FV060A',25,0,'FH'),(294,NULL,'1216450241000111','ing-069','Raspberry Flavor GWFC10782','kg','Flavor','2026-01-13 13:37:08','system','2026-02-22 21:18:50',NULL,'Active','FV061A',25,0,'FH'),(295,NULL,'1216450241000097','ing-070','Rose Flavor RP2211252','kg','Flavor','2026-01-13 13:37:08','system','2026-02-22 21:18:50',NULL,'Active','FV062A',25,0,'FH'),(296,NULL,'1216450241000096','ing-071','Rose Hip Flavor 957792','kg','Flavor','2026-01-13 13:37:08','system','2026-02-22 21:18:50',NULL,'Active','FV063A',25,0,'FH'),(297,NULL,'1216450241000106','ing-072','Natural Grenadine Flavor T10116600','kg','Flavor','2026-01-13 13:37:08','system','2026-02-22 21:18:50',NULL,'Active','FV064A',25,0,'FH'),(298,NULL,'1216450241200056','ing-073','Kiwi Flavor GWFA10951','kg','Flavor','2026-01-13 13:37:08','system','2026-02-22 21:18:50',NULL,'Active','FV065A',25,0,'FH'),(299,NULL,'RO-Water','RO-Water','RO-Water','L',NULL,'2026-01-14 15:42:24','System','2026-02-24 03:26:39',NULL,'Active','RO-Water',25,0,'MIX'),(455,'RO','RO','ing_000','RO Water','kg','WATER','2026-01-21 19:08:54','system','2026-02-24 03:26:39','script','Active','X00001',25,0,'MIX'),(456,'1200000041000029','1200000041000029','1200000041000029','Potassium Sorbate, 25 kgs/bag.','kg','Powder','2026-01-21 19:08:54','system','2026-02-22 21:18:50','Siriworadap','Active','Potassium Sorbate',0.7,0.7,'SPP'),(458,'511316284100024','5113162841000024','5113162841000024','Citric Acid','kg','Powder','2026-01-21 19:08:54','system','2026-02-22 21:18:50','Siriworadap','Active','Citric Acid',18,18,'SPP'),(459,'1200000041000032','1200000041000032','1200000041000032','Potasium Chloride (KCl)','kg','XXXX','2026-01-21 19:08:54','system','2026-02-24 03:26:39','Siriworadap','Active','Potasium Chloride (KCl)',25,0,'MIX'),(460,'1200000041000035','1200000041000035','1200000041000035','Sodium Benzoate, 25 kgs/bag','kg','Powder','2026-01-21 19:08:54','system','2026-02-22 21:18:50','Siriworadap','Active','Sodium Benzoate',25,0,'SPP'),(461,'1216450241200008','1216450241200008','1216450241200008','Coconut Water Powder, 25 kgs/drum.','kg','Powder','2026-01-21 19:08:54','system','2026-02-22 21:18:50','Siriworadap','Active','Coconut Water Powder',25,0,'SPP'),(462,NULL,'MIS','MIS-001','MIS','kg','','2026-01-29 01:48:39','cj','2026-02-24 03:26:39','cj','Active','MIS',1000,0,'MIX'),(463,NULL,'1200000000000131','1200000000000131','CMC Blanose 7HOF','KG','Powder','2026-02-07 12:22:13','system','2026-02-22 21:18:50','Siriworadap','Active','CMC Blanose 7HOF',25,0,'SPP'),(464,NULL,'1200000000000132','1200000000000132','Trisodium Citrate','KG','Powder','2026-02-07 12:22:13','system','2026-02-22 21:18:50','Siriworadap','Active','Trisodium Citrate',1,0.6,'SPP'),(465,NULL,'1200000041000033','1200000041000033','Malic Acid, 25 kgs/bag.','KG','General','2026-02-07 12:22:13','system','2026-02-22 21:20:27','Siriworadap','Active','Malic Acid, 25 kgs/bag.',25,0,'SPP'),(466,NULL,'1200000041000034','1200000041000034','Magnesium Lactate (PURAMEX MG)25 kg/bag.','KG','Powder','2026-02-07 12:22:13','system','2026-02-22 21:18:50','Siriworadap','Active','Magnesium Lactate',25,0,'SPP'),(467,NULL,'1216180740000001','1216180740000001','SPORIX','KG','Powder','2026-02-07 12:22:13','system','2026-02-22 21:18:50','Siriworadap','Active','SPORIX',25,25,'SPP'),(468,NULL,'1216180740000002','1216180740000002','CPK Keltrol','KG','Powder','2026-02-07 12:22:13','system','2026-02-22 21:18:50','Siriworadap','Active','CPK Keltrol',10,10,'SPP'),(469,NULL,'1216180740000003','1216180740000003','Kelcogel (Gellan Gum)','KG','General','2026-02-07 12:22:13','system','2026-02-22 21:20:27',NULL,'Active','XX0003A',25,0,'SPP'),(470,NULL,'1216450240000112','1216450240000112','Lumur Vanilla Extrack 2X','KG','General','2026-02-07 12:22:13','system','2026-02-22 21:20:27',NULL,'Active','XX0112',25,0,'SPP'),(471,NULL,'1216450240000126','1216450240000126','Clear Peach Juice Concentrate 8357','KG','Flavor','2026-02-07 12:22:13','system','2026-02-22 21:18:50',NULL,'Active','FV0126',25,0,'FH'),(472,NULL,'1216450240000129','1216450240000129','SIMPLISTICA SY 4210','KG','General','2026-02-07 12:22:13','system','2026-02-22 21:20:27',NULL,'Active','XX0129',25,0,'SPP'),(473,NULL,'1216450240000131','1216450240000131','Clear Kiwi Juice Concentrate','KG','Flavor','2026-02-07 12:22:13','system','2026-02-22 21:18:50',NULL,'Active','FV0131',25,0,'FH'),(474,NULL,'1216450240000140','1216450240000140','Erythritol (Baolingbao) 25kg/bag','KG','General','2026-02-07 12:22:13','system','2026-02-22 21:20:27',NULL,'Active','XX0140',25,0,'SPP'),(475,NULL,'1216450240000146','1216450240000146','Steviol Glycosides Crest, 20 kg/Box','KG','General','2026-02-07 12:22:13','system','2026-02-22 21:20:27',NULL,'Active','XX0146',25,0,'SPP'),(476,NULL,'1216450241000077','1216450241000077','NFC Yuzu – DKSH','KG','General','2026-02-07 12:22:13','system','2026-02-22 21:20:27',NULL,'Active','XX0077',25,0,'SPP'),(477,NULL,'1216450241000078','1216450241000078','YUZU ARTE P 801300','KG','General','2026-02-07 12:22:13','system','2026-02-22 21:20:27',NULL,'Active','XX0078',25,0,'SPP'),(478,NULL,'1216450241000141','1216450241000141','SWEET MODULATION TH-7439, 20kg/Drum','KG','General','2026-02-07 12:22:14','system','2026-02-22 21:20:27',NULL,'Active','XX0141',25,0,'SPP'),(479,NULL,'1216450241000145','1216450241000145','Muscat Flavor 592738 C, 25 Kg/Drum','KG','Flavor','2026-02-07 12:22:14','system','2026-02-22 21:18:50',NULL,'Active','FV0145',25,0,'FH'),(480,NULL,'1216450241200009','1216450241200009','Strawberry Juice Concentrate.','KG','Flavor','2026-02-07 12:22:14','system','2026-02-22 21:18:50',NULL,'Active','FV0009',25,0,'FH'),(481,NULL,'1216450241200042','1216450241200042','Lychee Juice Concentrate.','KG','Flavor','2026-02-07 12:22:14','system','2026-02-22 21:18:50',NULL,'Active','FV0042',25,0,'FH'),(482,NULL,'1216450241200044','1216450241200044','Melon Powder, 20 kgs/pack.','KG','General','2026-02-07 12:22:14','system','2026-02-22 21:20:27',NULL,'Active','XX0044',25,0,'SPP'),(483,NULL,'1216450241200060','1216450241200060','Vitasweet® Ace-K (E950)','KG','Powder','2026-02-07 12:22:14','system','2026-02-22 21:18:50','Siriworadap','Active','Vitasweet® Ace-K (E950)',25,0.5,'SPP'),(484,NULL,'1216450241200065','1216450241200065','Frozen Strawberry Puree','KG','Frozen','2026-02-07 12:22:14','system','2026-02-24 03:26:39','Siriworadap','Active','Frozen Strawberry Puree',25,0,'MIX'),(485,NULL,'1216450241200066','1216450241200066','Frozen  Lemon Concentrate','KG','Frozen','2026-02-07 12:22:14','system','2026-02-24 03:26:39','Siriworadap','Active','Frozen  Lemon Concentrate',25,0,'MIX'),(486,NULL,'1216450241200067','1216450241200067','Frozen Apple Jiuce Concentrate','KG','Flavor','2026-02-07 12:22:14','system','2026-02-22 21:18:50',NULL,'Active','FV0067',25,0,'FH'),(487,NULL,'1216450241200070','1216450241200070','Frozen Tangerine Concentrate','KG','Flavor','2026-02-07 12:22:14','system','2026-02-22 21:18:50',NULL,'Active','FV0070',25,0,'FH'),(488,NULL,'1216450241200071','1216450241200071','Frozen Lychee Puree (Chakkapat)','KG','Flavor','2026-02-07 12:22:14','system','2026-02-22 21:18:50',NULL,'Active','FV0071',25,0,'FH'),(489,NULL,'1216450241200072','1216450241200072','Frozen Mango Puree (Nam Dok  Mai)','KG','Flavor','2026-02-07 12:22:14','system','2026-02-22 21:18:50',NULL,'Active','FV0072',25,0,'FH'),(490,NULL,'1216450241200073','1216450241200073','Frozen Orange Pulp','KG','General','2026-02-07 12:22:14','system','2026-02-22 21:20:27',NULL,'Active','XX0073',25,0,'SPP'),(491,NULL,'1216450241200080','1216450241200080','Frozen Dice Orange Peel','KG','General','2026-02-07 12:22:14','system','2026-02-22 21:20:27',NULL,'Active','XX0080',25,0,'SPP'),(492,NULL,'1216450241200084','1216450241200084','Frozen Pomegranate Concentrate (DKSH)','KG','Frozen','2026-02-07 12:22:14','system','2026-02-24 03:26:39','Siriworadap','Active','Frozen Pomegranate Concentrate (DKSH)',25,0,'MIX'),(493,NULL,'1216450241200086','1216450241200086','Frozen Blueberry Concentrate (IFI)','KG','Flavor','2026-02-07 12:22:14','system','2026-02-22 21:18:50',NULL,'Active','FV0086',25,0,'FH'),(494,NULL,'1216450241200089','1216450241200089','Frozen Grape Concentrate','KG','Flavor','2026-02-07 12:22:14','system','2026-02-22 21:18:50',NULL,'Active','FV0089',25,0,'FH'),(495,NULL,'1216450241200092','1216450241200092','Frozen Passion Fruit Puree','KG','Flavor','2026-02-07 12:22:14','system','2026-02-22 21:18:50',NULL,'Active','FV0092',25,0,'FH'),(496,NULL,'1216450241200094','1216450241200094','Frozen Pineapple Juice Concentrate','KG','Flavor','2026-02-07 12:22:14','system','2026-02-22 21:18:50',NULL,'Active','FV0094',25,0,'FH'),(497,NULL,'1216450241200104','1216450241200104','Elderflower Extract Powder','KG','Flavor','2026-02-07 12:22:14','system','2026-02-22 21:18:50',NULL,'Active','FV0104',25,0,'FH'),(498,NULL,'1216450241200108','1216450241200108','Raspberry Powder','KG','General','2026-02-07 12:22:15','system','2026-02-22 21:20:27',NULL,'Active','XX0108',25,0,'SPP'),(499,NULL,'1216450241200113','1216450241200113','Mixed Berry Concentrate','KG','Frozen','2026-02-07 12:22:15','system','2026-02-24 03:26:39','Siriworadap','Active','Mixed Berry Concentrate',25,0,'MIX'),(500,NULL,'1216450241200117','1216450241200117','Apple Juice Concentrate','KG','Flavor','2026-02-07 12:22:15','system','2026-02-22 21:18:50',NULL,'Active','FV0117',25,0,'FH'),(501,NULL,'1216450241200121','1216450241200121','Passion fruit puree','KG','Flavor','2026-02-07 12:22:15','system','2026-02-22 21:18:50',NULL,'Active','FV0121',25,0,'FH'),(502,NULL,'1216450241200132','1216450241200132','Frozen Lychee Puree (100%)','KG','Flavor','2026-02-07 12:22:15','system','2026-02-22 21:18:50',NULL,'Active','FV0132',25,0,'FH'),(503,NULL,'1216450242000037','1216450242000037','Coconut syrup, น้ำเชื่อมตาลมะพร้าว.','KG','General','2026-02-07 12:22:15','system','2026-02-22 21:20:27',NULL,'Active','XX0037',25,0,'SPP'),(505,NULL,'1235210443000028','1235210443000028','Erythritol, 25 kgs/bag.','KG','General','2026-02-07 12:22:15','system','2026-02-22 21:20:27',NULL,'Active','XX0028',25,0,'SPP'),(506,NULL,'4114181242000021','4114181242000021','Liquid Glucose, กลูโคสเหลว 80 บริกซ์.','KG','General','2026-02-07 12:22:15','system','2026-02-22 22:07:17','cj','Active','Liquid Glucose, กลูโคสเหลว 80 บริกซ์.',85,0,'SPP'),(507,NULL,'5016190043000027','5016190043000027','Sucralose, 1kg * 10/bag.','KG','Powder','2026-02-07 12:22:15','system','2026-02-22 21:18:50','Siriworadap','Active','Sucralose, 1kg * 10/bag.',25,0,'SPP'),(508,NULL,'5022130041000036','5022130041000036','NATIONAL FRIGEX CL','KG','Powder','2026-02-07 12:22:15','system','2026-02-22 21:18:50','Siriworadap','Active','NATIONAL FRIGEX CL',25,0.5,'SPP'),(509,NULL,'5022130042000023','5022130042000023','Modified starch, แป้งดัดแปร, 25 kgs/bag.','KG','General','2026-02-07 12:22:15','system','2026-02-22 21:20:27',NULL,'Active','XX0023',25,0,'SPP'),(510,NULL,'5022130043000022','5022130043000022','Native tapioca starch แป้งมัน 20 kg/bag.','KG','General','2026-02-07 12:22:15','system','2026-02-22 21:20:27',NULL,'Active','XX0022',25,0,'SPP'),(511,NULL,'5119160242000025','5119160242000025','Salt, NaCl, เกลือ บรรจุ 400 g,25 kg/bag.','KG','Powder','2026-02-07 12:22:15','system','2026-02-22 21:18:50','Siriworadap','Active','Salt, NaCl',25,25,'SPP'),(515,NULL,'1217150041000018','1217150041000018',' Instant Textaid A','kg','Powder','2026-02-19 03:46:56','Siriworadap','2026-02-22 21:18:50','Siriworadap','Active','Textaid A',22.7,0.5,'SPP'),(516,NULL,'S210310000','S210310000','W100 CG 50 kg','kg','Powder','2026-02-19 09:48:54','Siriworadap','2026-02-22 21:18:50','Siriworadap','Active','W100 CG 50 kg',25,0,'SPP'),(517,NULL,'S220114100','S220114100','White Sugar W150 1000kg For Repack','kg','Powder','2026-02-19 09:52:15','Siriworadap','2026-02-22 21:18:50','Siriworadap','Active','White Sugar W150 1000kg For Repack',25,0,'SPP'),(518,NULL,'IBC','IBC','IBC','kg','','2026-02-20 09:21:52','cj','2026-02-24 03:26:39','cj','Active','IBC',1000,0,'MIX'),(519,NULL,'S700004102','S700004102','LS in Line','kg','Syrup','2026-02-20 09:22:46','Siriworadap','2026-02-22 21:18:50','Siriworadap','Active','LS in Line',1000,0,'SPP'),(520,NULL,'S8W000000','S8W000000','W-mol','kg','','2026-02-20 09:24:12','Siriworadap','2026-02-24 03:26:39','Siriworadap','Active','W-mol',1000,0,'MIX'),(521,NULL,'S7W0004100','S7W0004100','White-Sucrosweet(In line for Repack)','kg','Syrup','2026-02-20 09:26:25','Siriworadap','2026-02-22 21:18:50','Siriworadap','Active','WLS',1000,0,'SPP');
/*!40000 ALTER TABLE `ingredients` ENABLE KEYS */;
UNLOCK TABLES;

--
-- Table structure for table `intake_package_receive`
--

DROP TABLE IF EXISTS `intake_package_receive`;
/*!40101 SET @saved_cs_client     = @@character_set_client */;
/*!50503 SET character_set_client = utf8mb4 */;
CREATE TABLE `intake_package_receive` (
  `id` int NOT NULL AUTO_INCREMENT,
  `intake_list_id` int NOT NULL,
  `package_no` int NOT NULL,
  `weight` float NOT NULL,
  `created_at` timestamp NULL DEFAULT CURRENT_TIMESTAMP,
  `created_by` varchar(50) DEFAULT NULL,
  PRIMARY KEY (`id`),
  KEY `intake_list_id` (`intake_list_id`),
  KEY `ix_intake_package_receive_id` (`id`),
  CONSTRAINT `intake_package_receive_ibfk_1` FOREIGN KEY (`intake_list_id`) REFERENCES `ingredient_intake_lists` (`id`)
) ENGINE=InnoDB AUTO_INCREMENT=32 DEFAULT CHARSET=utf8mb4 COLLATE=utf8mb4_0900_ai_ci;
/*!40101 SET character_set_client = @saved_cs_client */;

--
-- Dumping data for table `intake_package_receive`
--

LOCK TABLES `intake_package_receive` WRITE;
/*!40000 ALTER TABLE `intake_package_receive` DISABLE KEYS */;
INSERT INTO `intake_package_receive` VALUES (1,1,1,25,'2026-02-21 09:55:13','cj'),(2,1,2,25,'2026-02-21 09:55:13','cj'),(3,1,3,25,'2026-02-21 09:55:13','cj'),(4,1,4,25,'2026-02-21 09:55:13','cj'),(5,1,5,25,'2026-02-21 09:55:13','cj'),(6,1,6,25,'2026-02-21 09:55:13','cj'),(7,1,7,25,'2026-02-21 09:55:13','cj'),(8,1,8,25,'2026-02-21 09:55:13','cj'),(9,1,9,25,'2026-02-21 09:55:13','cj'),(10,1,10,25,'2026-02-21 09:55:13','cj'),(11,1,11,25,'2026-02-21 09:55:13','cj'),(12,1,12,25,'2026-02-21 09:55:13','cj'),(13,1,13,25,'2026-02-21 09:55:13','cj'),(14,1,14,25,'2026-02-21 09:55:13','cj'),(15,1,15,25,'2026-02-21 09:55:13','cj'),(16,1,16,25,'2026-02-21 09:55:13','cj'),(17,1,17,25,'2026-02-21 09:55:13','cj'),(18,1,18,25,'2026-02-21 09:55:13','cj'),(19,1,19,12.294,'2026-02-21 09:55:13','cj'),(20,2,1,25,'2026-02-22 21:28:16','cj'),(21,2,2,25,'2026-02-22 21:28:16','cj'),(22,2,3,25,'2026-02-22 21:28:16','cj'),(23,2,4,25,'2026-02-22 21:28:17','cj'),(24,2,5,25,'2026-02-22 21:28:17','cj'),(25,2,6,25,'2026-02-22 21:28:17','cj'),(26,2,7,25,'2026-02-22 21:28:17','cj'),(27,2,8,25,'2026-02-22 21:28:17','cj'),(28,2,9,25,'2026-02-22 21:28:17','cj'),(29,2,10,25,'2026-02-22 21:28:17','cj'),(30,3,1,100000,'2026-02-22 21:30:29','cj'),(31,4,1,20,'2026-02-22 22:52:32','cj');
/*!40000 ALTER TABLE `intake_package_receive` ENABLE KEYS */;
UNLOCK TABLES;

--
-- Table structure for table `packing_records`
--

DROP TABLE IF EXISTS `packing_records`;
/*!40101 SET @saved_cs_client     = @@character_set_client */;
/*!50503 SET character_set_client = utf8mb4 */;
CREATE TABLE `packing_records` (
  `id` int NOT NULL AUTO_INCREMENT,
  `batch_id` int NOT NULL,
  `pack_date` datetime DEFAULT CURRENT_TIMESTAMP,
  `package_type` varchar(50) DEFAULT NULL,
  `quantity` decimal(10,2) NOT NULL,
  `unit` varchar(10) DEFAULT 'pcs',
  PRIMARY KEY (`id`),
  KEY `batch_id` (`batch_id`),
  CONSTRAINT `packing_records_ibfk_1` FOREIGN KEY (`batch_id`) REFERENCES `batches` (`id`)
) ENGINE=InnoDB AUTO_INCREMENT=3 DEFAULT CHARSET=utf8mb4 COLLATE=utf8mb4_0900_ai_ci;
/*!40101 SET character_set_client = @saved_cs_client */;

--
-- Dumping data for table `packing_records`
--

LOCK TABLES `packing_records` WRITE;
/*!40000 ALTER TABLE `packing_records` DISABLE KEYS */;
INSERT INTO `packing_records` VALUES (1,1,'2023-10-10 10:00:00','Box',100.00,'pcs'),(2,2,'2023-10-10 12:00:00','Box',100.00,'pcs');
/*!40000 ALTER TABLE `packing_records` ENABLE KEYS */;
UNLOCK TABLES;

--
-- Table structure for table `plants`
--

DROP TABLE IF EXISTS `plants`;
/*!40101 SET @saved_cs_client     = @@character_set_client */;
/*!50503 SET character_set_client = utf8mb4 */;
CREATE TABLE `plants` (
  `id` int NOT NULL AUTO_INCREMENT,
  `plant_id` varchar(50) NOT NULL,
  `plant_name` varchar(100) NOT NULL,
  `created_at` timestamp NULL DEFAULT CURRENT_TIMESTAMP,
  `plant_capacity` float DEFAULT '0',
  `plant_description` varchar(255) DEFAULT NULL,
  `status` varchar(20) DEFAULT 'Active',
  `updated_at` timestamp NULL DEFAULT CURRENT_TIMESTAMP ON UPDATE CURRENT_TIMESTAMP,
  PRIMARY KEY (`id`),
  UNIQUE KEY `plant_code` (`plant_id`),
  UNIQUE KEY `idx_plant_id` (`plant_id`)
) ENGINE=InnoDB AUTO_INCREMENT=13 DEFAULT CHARSET=utf8mb4 COLLATE=utf8mb4_0900_ai_ci;
/*!40101 SET character_set_client = @saved_cs_client */;

--
-- Dumping data for table `plants`
--

LOCK TABLES `plants` WRITE;
/*!40000 ALTER TABLE `plants` DISABLE KEYS */;
INSERT INTO `plants` VALUES (9,'Line-1','Line-1 1,200 kg/Batch','2026-01-21 11:16:48',1200,'Production Line 1 - 1,200 kg/batch','Active','2026-01-21 11:16:48'),(10,'Line-2','Line-2 1,200 kg/Batch','2026-01-21 11:16:48',1200,'Production Line 2 - 1,200 kg/batch','Active','2026-01-21 11:16:48'),(11,'Line-3','Line-3 500 kg/Batch','2026-01-21 11:16:48',500,'Production Line 3 - 500 kg/batch','Active','2026-01-21 11:16:48'),(12,'Line-4','Line-4 2,000','2026-01-21 11:19:40',2000,'','Active','2026-01-21 11:19:40');
/*!40000 ALTER TABLE `plants` ENABLE KEYS */;
UNLOCK TABLES;

--
-- Table structure for table `prebatch_items`
--

DROP TABLE IF EXISTS `prebatch_items`;
/*!40101 SET @saved_cs_client     = @@character_set_client */;
/*!50503 SET character_set_client = utf8mb4 */;
CREATE TABLE `prebatch_items` (
  `id` int NOT NULL AUTO_INCREMENT,
  `batch_db_id` int NOT NULL,
  `plan_id` varchar(50) DEFAULT NULL,
  `batch_id` varchar(100) DEFAULT NULL,
  `re_code` varchar(50) DEFAULT NULL,
  `ingredient_name` varchar(200) DEFAULT NULL,
  `required_volume` float DEFAULT NULL,
  `wh` varchar(50) DEFAULT NULL,
  `status` int DEFAULT NULL,
  `created_at` timestamp NULL DEFAULT CURRENT_TIMESTAMP,
  `updated_at` timestamp NULL DEFAULT CURRENT_TIMESTAMP,
  PRIMARY KEY (`id`),
  KEY `batch_db_id` (`batch_db_id`),
  KEY `ix_prebatch_items_plan_id` (`plan_id`),
  KEY `ix_prebatch_items_batch_id` (`batch_id`),
  KEY `ix_prebatch_items_re_code` (`re_code`),
  KEY `ix_prebatch_items_id` (`id`),
  CONSTRAINT `prebatch_items_ibfk_1` FOREIGN KEY (`batch_db_id`) REFERENCES `production_batches` (`id`)
) ENGINE=InnoDB AUTO_INCREMENT=246 DEFAULT CHARSET=utf8mb4 COLLATE=utf8mb4_0900_ai_ci;
/*!40101 SET character_set_client = @saved_cs_client */;

--
-- Dumping data for table `prebatch_items`
--

LOCK TABLES `prebatch_items` WRITE;
/*!40000 ALTER TABLE `prebatch_items` DISABLE KEYS */;
INSERT INTO `prebatch_items` VALUES (77,88,'plan-Line-1-2026-02-04-001','plan-Line-1-2026-02-04-001-001','RO-Water','RO-Water',840,'-',0,'2026-02-14 18:30:03','2026-02-14 18:30:03'),(78,88,'plan-Line-1-2026-02-04-001','plan-Line-1-2026-02-04-001-001','MIS','MIS',480,'-',0,'2026-02-14 18:30:03','2026-02-14 18:30:03'),(79,89,'plan-Line-1-2026-02-04-001','plan-Line-1-2026-02-04-001-002','RO-Water','RO-Water',840,'-',0,'2026-02-14 18:30:04','2026-02-14 18:30:04'),(80,89,'plan-Line-1-2026-02-04-001','plan-Line-1-2026-02-04-001-002','MIS','MIS',480,'-',0,'2026-02-14 18:30:04','2026-02-14 18:30:04'),(81,90,'plan-Line-1-2026-02-04-001','plan-Line-1-2026-02-04-001-003','RO-Water','RO-Water',840,'-',0,'2026-02-14 18:30:05','2026-02-14 18:30:05'),(82,90,'plan-Line-1-2026-02-04-001','plan-Line-1-2026-02-04-001-003','MIS','MIS',480,'-',0,'2026-02-14 18:30:05','2026-02-14 18:30:05'),(83,91,'plan-Line-1-2026-02-04-001','plan-Line-1-2026-02-04-001-004','RO-Water','RO-Water',840,'-',0,'2026-02-14 18:30:05','2026-02-14 18:30:05'),(84,91,'plan-Line-1-2026-02-04-001','plan-Line-1-2026-02-04-001-004','MIS','MIS',480,'-',0,'2026-02-14 18:30:05','2026-02-14 18:30:05'),(85,92,'plan-Line-1-2026-02-04-001','plan-Line-1-2026-02-04-001-005','RO-Water','RO-Water',840,'-',0,'2026-02-14 18:30:06','2026-02-14 18:30:06'),(86,92,'plan-Line-1-2026-02-04-001','plan-Line-1-2026-02-04-001-005','MIS','MIS',480,'-',0,'2026-02-14 18:30:06','2026-02-14 18:30:06'),(87,93,'plan-Line-1-2026-02-07-001','plan-Line-1-2026-02-07-001-001','RO-Water','RO-Water',840,'-',0,'2026-02-14 18:30:07','2026-02-14 18:30:07'),(88,93,'plan-Line-1-2026-02-07-001','plan-Line-1-2026-02-07-001-001','MIS','MIS',480,'-',0,'2026-02-14 18:30:07','2026-02-14 18:30:07'),(89,93,'plan-Line-1-2026-02-07-001','plan-Line-1-2026-02-07-001-001','CL001A','Caramel Colour Class III (INS 150c).',0.054,'FH',0,'2026-02-14 18:30:07','2026-02-14 18:30:07'),(90,93,'plan-Line-1-2026-02-07-001','plan-Line-1-2026-02-07-001-001','FV041A','Sala Flavour Mane E20158434',2.4,'FH',0,'2026-02-14 18:30:07','2026-02-14 18:30:07'),(91,93,'plan-Line-1-2026-02-07-001','plan-Line-1-2026-02-07-001-001','XX0018','Instant Textaid A',2.76,'SPP',0,'2026-02-14 18:30:07','2026-02-14 18:30:07'),(92,94,'plan-Line-1-2026-02-07-001','plan-Line-1-2026-02-07-001-002','RO-Water','RO-Water',840,'-',0,'2026-02-14 18:30:08','2026-02-14 18:30:08'),(93,94,'plan-Line-1-2026-02-07-001','plan-Line-1-2026-02-07-001-002','MIS','MIS',480,'-',0,'2026-02-14 18:30:08','2026-02-14 18:30:08'),(94,94,'plan-Line-1-2026-02-07-001','plan-Line-1-2026-02-07-001-002','CL001A','Caramel Colour Class III (INS 150c).',0.054,'FH',0,'2026-02-14 18:30:08','2026-02-14 18:30:08'),(95,94,'plan-Line-1-2026-02-07-001','plan-Line-1-2026-02-07-001-002','FV041A','Sala Flavour Mane E20158434',2.4,'FH',0,'2026-02-14 18:30:08','2026-02-14 18:30:08'),(96,94,'plan-Line-1-2026-02-07-001','plan-Line-1-2026-02-07-001-002','XX0018','Instant Textaid A',2.76,'SPP',0,'2026-02-14 18:30:08','2026-02-14 18:30:08'),(97,95,'plan-Line-1-2026-02-07-001','plan-Line-1-2026-02-07-001-003','RO-Water','RO-Water',840,'-',0,'2026-02-14 18:30:09','2026-02-14 18:30:09'),(98,95,'plan-Line-1-2026-02-07-001','plan-Line-1-2026-02-07-001-003','MIS','MIS',480,'-',0,'2026-02-14 18:30:09','2026-02-14 18:30:09'),(99,95,'plan-Line-1-2026-02-07-001','plan-Line-1-2026-02-07-001-003','CL001A','Caramel Colour Class III (INS 150c).',0.054,'FH',0,'2026-02-14 18:30:09','2026-02-14 18:30:09'),(100,95,'plan-Line-1-2026-02-07-001','plan-Line-1-2026-02-07-001-003','FV041A','Sala Flavour Mane E20158434',2.4,'FH',0,'2026-02-14 18:30:09','2026-02-14 18:30:09'),(101,95,'plan-Line-1-2026-02-07-001','plan-Line-1-2026-02-07-001-003','XX0018','Instant Textaid A',2.76,'SPP',0,'2026-02-14 18:30:09','2026-02-14 18:30:09'),(102,96,'plan-Line-1-2026-02-07-001','plan-Line-1-2026-02-07-001-004','RO-Water','RO-Water',840,'-',0,'2026-02-14 18:30:10','2026-02-14 18:30:10'),(103,96,'plan-Line-1-2026-02-07-001','plan-Line-1-2026-02-07-001-004','MIS','MIS',480,'-',0,'2026-02-14 18:30:10','2026-02-14 18:30:10'),(104,96,'plan-Line-1-2026-02-07-001','plan-Line-1-2026-02-07-001-004','CL001A','Caramel Colour Class III (INS 150c).',0.054,'FH',0,'2026-02-14 18:30:10','2026-02-14 18:30:10'),(105,96,'plan-Line-1-2026-02-07-001','plan-Line-1-2026-02-07-001-004','FV041A','Sala Flavour Mane E20158434',2.4,'FH',0,'2026-02-14 18:30:10','2026-02-14 18:30:10'),(106,96,'plan-Line-1-2026-02-07-001','plan-Line-1-2026-02-07-001-004','XX0018','Instant Textaid A',2.76,'SPP',0,'2026-02-14 18:30:10','2026-02-14 18:30:10'),(107,97,'plan-Line-1-2026-02-07-001','plan-Line-1-2026-02-07-001-005','RO-Water','RO-Water',840,'-',0,'2026-02-14 18:30:11','2026-02-14 18:30:11'),(108,97,'plan-Line-1-2026-02-07-001','plan-Line-1-2026-02-07-001-005','MIS','MIS',480,'-',0,'2026-02-14 18:30:11','2026-02-14 18:30:11'),(109,97,'plan-Line-1-2026-02-07-001','plan-Line-1-2026-02-07-001-005','CL001A','Caramel Colour Class III (INS 150c).',0.054,'FH',0,'2026-02-14 18:30:11','2026-02-14 18:30:11'),(110,97,'plan-Line-1-2026-02-07-001','plan-Line-1-2026-02-07-001-005','FV041A','Sala Flavour Mane E20158434',2.4,'FH',0,'2026-02-14 18:30:11','2026-02-14 18:30:11'),(111,97,'plan-Line-1-2026-02-07-001','plan-Line-1-2026-02-07-001-005','XX0018','Instant Textaid A',2.76,'SPP',0,'2026-02-14 18:30:11','2026-02-14 18:30:11'),(112,98,'plan-Line-2-2026-02-07-002','plan-Line-2-2026-02-07-002-001','RO-Water','RO-Water',840,'-',0,'2026-02-14 18:30:12','2026-02-14 18:30:12'),(113,98,'plan-Line-2-2026-02-07-002','plan-Line-2-2026-02-07-002-001','MIS','MIS',480,'-',0,'2026-02-14 18:30:12','2026-02-14 18:30:12'),(114,98,'plan-Line-2-2026-02-07-002','plan-Line-2-2026-02-07-002-001','CL001A','Caramel Colour Class III (INS 150c).',0.054,'FH',0,'2026-02-14 18:30:12','2026-02-14 18:30:12'),(115,98,'plan-Line-2-2026-02-07-002','plan-Line-2-2026-02-07-002-001','FV041A','Sala Flavour Mane E20158434',2.4,'FH',0,'2026-02-14 18:30:12','2026-02-14 18:30:12'),(116,98,'plan-Line-2-2026-02-07-002','plan-Line-2-2026-02-07-002-001','XX0018','Instant Textaid A',2.76,'SPP',0,'2026-02-14 18:30:12','2026-02-14 18:30:12'),(117,99,'plan-Line-2-2026-02-07-002','plan-Line-2-2026-02-07-002-002','RO-Water','RO-Water',840,'-',0,'2026-02-14 18:30:13','2026-02-14 18:30:13'),(118,99,'plan-Line-2-2026-02-07-002','plan-Line-2-2026-02-07-002-002','MIS','MIS',480,'-',0,'2026-02-14 18:30:13','2026-02-14 18:30:13'),(119,99,'plan-Line-2-2026-02-07-002','plan-Line-2-2026-02-07-002-002','CL001A','Caramel Colour Class III (INS 150c).',0.054,'FH',0,'2026-02-14 18:30:13','2026-02-14 18:30:13'),(120,99,'plan-Line-2-2026-02-07-002','plan-Line-2-2026-02-07-002-002','FV041A','Sala Flavour Mane E20158434',2.4,'FH',0,'2026-02-14 18:30:13','2026-02-14 18:30:13'),(121,99,'plan-Line-2-2026-02-07-002','plan-Line-2-2026-02-07-002-002','XX0018','Instant Textaid A',2.76,'SPP',0,'2026-02-14 18:30:13','2026-02-14 18:30:13'),(122,100,'plan-Line-2-2026-02-07-002','plan-Line-2-2026-02-07-002-003','RO-Water','RO-Water',840,'-',0,'2026-02-14 18:30:14','2026-02-14 18:30:14'),(123,100,'plan-Line-2-2026-02-07-002','plan-Line-2-2026-02-07-002-003','MIS','MIS',480,'-',0,'2026-02-14 18:30:14','2026-02-14 18:30:14'),(124,100,'plan-Line-2-2026-02-07-002','plan-Line-2-2026-02-07-002-003','CL001A','Caramel Colour Class III (INS 150c).',0.054,'FH',0,'2026-02-14 18:30:14','2026-02-14 18:30:14'),(125,100,'plan-Line-2-2026-02-07-002','plan-Line-2-2026-02-07-002-003','FV041A','Sala Flavour Mane E20158434',2.4,'FH',0,'2026-02-14 18:30:14','2026-02-14 18:30:14'),(126,100,'plan-Line-2-2026-02-07-002','plan-Line-2-2026-02-07-002-003','XX0018','Instant Textaid A',2.76,'SPP',0,'2026-02-14 18:30:14','2026-02-14 18:30:14'),(127,101,'plan-Line-2-2026-02-07-002','plan-Line-2-2026-02-07-002-004','RO-Water','RO-Water',840,'-',0,'2026-02-14 18:30:15','2026-02-14 18:30:15'),(128,101,'plan-Line-2-2026-02-07-002','plan-Line-2-2026-02-07-002-004','MIS','MIS',480,'-',0,'2026-02-14 18:30:15','2026-02-14 18:30:15'),(129,101,'plan-Line-2-2026-02-07-002','plan-Line-2-2026-02-07-002-004','CL001A','Caramel Colour Class III (INS 150c).',0.054,'FH',0,'2026-02-14 18:30:15','2026-02-14 18:30:15'),(130,101,'plan-Line-2-2026-02-07-002','plan-Line-2-2026-02-07-002-004','FV041A','Sala Flavour Mane E20158434',2.4,'FH',0,'2026-02-14 18:30:15','2026-02-14 18:30:15'),(131,101,'plan-Line-2-2026-02-07-002','plan-Line-2-2026-02-07-002-004','XX0018','Instant Textaid A',2.76,'SPP',0,'2026-02-14 18:30:15','2026-02-14 18:30:15'),(132,102,'plan-Line-2-2026-02-07-002','plan-Line-2-2026-02-07-002-005','RO-Water','RO-Water',840,'-',0,'2026-02-14 18:30:16','2026-02-14 18:30:16'),(133,102,'plan-Line-2-2026-02-07-002','plan-Line-2-2026-02-07-002-005','MIS','MIS',480,'-',0,'2026-02-14 18:30:16','2026-02-14 18:30:16'),(134,102,'plan-Line-2-2026-02-07-002','plan-Line-2-2026-02-07-002-005','CL001A','Caramel Colour Class III (INS 150c).',0.054,'FH',0,'2026-02-14 18:30:16','2026-02-14 18:30:16'),(135,102,'plan-Line-2-2026-02-07-002','plan-Line-2-2026-02-07-002-005','FV041A','Sala Flavour Mane E20158434',2.4,'FH',0,'2026-02-14 18:30:16','2026-02-14 18:30:16'),(136,102,'plan-Line-2-2026-02-07-002','plan-Line-2-2026-02-07-002-005','XX0018','Instant Textaid A',2.76,'SPP',0,'2026-02-14 18:30:16','2026-02-14 18:30:16'),(137,103,'plan-Line-2-2026-02-07-002','plan-Line-2-2026-02-07-002-006','RO-Water','RO-Water',840,'-',0,'2026-02-14 18:30:16','2026-02-14 18:30:16'),(138,103,'plan-Line-2-2026-02-07-002','plan-Line-2-2026-02-07-002-006','MIS','MIS',480,'-',0,'2026-02-14 18:30:16','2026-02-14 18:30:16'),(139,103,'plan-Line-2-2026-02-07-002','plan-Line-2-2026-02-07-002-006','CL001A','Caramel Colour Class III (INS 150c).',0.054,'FH',0,'2026-02-14 18:30:16','2026-02-14 18:30:16'),(140,103,'plan-Line-2-2026-02-07-002','plan-Line-2-2026-02-07-002-006','FV041A','Sala Flavour Mane E20158434',2.4,'FH',0,'2026-02-14 18:30:17','2026-02-14 18:30:17'),(141,103,'plan-Line-2-2026-02-07-002','plan-Line-2-2026-02-07-002-006','XX0018','Instant Textaid A',2.76,'SPP',0,'2026-02-14 18:30:17','2026-02-14 18:30:17'),(142,104,'plan-Line-2-2026-02-07-002','plan-Line-2-2026-02-07-002-007','RO-Water','RO-Water',840,'-',0,'2026-02-14 18:30:18','2026-02-14 18:30:18'),(143,104,'plan-Line-2-2026-02-07-002','plan-Line-2-2026-02-07-002-007','MIS','MIS',480,'-',0,'2026-02-14 18:30:18','2026-02-14 18:30:18'),(144,104,'plan-Line-2-2026-02-07-002','plan-Line-2-2026-02-07-002-007','CL001A','Caramel Colour Class III (INS 150c).',0.054,'FH',0,'2026-02-14 18:30:18','2026-02-14 18:30:18'),(145,104,'plan-Line-2-2026-02-07-002','plan-Line-2-2026-02-07-002-007','FV041A','Sala Flavour Mane E20158434',2.4,'FH',0,'2026-02-14 18:30:19','2026-02-14 18:30:19'),(146,104,'plan-Line-2-2026-02-07-002','plan-Line-2-2026-02-07-002-007','XX0018','Instant Textaid A',2.76,'SPP',0,'2026-02-14 18:30:19','2026-02-14 18:30:19'),(177,111,'plan-Line-3-2026-02-07-003','plan-Line-3-2026-02-07-003-006','RO-Water','RO-Water',350,'-',0,'2026-02-14 18:30:25','2026-02-14 18:30:25'),(178,111,'plan-Line-3-2026-02-07-003','plan-Line-3-2026-02-07-003-006','MIS','MIS',200,'-',0,'2026-02-14 18:30:25','2026-02-14 18:30:25'),(179,111,'plan-Line-3-2026-02-07-003','plan-Line-3-2026-02-07-003-006','CL001A','Caramel Colour Class III (INS 150c).',0.0225,'FH',0,'2026-02-14 18:30:25','2026-02-14 18:30:25'),(180,111,'plan-Line-3-2026-02-07-003','plan-Line-3-2026-02-07-003-006','FV041A','Sala Flavour Mane E20158434',1,'FH',0,'2026-02-14 18:30:25','2026-02-14 18:30:25'),(181,111,'plan-Line-3-2026-02-07-003','plan-Line-3-2026-02-07-003-006','XX0018','Instant Textaid A',1.15,'SPP',0,'2026-02-14 18:30:26','2026-02-14 18:30:26'),(182,112,'plan-Line-3-2026-02-07-003','plan-Line-3-2026-02-07-003-007','RO-Water','RO-Water',350,'-',0,'2026-02-14 18:30:26','2026-02-14 18:30:26'),(183,112,'plan-Line-3-2026-02-07-003','plan-Line-3-2026-02-07-003-007','MIS','MIS',200,'-',0,'2026-02-14 18:30:26','2026-02-14 18:30:26'),(184,112,'plan-Line-3-2026-02-07-003','plan-Line-3-2026-02-07-003-007','CL001A','Caramel Colour Class III (INS 150c).',0.0225,'FH',0,'2026-02-14 18:30:26','2026-02-14 18:30:26'),(185,112,'plan-Line-3-2026-02-07-003','plan-Line-3-2026-02-07-003-007','FV041A','Sala Flavour Mane E20158434',1,'FH',0,'2026-02-14 18:30:26','2026-02-14 18:30:26'),(186,112,'plan-Line-3-2026-02-07-003','plan-Line-3-2026-02-07-003-007','XX0018','Instant Textaid A',1.15,'SPP',0,'2026-02-14 18:30:26','2026-02-14 18:30:26'),(187,113,'plan-Line-3-2026-02-07-003','plan-Line-3-2026-02-07-003-008','RO-Water','RO-Water',350,'-',0,'2026-02-14 18:30:27','2026-02-14 18:30:27'),(188,113,'plan-Line-3-2026-02-07-003','plan-Line-3-2026-02-07-003-008','MIS','MIS',200,'-',0,'2026-02-14 18:30:27','2026-02-14 18:30:27'),(189,113,'plan-Line-3-2026-02-07-003','plan-Line-3-2026-02-07-003-008','CL001A','Caramel Colour Class III (INS 150c).',0.0225,'FH',0,'2026-02-14 18:30:27','2026-02-14 18:30:27'),(190,113,'plan-Line-3-2026-02-07-003','plan-Line-3-2026-02-07-003-008','FV041A','Sala Flavour Mane E20158434',1,'FH',0,'2026-02-14 18:30:27','2026-02-14 18:30:27'),(191,113,'plan-Line-3-2026-02-07-003','plan-Line-3-2026-02-07-003-008','XX0018','Instant Textaid A',1.15,'SPP',0,'2026-02-14 18:30:27','2026-02-14 18:30:27'),(192,114,'plan-Line-3-2026-02-07-003','plan-Line-3-2026-02-07-003-009','RO-Water','RO-Water',350,'-',0,'2026-02-14 18:30:28','2026-02-14 18:30:28'),(193,114,'plan-Line-3-2026-02-07-003','plan-Line-3-2026-02-07-003-009','MIS','MIS',200,'-',0,'2026-02-14 18:30:28','2026-02-14 18:30:28'),(194,114,'plan-Line-3-2026-02-07-003','plan-Line-3-2026-02-07-003-009','CL001A','Caramel Colour Class III (INS 150c).',0.0225,'FH',0,'2026-02-14 18:30:28','2026-02-14 18:30:28'),(195,114,'plan-Line-3-2026-02-07-003','plan-Line-3-2026-02-07-003-009','FV041A','Sala Flavour Mane E20158434',1,'FH',0,'2026-02-14 18:30:28','2026-02-14 18:30:28'),(196,114,'plan-Line-3-2026-02-07-003','plan-Line-3-2026-02-07-003-009','XX0018','Instant Textaid A',1.15,'SPP',0,'2026-02-14 18:30:28','2026-02-14 18:30:28'),(197,115,'plan-Line-3-2026-02-07-003','plan-Line-3-2026-02-07-003-010','RO-Water','RO-Water',350,'-',0,'2026-02-14 18:30:29','2026-02-14 18:30:29'),(198,115,'plan-Line-3-2026-02-07-003','plan-Line-3-2026-02-07-003-010','MIS','MIS',200,'-',0,'2026-02-14 18:30:29','2026-02-14 18:30:29'),(199,115,'plan-Line-3-2026-02-07-003','plan-Line-3-2026-02-07-003-010','CL001A','Caramel Colour Class III (INS 150c).',0.0225,'FH',0,'2026-02-14 18:30:29','2026-02-14 18:30:29'),(200,115,'plan-Line-3-2026-02-07-003','plan-Line-3-2026-02-07-003-010','FV041A','Sala Flavour Mane E20158434',1,'FH',0,'2026-02-14 18:30:29','2026-02-14 18:30:29'),(201,115,'plan-Line-3-2026-02-07-003','plan-Line-3-2026-02-07-003-010','XX0018','Instant Textaid A',1.15,'SPP',0,'2026-02-14 18:30:29','2026-02-14 18:30:29'),(202,116,'plan-Line-3-2026-02-07-003','plan-Line-3-2026-02-07-003-011','RO-Water','RO-Water',350,'-',0,'2026-02-14 18:30:30','2026-02-14 18:30:30'),(203,116,'plan-Line-3-2026-02-07-003','plan-Line-3-2026-02-07-003-011','MIS','MIS',200,'-',0,'2026-02-14 18:30:30','2026-02-14 18:30:30'),(204,116,'plan-Line-3-2026-02-07-003','plan-Line-3-2026-02-07-003-011','CL001A','Caramel Colour Class III (INS 150c).',0.0225,'FH',0,'2026-02-14 18:30:30','2026-02-14 18:30:30'),(205,116,'plan-Line-3-2026-02-07-003','plan-Line-3-2026-02-07-003-011','FV041A','Sala Flavour Mane E20158434',1,'FH',0,'2026-02-14 18:30:30','2026-02-14 18:30:30'),(206,116,'plan-Line-3-2026-02-07-003','plan-Line-3-2026-02-07-003-011','XX0018','Instant Textaid A',1.15,'SPP',0,'2026-02-14 18:30:30','2026-02-14 18:30:30'),(207,117,'plan-Line-3-2026-02-07-003','plan-Line-3-2026-02-07-003-012','RO-Water','RO-Water',350,'-',0,'2026-02-14 18:30:31','2026-02-14 18:30:31'),(208,117,'plan-Line-3-2026-02-07-003','plan-Line-3-2026-02-07-003-012','MIS','MIS',200,'-',0,'2026-02-14 18:30:31','2026-02-14 18:30:31'),(209,117,'plan-Line-3-2026-02-07-003','plan-Line-3-2026-02-07-003-012','CL001A','Caramel Colour Class III (INS 150c).',0.0225,'FH',0,'2026-02-14 18:30:31','2026-02-14 18:30:31'),(210,117,'plan-Line-3-2026-02-07-003','plan-Line-3-2026-02-07-003-012','FV041A','Sala Flavour Mane E20158434',1,'FH',0,'2026-02-14 18:30:31','2026-02-14 18:30:31'),(211,117,'plan-Line-3-2026-02-07-003','plan-Line-3-2026-02-07-003-012','XX0018','Instant Textaid A',1.15,'SPP',0,'2026-02-14 18:30:31','2026-02-14 18:30:31'),(212,118,'plan-Line-3-2026-02-07-003','plan-Line-3-2026-02-07-003-013','RO-Water','RO-Water',350,'-',0,'2026-02-14 18:30:32','2026-02-14 18:30:32'),(213,118,'plan-Line-3-2026-02-07-003','plan-Line-3-2026-02-07-003-013','MIS','MIS',200,'-',0,'2026-02-14 18:30:32','2026-02-14 18:30:32'),(214,118,'plan-Line-3-2026-02-07-003','plan-Line-3-2026-02-07-003-013','CL001A','Caramel Colour Class III (INS 150c).',0.0225,'FH',0,'2026-02-14 18:30:32','2026-02-14 18:30:32'),(215,118,'plan-Line-3-2026-02-07-003','plan-Line-3-2026-02-07-003-013','FV041A','Sala Flavour Mane E20158434',1,'FH',0,'2026-02-14 18:30:32','2026-02-14 18:30:32'),(216,118,'plan-Line-3-2026-02-07-003','plan-Line-3-2026-02-07-003-013','XX0018','Instant Textaid A',1.15,'SPP',0,'2026-02-14 18:30:32','2026-02-14 18:30:32'),(217,119,'plan-Line-3-2026-02-07-003','plan-Line-3-2026-02-07-003-014','RO-Water','RO-Water',350,'-',0,'2026-02-14 18:30:33','2026-02-14 18:30:33'),(218,119,'plan-Line-3-2026-02-07-003','plan-Line-3-2026-02-07-003-014','MIS','MIS',200,'-',0,'2026-02-14 18:30:33','2026-02-14 18:30:33'),(219,119,'plan-Line-3-2026-02-07-003','plan-Line-3-2026-02-07-003-014','CL001A','Caramel Colour Class III (INS 150c).',0.0225,'FH',0,'2026-02-14 18:30:33','2026-02-14 18:30:33'),(220,119,'plan-Line-3-2026-02-07-003','plan-Line-3-2026-02-07-003-014','FV041A','Sala Flavour Mane E20158434',1,'FH',0,'2026-02-14 18:30:33','2026-02-14 18:30:33'),(221,119,'plan-Line-3-2026-02-07-003','plan-Line-3-2026-02-07-003-014','XX0018','Instant Textaid A',1.15,'SPP',0,'2026-02-14 18:30:33','2026-02-14 18:30:33'),(222,120,'plan-Line-3-2026-02-07-003','plan-Line-3-2026-02-07-003-015','RO-Water','RO-Water',350,'-',0,'2026-02-14 18:30:34','2026-02-14 18:30:34'),(223,120,'plan-Line-3-2026-02-07-003','plan-Line-3-2026-02-07-003-015','MIS','MIS',200,'-',0,'2026-02-14 18:30:34','2026-02-14 18:30:34'),(224,120,'plan-Line-3-2026-02-07-003','plan-Line-3-2026-02-07-003-015','CL001A','Caramel Colour Class III (INS 150c).',0.0225,'FH',0,'2026-02-14 18:30:34','2026-02-14 18:30:34'),(225,120,'plan-Line-3-2026-02-07-003','plan-Line-3-2026-02-07-003-015','FV041A','Sala Flavour Mane E20158434',1,'FH',0,'2026-02-14 18:30:34','2026-02-14 18:30:34'),(226,120,'plan-Line-3-2026-02-07-003','plan-Line-3-2026-02-07-003-015','XX0018','Instant Textaid A',1.15,'SPP',0,'2026-02-14 18:30:34','2026-02-14 18:30:34'),(227,121,'plan-Line-3-2026-02-07-003','plan-Line-3-2026-02-07-003-016','RO-Water','RO-Water',350,'-',0,'2026-02-14 18:30:35','2026-02-14 18:30:35'),(228,121,'plan-Line-3-2026-02-07-003','plan-Line-3-2026-02-07-003-016','MIS','MIS',200,'-',0,'2026-02-14 18:30:35','2026-02-14 18:30:35'),(229,121,'plan-Line-3-2026-02-07-003','plan-Line-3-2026-02-07-003-016','CL001A','Caramel Colour Class III (INS 150c).',0.0225,'FH',0,'2026-02-14 18:30:35','2026-02-14 18:30:35'),(230,121,'plan-Line-3-2026-02-07-003','plan-Line-3-2026-02-07-003-016','FV041A','Sala Flavour Mane E20158434',1,'FH',0,'2026-02-14 18:30:35','2026-02-14 18:30:35'),(231,121,'plan-Line-3-2026-02-07-003','plan-Line-3-2026-02-07-003-016','XX0018','Instant Textaid A',1.15,'SPP',0,'2026-02-14 18:30:35','2026-02-14 18:30:35'),(232,123,'plan-SimPlant-2026-02-15-001','plan-SimPlant-2026-02-15-001-001','RO-Water','RO-Water',700,'-',0,'2026-02-14 18:30:35','2026-02-14 18:30:35'),(233,123,'plan-SimPlant-2026-02-15-001','plan-SimPlant-2026-02-15-001-001','MIS','MIS',400,'-',0,'2026-02-14 18:30:35','2026-02-14 18:30:35'),(234,124,'plan-SimPlant-2026-02-15-001','plan-SimPlant-2026-02-15-001-002','RO-Water','RO-Water',700,'-',0,'2026-02-14 18:30:36','2026-02-14 18:30:36'),(235,124,'plan-SimPlant-2026-02-15-001','plan-SimPlant-2026-02-15-001-002','MIS','MIS',400,'-',0,'2026-02-14 18:30:36','2026-02-14 18:30:36'),(236,129,'plan-Line-2-2026-02-15-001','plan-Line-2-2026-02-15-001-001','RO-Water','RO-Water',70,'-',0,'2026-02-14 18:30:37','2026-02-14 18:30:37'),(237,129,'plan-Line-2-2026-02-15-001','plan-Line-2-2026-02-15-001-001','MIS','MIS',40,'-',0,'2026-02-14 18:30:37','2026-02-14 18:30:37'),(238,129,'plan-Line-2-2026-02-15-001','plan-Line-2-2026-02-15-001-001','CL001A','Caramel Colour Class III (INS 150c).',0.0045,'FH',0,'2026-02-14 18:30:37','2026-02-14 18:30:37'),(239,129,'plan-Line-2-2026-02-15-001','plan-Line-2-2026-02-15-001-001','FV041A','Sala Flavour Mane E20158434',0.2,'FH',0,'2026-02-14 18:30:37','2026-02-14 18:30:37'),(240,129,'plan-Line-2-2026-02-15-001','plan-Line-2-2026-02-15-001-001','XX0018','Instant Textaid A',0.23,'SPP',0,'2026-02-14 18:30:37','2026-02-14 18:30:37'),(241,130,'plan-Line-2-2026-02-15-001','plan-Line-2-2026-02-15-001-002','RO-Water','RO-Water',70,'-',0,'2026-02-14 18:30:38','2026-02-14 18:30:38'),(242,130,'plan-Line-2-2026-02-15-001','plan-Line-2-2026-02-15-001-002','MIS','MIS',40,'-',0,'2026-02-14 18:30:38','2026-02-14 18:30:38'),(243,130,'plan-Line-2-2026-02-15-001','plan-Line-2-2026-02-15-001-002','CL001A','Caramel Colour Class III (INS 150c).',0.0045,'FH',0,'2026-02-14 18:30:38','2026-02-14 18:30:38'),(244,130,'plan-Line-2-2026-02-15-001','plan-Line-2-2026-02-15-001-002','FV041A','Sala Flavour Mane E20158434',0.2,'FH',0,'2026-02-14 18:30:38','2026-02-14 18:30:38'),(245,130,'plan-Line-2-2026-02-15-001','plan-Line-2-2026-02-15-001-002','XX0018','Instant Textaid A',0.23,'SPP',0,'2026-02-14 18:30:38','2026-02-14 18:30:38');
/*!40000 ALTER TABLE `prebatch_items` ENABLE KEYS */;
UNLOCK TABLES;

--
-- Table structure for table `prebatch_rec_from`
--

DROP TABLE IF EXISTS `prebatch_rec_from`;
/*!40101 SET @saved_cs_client     = @@character_set_client */;
/*!50503 SET character_set_client = utf8mb4 */;
CREATE TABLE `prebatch_rec_from` (
  `id` int NOT NULL AUTO_INCREMENT,
  `prebatch_rec_id` int NOT NULL,
  `intake_lot_id` varchar(50) NOT NULL,
  `mat_sap_code` varchar(50) DEFAULT NULL,
  `take_volume` float NOT NULL,
  `created_at` timestamp NULL DEFAULT CURRENT_TIMESTAMP,
  PRIMARY KEY (`id`),
  KEY `ix_prebatch_rec_from_id` (`id`),
  KEY `ix_prebatch_rec_from_intake_lot_id` (`intake_lot_id`),
  KEY `ix_prebatch_rec_from_prebatch_rec_id` (`prebatch_rec_id`),
  KEY `ix_prebatch_rec_from_mat_sap_code` (`mat_sap_code`),
  CONSTRAINT `prebatch_rec_from_ibfk_1` FOREIGN KEY (`prebatch_rec_id`) REFERENCES `prebatch_recs` (`id`)
) ENGINE=InnoDB AUTO_INCREMENT=14 DEFAULT CHARSET=utf8mb4 COLLATE=utf8mb4_0900_ai_ci;
/*!40101 SET character_set_client = @saved_cs_client */;

--
-- Dumping data for table `prebatch_rec_from`
--

LOCK TABLES `prebatch_rec_from` WRITE;
/*!40000 ALTER TABLE `prebatch_rec_from` DISABLE KEYS */;
INSERT INTO `prebatch_rec_from` VALUES (1,1,'intake-2026-02-23-002','4114181242000021',251,'2026-02-23 16:15:58'),(2,2,'intake-2026-02-23-002','4114181242000021',0,'2026-02-23 16:15:58'),(3,3,'intake-2026-02-23-001','4114181242000021',85,'2026-02-23 16:15:58'),(4,4,'intake-2026-02-23-001','4114181242000021',85,'2026-02-23 16:15:58'),(5,5,'intake-2026-02-23-001','4114181242000021',0,'2026-02-23 16:15:58'),(6,6,'intake-2026-02-23-003','5113162841000024',0.624,'2026-02-23 16:15:59'),(7,7,'intake-2026-02-23-001','4114181242000021',80,'2026-02-23 16:15:59'),(8,9,'intake-2026-02-23-002','4114181242000021',85,'2026-02-23 17:46:14'),(9,10,'intake-2026-02-23-002','4114181242000021',85,'2026-02-23 17:46:30'),(10,11,'intake-2026-02-23-002','4114181242000021',85,'2026-02-23 17:47:04'),(11,12,'intake-2026-02-23-002','4114181242000021',85,'2026-02-23 17:49:06'),(12,13,'intake-2026-02-23-002','4114181242000021',85,'2026-02-23 17:49:19'),(13,14,'intake-2026-02-23-002','4114181242000021',85,'2026-02-23 17:49:36');
/*!40000 ALTER TABLE `prebatch_rec_from` ENABLE KEYS */;
UNLOCK TABLES;

--
-- Table structure for table `prebatch_recs`
--

DROP TABLE IF EXISTS `prebatch_recs`;
/*!40101 SET @saved_cs_client     = @@character_set_client */;
/*!50503 SET character_set_client = utf8mb4 */;
CREATE TABLE `prebatch_recs` (
  `id` int NOT NULL AUTO_INCREMENT,
  `req_id` int DEFAULT NULL,
  `batch_record_id` varchar(100) NOT NULL,
  `plan_id` varchar(50) DEFAULT NULL,
  `re_code` varchar(50) DEFAULT NULL,
  `package_no` int DEFAULT NULL,
  `total_packages` int DEFAULT NULL,
  `net_volume` float DEFAULT NULL,
  `total_volume` float DEFAULT NULL,
  `total_request_volume` float DEFAULT NULL,
  `intake_lot_id` varchar(50) DEFAULT NULL,
  `mat_sap_code` varchar(50) DEFAULT NULL,
  `prebatch_id` varchar(100) DEFAULT NULL,
  `recode_batch_id` varchar(50) DEFAULT NULL,
  `created_at` timestamp NULL DEFAULT CURRENT_TIMESTAMP,
  `recheck_status` int DEFAULT '0',
  `recheck_at` datetime DEFAULT NULL,
  `recheck_by` varchar(100) DEFAULT NULL,
  `packing_status` int DEFAULT '0',
  `packed_at` timestamp NULL DEFAULT NULL,
  `packed_by` varchar(50) DEFAULT NULL,
  PRIMARY KEY (`id`),
  UNIQUE KEY `ix_prebatch_recs_batch_record_id` (`batch_record_id`),
  KEY `req_id` (`req_id`),
  KEY `ix_prebatch_recs_intake_lot_id` (`intake_lot_id`),
  KEY `ix_prebatch_recs_id` (`id`),
  KEY `ix_prebatch_recs_re_code` (`re_code`),
  KEY `ix_prebatch_recs_plan_id` (`plan_id`),
  KEY `ix_prebatch_recs_mat_sap_code` (`mat_sap_code`),
  KEY `ix_prebatch_recs_prebatch_id` (`prebatch_id`),
  KEY `ix_prebatch_recs_recode_batch_id` (`recode_batch_id`),
  KEY `idx_prebatch_recs_packing_status` (`packing_status`),
  CONSTRAINT `prebatch_recs_ibfk_1` FOREIGN KEY (`req_id`) REFERENCES `prebatch_reqs` (`id`)
) ENGINE=InnoDB AUTO_INCREMENT=976 DEFAULT CHARSET=utf8mb4 COLLATE=utf8mb4_0900_ai_ci;
/*!40101 SET character_set_client = @saved_cs_client */;

--
-- Dumping data for table `prebatch_recs`
--

LOCK TABLES `prebatch_recs` WRITE;
/*!40000 ALTER TABLE `prebatch_recs` DISABLE KEYS */;
INSERT INTO `prebatch_recs` VALUES (1,NULL,'plan-Line-1-2026-02-23-003-001-Liquid Glucose, กลูโคสเหลว 80 บริกซ์.-1','plan-Line-1-2026-02-23-003','Liquid Glucose, กลูโคสเหลว 80 บริกซ์.',1,1,251,300,49,'intake-2026-02-23-002','4114181242000021','plan-Line-1-2026-02-23-003-001Liquid Glucose, กลูโคสเหลว 80 บริกซ์.01','01','2026-02-22 21:41:46',0,NULL,NULL,0,NULL,NULL),(2,225,'plan-Line-1-2026-02-23-003-002-Liquid Glucose, กลูโคสเหลว 80 บริกซ์.-1','plan-Line-1-2026-02-23-003','Liquid Glucose, กลูโคสเหลว 80 บริกซ์.',1,1,0,300,300,'intake-2026-02-23-002','4114181242000021','plan-Line-1-2026-02-23-003-002Liquid Glucose, กลูโคสเหลว 80 บริกซ์.01','01','2026-02-22 22:03:44',0,NULL,NULL,0,NULL,NULL),(3,225,'plan-Line-1-2026-02-23-003-002-Liquid Glucose, กลูโคสเหลว 80 บริกซ์.-2','plan-Line-1-2026-02-23-003','Liquid Glucose, กลูโคสเหลว 80 บริกซ์.',2,4,85,300,85,'intake-2026-02-23-001','4114181242000021','plan-Line-1-2026-02-23-003-002Liquid Glucose, กลูโคสเหลว 80 บริกซ์.02','02','2026-02-22 22:08:29',0,NULL,NULL,0,NULL,NULL),(4,225,'plan-Line-1-2026-02-23-003-002-Liquid Glucose, กลูโคสเหลว 80 บริกซ์.-3','plan-Line-1-2026-02-23-003','Liquid Glucose, กลูโคสเหลว 80 บริกซ์.',3,4,85,300,85,'intake-2026-02-23-001','4114181242000021','plan-Line-1-2026-02-23-003-002Liquid Glucose, กลูโคสเหลว 80 บริกซ์.03','03','2026-02-22 22:08:50',0,NULL,NULL,0,NULL,NULL),(5,225,'plan-Line-1-2026-02-23-003-002-Liquid Glucose, กลูโคสเหลว 80 บริกซ์.-4','plan-Line-1-2026-02-23-003','Liquid Glucose, กลูโคสเหลว 80 บริกซ์.',4,4,0,300,85,'intake-2026-02-23-001','4114181242000021','plan-Line-1-2026-02-23-003-002Liquid Glucose, กลูโคสเหลว 80 บริกซ์.04','04','2026-02-22 22:14:16',0,NULL,NULL,0,NULL,NULL),(6,NULL,'plan-Line-1-2026-02-23-003-001-Citric Acid-1','plan-Line-1-2026-02-23-003','Citric Acid',1,1,0.624,0.624,0.624,'intake-2026-02-23-003','5113162841000024','plan-Line-1-2026-02-23-003-001Citric Acid01','01','2026-02-22 22:53:22',0,NULL,NULL,0,NULL,NULL),(7,231,'plan-Line-1-2026-02-23-003-003-Liquid Glucose, กลูโคสเหลว 80 บริกซ์.-1','plan-Line-1-2026-02-23-003','Liquid Glucose, กลูโคสเหลว 80 บริกซ์.',1,4,80,300,85,'intake-2026-02-23-001','4114181242000021','plan-Line-1-2026-02-23-003-003Liquid Glucose, กลูโคสเหลว 80 บริกซ์.01','01','2026-02-23 15:47:01',0,NULL,NULL,0,NULL,NULL),(8,231,'plan-Line-1-2026-02-23-003-003-Liquid Glucose, กลูโคสเหลว 80 บริกซ์.-2','plan-Line-1-2026-02-23-003','Liquid Glucose, กลูโคสเหลว 80 บริกซ์.',2,4,90,300,85,'intake-2026-02-23-002','4114181242000021','plan-Line-1-2026-02-23-003-003Liquid Glucose, กลูโคสเหลว 80 บริกซ์.02','02','2026-02-23 16:24:59',0,NULL,NULL,0,NULL,NULL),(9,231,'plan-Line-1-2026-02-23-003-003-Liquid Glucose, กลูโคสเหลว 80 บริกซ์.-3','plan-Line-1-2026-02-23-003','Liquid Glucose, กลูโคสเหลว 80 บริกซ์.',3,4,85,300,300,'intake-2026-02-23-002','4114181242000021','plan-Line-1-2026-02-23-003-003Liquid Glucose, กลูโคสเหลว 80 บริกซ์.03','03','2026-02-23 17:46:13',0,NULL,NULL,0,NULL,NULL),(10,231,'plan-Line-1-2026-02-23-003-003-Liquid Glucose, กลูโคสเหลว 80 บริกซ์.-4','plan-Line-1-2026-02-23-003','Liquid Glucose, กลูโคสเหลว 80 บริกซ์.',4,4,85,300,300,'intake-2026-02-23-002','4114181242000021','plan-Line-1-2026-02-23-003-003Liquid Glucose, กลูโคสเหลว 80 บริกซ์.04','04','2026-02-23 17:46:29',0,NULL,NULL,0,NULL,NULL),(11,237,'plan-Line-1-2026-02-23-003-004-Liquid Glucose, กลูโคสเหลว 80 บริกซ์.-1','plan-Line-1-2026-02-23-003','Liquid Glucose, กลูโคสเหลว 80 บริกซ์.',1,4,85,300,300,'intake-2026-02-23-002','4114181242000021','plan-Line-1-2026-02-23-003-004Liquid Glucose, กลูโคสเหลว 80 บริกซ์.01','01','2026-02-23 17:47:04',0,NULL,NULL,0,NULL,NULL),(12,237,'plan-Line-1-2026-02-23-003-004-Liquid Glucose, กลูโคสเหลว 80 บริกซ์.-2','plan-Line-1-2026-02-23-003','Liquid Glucose, กลูโคสเหลว 80 บริกซ์.',2,4,85,300,300,'intake-2026-02-23-002','4114181242000021','plan-Line-1-2026-02-23-003-004Liquid Glucose, กลูโคสเหลว 80 บริกซ์.02','02','2026-02-23 17:49:06',0,NULL,NULL,0,NULL,NULL),(13,237,'plan-Line-1-2026-02-23-003-004-Liquid Glucose, กลูโคสเหลว 80 บริกซ์.-3','plan-Line-1-2026-02-23-003','Liquid Glucose, กลูโคสเหลว 80 บริกซ์.',3,4,85,300,300,'intake-2026-02-23-002','4114181242000021','plan-Line-1-2026-02-23-003-004Liquid Glucose, กลูโคสเหลว 80 บริกซ์.03','03','2026-02-23 17:49:18',0,NULL,NULL,0,NULL,NULL),(14,237,'plan-Line-1-2026-02-23-003-004-Liquid Glucose, กลูโคสเหลว 80 บริกซ์.-4','plan-Line-1-2026-02-23-003','Liquid Glucose, กลูโคสเหลว 80 บริกซ์.',4,4,85,300,300,'intake-2026-02-23-002','4114181242000021','plan-Line-1-2026-02-23-003-004Liquid Glucose, กลูโคสเหลว 80 บริกซ์.04','04','2026-02-23 17:49:35',0,NULL,NULL,0,NULL,NULL),(15,297,'sim-Line-1-2026-02-24-001-001-LS in Line-001','sim-Line-1-2026-02-24-001','LS in Line',1,1,371.73,371.71,371.71,NULL,NULL,'sim-Line-1-2026-02-24-001-001LS in Line001','LS in Line001','2026-02-24 02:07:11',1,NULL,NULL,1,'2026-02-24 09:07:12','simulator'),(16,298,'sim-Line-1-2026-02-24-001-001-RO-Water-001','sim-Line-1-2026-02-24-001','RO-Water',1,15,25.0331,376.87,376.87,NULL,NULL,'sim-Line-1-2026-02-24-001-001RO-Water001','RO-Water001','2026-02-24 02:07:12',1,NULL,NULL,0,NULL,NULL),(17,298,'sim-Line-1-2026-02-24-001-001-RO-Water-002','sim-Line-1-2026-02-24-001','RO-Water',2,15,24.9519,376.87,376.87,NULL,NULL,'sim-Line-1-2026-02-24-001-001RO-Water002','RO-Water002','2026-02-24 02:07:12',1,NULL,NULL,0,NULL,NULL),(18,298,'sim-Line-1-2026-02-24-001-001-RO-Water-003','sim-Line-1-2026-02-24-001','RO-Water',3,15,24.9958,376.87,376.87,NULL,NULL,'sim-Line-1-2026-02-24-001-001RO-Water003','RO-Water003','2026-02-24 02:07:12',1,NULL,NULL,1,'2026-02-24 09:07:12','simulator'),(19,298,'sim-Line-1-2026-02-24-001-001-RO-Water-004','sim-Line-1-2026-02-24-001','RO-Water',4,15,24.965,376.87,376.87,NULL,NULL,'sim-Line-1-2026-02-24-001-001RO-Water004','RO-Water004','2026-02-24 02:07:12',1,NULL,NULL,0,NULL,NULL),(20,298,'sim-Line-1-2026-02-24-001-001-RO-Water-005','sim-Line-1-2026-02-24-001','RO-Water',5,15,24.9531,376.87,376.87,NULL,NULL,'sim-Line-1-2026-02-24-001-001RO-Water005','RO-Water005','2026-02-24 02:07:12',1,NULL,NULL,0,NULL,NULL),(21,298,'sim-Line-1-2026-02-24-001-001-RO-Water-006','sim-Line-1-2026-02-24-001','RO-Water',6,15,25.0275,376.87,376.87,NULL,NULL,'sim-Line-1-2026-02-24-001-001RO-Water006','RO-Water006','2026-02-24 02:07:12',1,NULL,NULL,0,NULL,NULL),(22,298,'sim-Line-1-2026-02-24-001-001-RO-Water-007','sim-Line-1-2026-02-24-001','RO-Water',7,15,25.0083,376.87,376.87,NULL,NULL,'sim-Line-1-2026-02-24-001-001RO-Water007','RO-Water007','2026-02-24 02:07:12',1,NULL,NULL,0,NULL,NULL),(23,298,'sim-Line-1-2026-02-24-001-001-RO-Water-008','sim-Line-1-2026-02-24-001','RO-Water',8,15,25.0072,376.87,376.87,NULL,NULL,'sim-Line-1-2026-02-24-001-001RO-Water008','RO-Water008','2026-02-24 02:07:12',1,NULL,NULL,0,NULL,NULL),(24,298,'sim-Line-1-2026-02-24-001-001-RO-Water-009','sim-Line-1-2026-02-24-001','RO-Water',9,15,25.0486,376.87,376.87,NULL,NULL,'sim-Line-1-2026-02-24-001-001RO-Water009','RO-Water009','2026-02-24 02:07:13',1,NULL,NULL,0,NULL,NULL),(25,298,'sim-Line-1-2026-02-24-001-001-RO-Water-010','sim-Line-1-2026-02-24-001','RO-Water',10,15,25.0188,376.87,376.87,NULL,NULL,'sim-Line-1-2026-02-24-001-001RO-Water010','RO-Water010','2026-02-24 02:07:13',1,NULL,NULL,1,'2026-02-24 09:07:12','simulator'),(26,298,'sim-Line-1-2026-02-24-001-001-RO-Water-011','sim-Line-1-2026-02-24-001','RO-Water',11,15,24.9614,376.87,376.87,NULL,NULL,'sim-Line-1-2026-02-24-001-001RO-Water011','RO-Water011','2026-02-24 02:07:13',1,NULL,NULL,0,NULL,NULL),(27,298,'sim-Line-1-2026-02-24-001-001-RO-Water-012','sim-Line-1-2026-02-24-001','RO-Water',12,15,24.9691,376.87,376.87,NULL,NULL,'sim-Line-1-2026-02-24-001-001RO-Water012','RO-Water012','2026-02-24 02:07:13',1,NULL,NULL,0,NULL,NULL),(28,298,'sim-Line-1-2026-02-24-001-001-RO-Water-013','sim-Line-1-2026-02-24-001','RO-Water',13,15,25.0197,376.87,376.87,NULL,NULL,'sim-Line-1-2026-02-24-001-001RO-Water013','RO-Water013','2026-02-24 02:07:14',1,NULL,NULL,1,'2026-02-24 09:07:12','simulator'),(29,298,'sim-Line-1-2026-02-24-001-001-RO-Water-014','sim-Line-1-2026-02-24-001','RO-Water',14,15,25.0202,376.87,376.87,NULL,NULL,'sim-Line-1-2026-02-24-001-001RO-Water014','RO-Water014','2026-02-24 02:07:14',1,NULL,NULL,0,NULL,NULL),(30,298,'sim-Line-1-2026-02-24-001-001-RO-Water-015','sim-Line-1-2026-02-24-001','RO-Water',15,15,26.8973,376.87,376.87,NULL,NULL,'sim-Line-1-2026-02-24-001-001RO-Water015','RO-Water015','2026-02-24 02:07:14',1,NULL,NULL,0,NULL,NULL),(31,299,'sim-Line-1-2026-02-24-001-001-White Sugar W150 1000kg For Repack-001','sim-Line-1-2026-02-24-001','White Sugar W150 1000kg For Repack',1,10,24.9883,250,250,NULL,NULL,'sim-Line-1-2026-02-24-001-001White Sugar W150 1000kg For Repack001','White Sugar W150 1000kg For Repack001','2026-02-24 02:07:14',1,NULL,NULL,0,NULL,NULL),(32,299,'sim-Line-1-2026-02-24-001-001-White Sugar W150 1000kg For Repack-002','sim-Line-1-2026-02-24-001','White Sugar W150 1000kg For Repack',2,10,25.0458,250,250,NULL,NULL,'sim-Line-1-2026-02-24-001-001White Sugar W150 1000kg For Repack002','White Sugar W150 1000kg For Repack002','2026-02-24 02:07:14',1,NULL,NULL,1,'2026-02-24 09:07:14','simulator'),(33,299,'sim-Line-1-2026-02-24-001-001-White Sugar W150 1000kg For Repack-003','sim-Line-1-2026-02-24-001','White Sugar W150 1000kg For Repack',3,10,24.9746,250,250,NULL,NULL,'sim-Line-1-2026-02-24-001-001White Sugar W150 1000kg For Repack003','White Sugar W150 1000kg For Repack003','2026-02-24 02:07:14',1,NULL,NULL,0,NULL,NULL),(34,299,'sim-Line-1-2026-02-24-001-001-White Sugar W150 1000kg For Repack-004','sim-Line-1-2026-02-24-001','White Sugar W150 1000kg For Repack',4,10,25.0063,250,250,NULL,NULL,'sim-Line-1-2026-02-24-001-001White Sugar W150 1000kg For Repack004','White Sugar W150 1000kg For Repack004','2026-02-24 02:07:15',1,NULL,NULL,1,'2026-02-24 09:07:14','simulator'),(35,299,'sim-Line-1-2026-02-24-001-001-White Sugar W150 1000kg For Repack-005','sim-Line-1-2026-02-24-001','White Sugar W150 1000kg For Repack',5,10,24.9772,250,250,NULL,NULL,'sim-Line-1-2026-02-24-001-001White Sugar W150 1000kg For Repack005','White Sugar W150 1000kg For Repack005','2026-02-24 02:07:15',1,NULL,NULL,1,'2026-02-24 09:07:14','simulator'),(36,299,'sim-Line-1-2026-02-24-001-001-White Sugar W150 1000kg For Repack-006','sim-Line-1-2026-02-24-001','White Sugar W150 1000kg For Repack',6,10,25.0435,250,250,NULL,NULL,'sim-Line-1-2026-02-24-001-001White Sugar W150 1000kg For Repack006','White Sugar W150 1000kg For Repack006','2026-02-24 02:07:15',1,NULL,NULL,0,NULL,NULL),(37,299,'sim-Line-1-2026-02-24-001-001-White Sugar W150 1000kg For Repack-007','sim-Line-1-2026-02-24-001','White Sugar W150 1000kg For Repack',7,10,25.0022,250,250,NULL,NULL,'sim-Line-1-2026-02-24-001-001White Sugar W150 1000kg For Repack007','White Sugar W150 1000kg For Repack007','2026-02-24 02:07:15',1,NULL,NULL,1,'2026-02-24 09:07:14','simulator'),(38,299,'sim-Line-1-2026-02-24-001-001-White Sugar W150 1000kg For Repack-008','sim-Line-1-2026-02-24-001','White Sugar W150 1000kg For Repack',8,10,25.0391,250,250,NULL,NULL,'sim-Line-1-2026-02-24-001-001White Sugar W150 1000kg For Repack008','White Sugar W150 1000kg For Repack008','2026-02-24 02:07:16',1,NULL,NULL,1,'2026-02-24 09:07:14','simulator'),(39,299,'sim-Line-1-2026-02-24-001-001-White Sugar W150 1000kg For Repack-009','sim-Line-1-2026-02-24-001','White Sugar W150 1000kg For Repack',9,10,25.0496,250,250,NULL,NULL,'sim-Line-1-2026-02-24-001-001White Sugar W150 1000kg For Repack009','White Sugar W150 1000kg For Repack009','2026-02-24 02:07:16',1,NULL,NULL,0,NULL,NULL),(40,299,'sim-Line-1-2026-02-24-001-001-White Sugar W150 1000kg For Repack-010','sim-Line-1-2026-02-24-001','White Sugar W150 1000kg For Repack',10,10,25.0427,250,250,NULL,NULL,'sim-Line-1-2026-02-24-001-001White Sugar W150 1000kg For Repack010','White Sugar W150 1000kg For Repack010','2026-02-24 02:07:16',1,NULL,NULL,1,'2026-02-24 09:07:14','simulator'),(41,300,'sim-Line-1-2026-02-24-001-001-Potassium Sorbate-001','sim-Line-1-2026-02-24-001','Potassium Sorbate',1,1,0.8451,0.8,0.8,NULL,NULL,'sim-Line-1-2026-02-24-001-001Potassium Sorbate001','Potassium Sorbate001','2026-02-24 02:07:16',1,NULL,NULL,0,NULL,NULL),(42,301,'sim-Line-1-2026-02-24-001-001-Sodium Benzoate-001','sim-Line-1-2026-02-24-001','Sodium Benzoate',1,1,0.1646,0.2,0.2,NULL,NULL,'sim-Line-1-2026-02-24-001-001Sodium Benzoate001','Sodium Benzoate001','2026-02-24 02:07:17',1,NULL,NULL,1,'2026-02-24 09:07:17','simulator'),(43,302,'sim-Line-1-2026-02-24-001-001-Malic Acid, 25 kgs/bag.-001','sim-Line-1-2026-02-24-001','Malic Acid, 25 kgs/bag.',1,1,0.1546,0.115,0.115,NULL,NULL,'sim-Line-1-2026-02-24-001-001Malic Acid, 25 kgs/bag.001','Malic Acid, 25 kgs/bag.001','2026-02-24 02:07:17',1,NULL,NULL,1,'2026-02-24 09:07:17','simulator'),(44,303,'sim-Line-1-2026-02-24-001-001-CL001A-001','sim-Line-1-2026-02-24-001','CL001A',1,1,0.2022,0.2,0.2,NULL,NULL,'sim-Line-1-2026-02-24-001-001CL001A001','CL001A001','2026-02-24 02:07:17',1,NULL,NULL,1,'2026-02-25 01:04:15','operator'),(45,305,'sim-Line-1-2026-02-24-001-002-RO-Water-001','sim-Line-1-2026-02-24-001','RO-Water',1,15,25.0278,376.87,376.87,NULL,NULL,'sim-Line-1-2026-02-24-001-002RO-Water001','RO-Water001','2026-02-24 02:07:18',0,NULL,NULL,0,NULL,NULL),(46,305,'sim-Line-1-2026-02-24-001-002-RO-Water-002','sim-Line-1-2026-02-24-001','RO-Water',2,15,25.0317,376.87,376.87,NULL,NULL,'sim-Line-1-2026-02-24-001-002RO-Water002','RO-Water002','2026-02-24 02:07:18',0,NULL,NULL,0,NULL,NULL),(47,305,'sim-Line-1-2026-02-24-001-002-RO-Water-003','sim-Line-1-2026-02-24-001','RO-Water',3,15,24.9596,376.87,376.87,NULL,NULL,'sim-Line-1-2026-02-24-001-002RO-Water003','RO-Water003','2026-02-24 02:07:18',0,NULL,NULL,1,'2026-02-24 09:07:18','simulator'),(48,305,'sim-Line-1-2026-02-24-001-002-RO-Water-004','sim-Line-1-2026-02-24-001','RO-Water',4,15,25.0042,376.87,376.87,NULL,NULL,'sim-Line-1-2026-02-24-001-002RO-Water004','RO-Water004','2026-02-24 02:07:18',0,NULL,NULL,0,NULL,NULL),(49,305,'sim-Line-1-2026-02-24-001-002-RO-Water-005','sim-Line-1-2026-02-24-001','RO-Water',5,15,24.9928,376.87,376.87,NULL,NULL,'sim-Line-1-2026-02-24-001-002RO-Water005','RO-Water005','2026-02-24 02:07:18',0,NULL,NULL,1,'2026-02-24 09:07:18','simulator'),(50,305,'sim-Line-1-2026-02-24-001-002-RO-Water-006','sim-Line-1-2026-02-24-001','RO-Water',6,15,25.0167,376.87,376.87,NULL,NULL,'sim-Line-1-2026-02-24-001-002RO-Water006','RO-Water006','2026-02-24 02:07:18',0,NULL,NULL,0,NULL,NULL),(51,305,'sim-Line-1-2026-02-24-001-002-RO-Water-007','sim-Line-1-2026-02-24-001','RO-Water',7,15,24.9974,376.87,376.87,NULL,NULL,'sim-Line-1-2026-02-24-001-002RO-Water007','RO-Water007','2026-02-24 02:07:18',0,NULL,NULL,0,NULL,NULL),(52,305,'sim-Line-1-2026-02-24-001-002-RO-Water-008','sim-Line-1-2026-02-24-001','RO-Water',8,15,24.9717,376.87,376.87,NULL,NULL,'sim-Line-1-2026-02-24-001-002RO-Water008','RO-Water008','2026-02-24 02:07:18',0,NULL,NULL,0,NULL,NULL),(53,305,'sim-Line-1-2026-02-24-001-002-RO-Water-009','sim-Line-1-2026-02-24-001','RO-Water',9,15,25.0322,376.87,376.87,NULL,NULL,'sim-Line-1-2026-02-24-001-002RO-Water009','RO-Water009','2026-02-24 02:07:19',0,NULL,NULL,0,NULL,NULL),(54,305,'sim-Line-1-2026-02-24-001-002-RO-Water-010','sim-Line-1-2026-02-24-001','RO-Water',10,15,25.027,376.87,376.87,NULL,NULL,'sim-Line-1-2026-02-24-001-002RO-Water010','RO-Water010','2026-02-24 02:07:19',0,NULL,NULL,0,NULL,NULL),(55,305,'sim-Line-1-2026-02-24-001-002-RO-Water-011','sim-Line-1-2026-02-24-001','RO-Water',11,15,25.021,376.87,376.87,NULL,NULL,'sim-Line-1-2026-02-24-001-002RO-Water011','RO-Water011','2026-02-24 02:07:19',0,NULL,NULL,0,NULL,NULL),(56,305,'sim-Line-1-2026-02-24-001-002-RO-Water-012','sim-Line-1-2026-02-24-001','RO-Water',12,15,24.9876,376.87,376.87,NULL,NULL,'sim-Line-1-2026-02-24-001-002RO-Water012','RO-Water012','2026-02-24 02:07:19',0,NULL,NULL,1,'2026-02-24 09:07:18','simulator'),(57,305,'sim-Line-1-2026-02-24-001-002-RO-Water-013','sim-Line-1-2026-02-24-001','RO-Water',13,15,25.0389,376.87,376.87,NULL,NULL,'sim-Line-1-2026-02-24-001-002RO-Water013','RO-Water013','2026-02-24 02:07:19',0,NULL,NULL,0,NULL,NULL),(58,305,'sim-Line-1-2026-02-24-001-002-RO-Water-014','sim-Line-1-2026-02-24-001','RO-Water',14,15,25.007,376.87,376.87,NULL,NULL,'sim-Line-1-2026-02-24-001-002RO-Water014','RO-Water014','2026-02-24 02:07:19',0,NULL,NULL,0,NULL,NULL),(59,305,'sim-Line-1-2026-02-24-001-002-RO-Water-015','sim-Line-1-2026-02-24-001','RO-Water',15,15,26.8336,376.87,376.87,NULL,NULL,'sim-Line-1-2026-02-24-001-002RO-Water015','RO-Water015','2026-02-24 02:07:19',0,NULL,NULL,0,NULL,NULL),(60,306,'sim-Line-1-2026-02-24-001-002-White Sugar W150 1000kg For Repack-001','sim-Line-1-2026-02-24-001','White Sugar W150 1000kg For Repack',1,10,25.0131,250,250,NULL,NULL,'sim-Line-1-2026-02-24-001-002White Sugar W150 1000kg For Repack001','White Sugar W150 1000kg For Repack001','2026-02-24 02:07:19',0,NULL,NULL,0,NULL,NULL),(61,306,'sim-Line-1-2026-02-24-001-002-White Sugar W150 1000kg For Repack-002','sim-Line-1-2026-02-24-001','White Sugar W150 1000kg For Repack',2,10,24.9535,250,250,NULL,NULL,'sim-Line-1-2026-02-24-001-002White Sugar W150 1000kg For Repack002','White Sugar W150 1000kg For Repack002','2026-02-24 02:07:19',0,NULL,NULL,0,NULL,NULL),(62,306,'sim-Line-1-2026-02-24-001-002-White Sugar W150 1000kg For Repack-003','sim-Line-1-2026-02-24-001','White Sugar W150 1000kg For Repack',3,10,24.975,250,250,NULL,NULL,'sim-Line-1-2026-02-24-001-002White Sugar W150 1000kg For Repack003','White Sugar W150 1000kg For Repack003','2026-02-24 02:07:19',0,NULL,NULL,0,NULL,NULL),(63,306,'sim-Line-1-2026-02-24-001-002-White Sugar W150 1000kg For Repack-004','sim-Line-1-2026-02-24-001','White Sugar W150 1000kg For Repack',4,10,25.0487,250,250,NULL,NULL,'sim-Line-1-2026-02-24-001-002White Sugar W150 1000kg For Repack004','White Sugar W150 1000kg For Repack004','2026-02-24 02:07:20',0,NULL,NULL,0,NULL,NULL),(64,306,'sim-Line-1-2026-02-24-001-002-White Sugar W150 1000kg For Repack-005','sim-Line-1-2026-02-24-001','White Sugar W150 1000kg For Repack',5,10,24.9868,250,250,NULL,NULL,'sim-Line-1-2026-02-24-001-002White Sugar W150 1000kg For Repack005','White Sugar W150 1000kg For Repack005','2026-02-24 02:07:20',0,NULL,NULL,1,'2026-02-24 09:07:20','simulator'),(65,306,'sim-Line-1-2026-02-24-001-002-White Sugar W150 1000kg For Repack-006','sim-Line-1-2026-02-24-001','White Sugar W150 1000kg For Repack',6,10,24.9787,250,250,NULL,NULL,'sim-Line-1-2026-02-24-001-002White Sugar W150 1000kg For Repack006','White Sugar W150 1000kg For Repack006','2026-02-24 02:07:20',0,NULL,NULL,0,NULL,NULL),(66,306,'sim-Line-1-2026-02-24-001-002-White Sugar W150 1000kg For Repack-007','sim-Line-1-2026-02-24-001','White Sugar W150 1000kg For Repack',7,10,25.0317,250,250,NULL,NULL,'sim-Line-1-2026-02-24-001-002White Sugar W150 1000kg For Repack007','White Sugar W150 1000kg For Repack007','2026-02-24 02:07:20',0,NULL,NULL,0,NULL,NULL),(67,306,'sim-Line-1-2026-02-24-001-002-White Sugar W150 1000kg For Repack-008','sim-Line-1-2026-02-24-001','White Sugar W150 1000kg For Repack',8,10,25.0028,250,250,NULL,NULL,'sim-Line-1-2026-02-24-001-002White Sugar W150 1000kg For Repack008','White Sugar W150 1000kg For Repack008','2026-02-24 02:07:20',0,NULL,NULL,1,'2026-02-24 09:07:20','simulator'),(68,306,'sim-Line-1-2026-02-24-001-002-White Sugar W150 1000kg For Repack-009','sim-Line-1-2026-02-24-001','White Sugar W150 1000kg For Repack',9,10,24.9814,250,250,NULL,NULL,'sim-Line-1-2026-02-24-001-002White Sugar W150 1000kg For Repack009','White Sugar W150 1000kg For Repack009','2026-02-24 02:07:20',0,NULL,NULL,1,'2026-02-24 09:07:20','simulator'),(69,306,'sim-Line-1-2026-02-24-001-002-White Sugar W150 1000kg For Repack-010','sim-Line-1-2026-02-24-001','White Sugar W150 1000kg For Repack',10,10,25.019,250,250,NULL,NULL,'sim-Line-1-2026-02-24-001-002White Sugar W150 1000kg For Repack010','White Sugar W150 1000kg For Repack010','2026-02-24 02:07:20',0,NULL,NULL,0,NULL,NULL),(70,308,'sim-Line-1-2026-02-24-001-002-Sodium Benzoate-001','sim-Line-1-2026-02-24-001','Sodium Benzoate',1,1,0.1553,0.2,0.2,NULL,NULL,'sim-Line-1-2026-02-24-001-002Sodium Benzoate001','Sodium Benzoate001','2026-02-24 02:07:21',0,NULL,NULL,0,NULL,NULL),(71,309,'sim-Line-1-2026-02-24-001-002-Malic Acid, 25 kgs/bag.-001','sim-Line-1-2026-02-24-001','Malic Acid, 25 kgs/bag.',1,1,0.076,0.115,0.115,NULL,NULL,'sim-Line-1-2026-02-24-001-002Malic Acid, 25 kgs/bag.001','Malic Acid, 25 kgs/bag.001','2026-02-24 02:07:21',0,NULL,NULL,0,NULL,NULL),(72,310,'sim-Line-1-2026-02-24-001-002-CL001A-001','sim-Line-1-2026-02-24-001','CL001A',1,1,0.2025,0.2,0.2,NULL,NULL,'sim-Line-1-2026-02-24-001-002CL001A001','CL001A001','2026-02-24 02:07:21',0,NULL,NULL,0,NULL,NULL),(73,313,'sim-Line-1-2026-02-24-001-003-White Sugar W150 1000kg For Repack-001','sim-Line-1-2026-02-24-001','White Sugar W150 1000kg For Repack',1,10,24.9748,250,250,NULL,NULL,'sim-Line-1-2026-02-24-001-003White Sugar W150 1000kg For Repack001','White Sugar W150 1000kg For Repack001','2026-02-24 02:07:22',0,NULL,NULL,0,NULL,NULL),(74,313,'sim-Line-1-2026-02-24-001-003-White Sugar W150 1000kg For Repack-002','sim-Line-1-2026-02-24-001','White Sugar W150 1000kg For Repack',2,10,24.9771,250,250,NULL,NULL,'sim-Line-1-2026-02-24-001-003White Sugar W150 1000kg For Repack002','White Sugar W150 1000kg For Repack002','2026-02-24 02:07:22',0,NULL,NULL,0,NULL,NULL),(75,313,'sim-Line-1-2026-02-24-001-003-White Sugar W150 1000kg For Repack-003','sim-Line-1-2026-02-24-001','White Sugar W150 1000kg For Repack',3,10,25.032,250,250,NULL,NULL,'sim-Line-1-2026-02-24-001-003White Sugar W150 1000kg For Repack003','White Sugar W150 1000kg For Repack003','2026-02-24 02:07:23',0,NULL,NULL,0,NULL,NULL),(76,313,'sim-Line-1-2026-02-24-001-003-White Sugar W150 1000kg For Repack-004','sim-Line-1-2026-02-24-001','White Sugar W150 1000kg For Repack',4,10,24.9836,250,250,NULL,NULL,'sim-Line-1-2026-02-24-001-003White Sugar W150 1000kg For Repack004','White Sugar W150 1000kg For Repack004','2026-02-24 02:07:23',0,NULL,NULL,0,NULL,NULL),(77,313,'sim-Line-1-2026-02-24-001-003-White Sugar W150 1000kg For Repack-005','sim-Line-1-2026-02-24-001','White Sugar W150 1000kg For Repack',5,10,25.0236,250,250,NULL,NULL,'sim-Line-1-2026-02-24-001-003White Sugar W150 1000kg For Repack005','White Sugar W150 1000kg For Repack005','2026-02-24 02:07:23',0,NULL,NULL,0,NULL,NULL),(78,313,'sim-Line-1-2026-02-24-001-003-White Sugar W150 1000kg For Repack-006','sim-Line-1-2026-02-24-001','White Sugar W150 1000kg For Repack',6,10,25.0444,250,250,NULL,NULL,'sim-Line-1-2026-02-24-001-003White Sugar W150 1000kg For Repack006','White Sugar W150 1000kg For Repack006','2026-02-24 02:07:23',0,NULL,NULL,1,'2026-02-24 09:07:22','simulator'),(79,313,'sim-Line-1-2026-02-24-001-003-White Sugar W150 1000kg For Repack-007','sim-Line-1-2026-02-24-001','White Sugar W150 1000kg For Repack',7,10,24.9865,250,250,NULL,NULL,'sim-Line-1-2026-02-24-001-003White Sugar W150 1000kg For Repack007','White Sugar W150 1000kg For Repack007','2026-02-24 02:07:24',0,NULL,NULL,1,'2026-02-24 09:07:22','simulator'),(80,313,'sim-Line-1-2026-02-24-001-003-White Sugar W150 1000kg For Repack-008','sim-Line-1-2026-02-24-001','White Sugar W150 1000kg For Repack',8,10,25.0289,250,250,NULL,NULL,'sim-Line-1-2026-02-24-001-003White Sugar W150 1000kg For Repack008','White Sugar W150 1000kg For Repack008','2026-02-24 02:07:24',0,NULL,NULL,0,NULL,NULL),(81,313,'sim-Line-1-2026-02-24-001-003-White Sugar W150 1000kg For Repack-009','sim-Line-1-2026-02-24-001','White Sugar W150 1000kg For Repack',9,10,24.9589,250,250,NULL,NULL,'sim-Line-1-2026-02-24-001-003White Sugar W150 1000kg For Repack009','White Sugar W150 1000kg For Repack009','2026-02-24 02:07:24',0,NULL,NULL,1,'2026-02-24 09:07:22','simulator'),(82,313,'sim-Line-1-2026-02-24-001-003-White Sugar W150 1000kg For Repack-010','sim-Line-1-2026-02-24-001','White Sugar W150 1000kg For Repack',10,10,25.0414,250,250,NULL,NULL,'sim-Line-1-2026-02-24-001-003White Sugar W150 1000kg For Repack010','White Sugar W150 1000kg For Repack010','2026-02-24 02:07:24',0,NULL,NULL,1,'2026-02-24 09:07:22','simulator'),(83,314,'sim-Line-1-2026-02-24-001-003-Potassium Sorbate-001','sim-Line-1-2026-02-24-001','Potassium Sorbate',1,1,0.7539,0.8,0.8,NULL,NULL,'sim-Line-1-2026-02-24-001-003Potassium Sorbate001','Potassium Sorbate001','2026-02-24 02:07:24',0,NULL,NULL,0,NULL,NULL),(84,316,'sim-Line-1-2026-02-24-001-003-Malic Acid, 25 kgs/bag.-001','sim-Line-1-2026-02-24-001','Malic Acid, 25 kgs/bag.',1,1,0.1043,0.115,0.115,NULL,NULL,'sim-Line-1-2026-02-24-001-003Malic Acid, 25 kgs/bag.001','Malic Acid, 25 kgs/bag.001','2026-02-24 02:07:25',0,NULL,NULL,0,NULL,NULL),(85,317,'sim-Line-1-2026-02-24-001-003-CL001A-001','sim-Line-1-2026-02-24-001','CL001A',1,1,0.23,0.2,0.2,NULL,NULL,'sim-Line-1-2026-02-24-001-003CL001A001','CL001A001','2026-02-24 02:07:25',0,NULL,NULL,0,NULL,NULL),(86,318,'sim-Line-1-2026-02-24-001-004-LS in Line-001','sim-Line-1-2026-02-24-001','LS in Line',1,1,371.715,371.71,371.71,NULL,NULL,'sim-Line-1-2026-02-24-001-004LS in Line001','LS in Line001','2026-02-24 02:07:25',1,NULL,NULL,1,'2026-02-24 09:07:25','simulator'),(87,319,'sim-Line-1-2026-02-24-001-004-RO-Water-001','sim-Line-1-2026-02-24-001','RO-Water',1,15,24.9996,376.87,376.87,NULL,NULL,'sim-Line-1-2026-02-24-001-004RO-Water001','RO-Water001','2026-02-24 02:07:26',1,NULL,NULL,0,NULL,NULL),(88,319,'sim-Line-1-2026-02-24-001-004-RO-Water-002','sim-Line-1-2026-02-24-001','RO-Water',2,15,24.9896,376.87,376.87,NULL,NULL,'sim-Line-1-2026-02-24-001-004RO-Water002','RO-Water002','2026-02-24 02:07:26',1,NULL,NULL,1,'2026-02-24 09:07:26','simulator'),(89,319,'sim-Line-1-2026-02-24-001-004-RO-Water-003','sim-Line-1-2026-02-24-001','RO-Water',3,15,25.0307,376.87,376.87,NULL,NULL,'sim-Line-1-2026-02-24-001-004RO-Water003','RO-Water003','2026-02-24 02:07:26',1,NULL,NULL,1,'2026-02-24 09:07:26','simulator'),(90,319,'sim-Line-1-2026-02-24-001-004-RO-Water-004','sim-Line-1-2026-02-24-001','RO-Water',4,15,24.9986,376.87,376.87,NULL,NULL,'sim-Line-1-2026-02-24-001-004RO-Water004','RO-Water004','2026-02-24 02:07:26',1,NULL,NULL,0,NULL,NULL),(91,319,'sim-Line-1-2026-02-24-001-004-RO-Water-005','sim-Line-1-2026-02-24-001','RO-Water',5,15,24.9942,376.87,376.87,NULL,NULL,'sim-Line-1-2026-02-24-001-004RO-Water005','RO-Water005','2026-02-24 02:07:26',1,NULL,NULL,1,'2026-02-24 09:07:26','simulator'),(92,319,'sim-Line-1-2026-02-24-001-004-RO-Water-006','sim-Line-1-2026-02-24-001','RO-Water',6,15,24.9863,376.87,376.87,NULL,NULL,'sim-Line-1-2026-02-24-001-004RO-Water006','RO-Water006','2026-02-24 02:07:27',1,NULL,NULL,0,NULL,NULL),(93,319,'sim-Line-1-2026-02-24-001-004-RO-Water-007','sim-Line-1-2026-02-24-001','RO-Water',7,15,24.97,376.87,376.87,NULL,NULL,'sim-Line-1-2026-02-24-001-004RO-Water007','RO-Water007','2026-02-24 02:07:27',1,NULL,NULL,1,'2026-02-24 09:07:26','simulator'),(94,319,'sim-Line-1-2026-02-24-001-004-RO-Water-008','sim-Line-1-2026-02-24-001','RO-Water',8,15,24.9954,376.87,376.87,NULL,NULL,'sim-Line-1-2026-02-24-001-004RO-Water008','RO-Water008','2026-02-24 02:07:27',1,NULL,NULL,0,NULL,NULL),(95,319,'sim-Line-1-2026-02-24-001-004-RO-Water-009','sim-Line-1-2026-02-24-001','RO-Water',9,15,24.9535,376.87,376.87,NULL,NULL,'sim-Line-1-2026-02-24-001-004RO-Water009','RO-Water009','2026-02-24 02:07:27',1,NULL,NULL,1,'2026-02-24 09:07:26','simulator'),(96,319,'sim-Line-1-2026-02-24-001-004-RO-Water-010','sim-Line-1-2026-02-24-001','RO-Water',10,15,24.9951,376.87,376.87,NULL,NULL,'sim-Line-1-2026-02-24-001-004RO-Water010','RO-Water010','2026-02-24 02:07:27',1,NULL,NULL,1,'2026-02-24 09:07:26','simulator'),(97,319,'sim-Line-1-2026-02-24-001-004-RO-Water-011','sim-Line-1-2026-02-24-001','RO-Water',11,15,25.0377,376.87,376.87,NULL,NULL,'sim-Line-1-2026-02-24-001-004RO-Water011','RO-Water011','2026-02-24 02:07:28',1,NULL,NULL,0,NULL,NULL),(98,319,'sim-Line-1-2026-02-24-001-004-RO-Water-012','sim-Line-1-2026-02-24-001','RO-Water',12,15,25.0088,376.87,376.87,NULL,NULL,'sim-Line-1-2026-02-24-001-004RO-Water012','RO-Water012','2026-02-24 02:07:28',1,NULL,NULL,0,NULL,NULL),(99,319,'sim-Line-1-2026-02-24-001-004-RO-Water-013','sim-Line-1-2026-02-24-001','RO-Water',13,15,25.0173,376.87,376.87,NULL,NULL,'sim-Line-1-2026-02-24-001-004RO-Water013','RO-Water013','2026-02-24 02:07:28',1,NULL,NULL,1,'2026-02-24 09:07:26','simulator'),(100,319,'sim-Line-1-2026-02-24-001-004-RO-Water-014','sim-Line-1-2026-02-24-001','RO-Water',14,15,24.9517,376.87,376.87,NULL,NULL,'sim-Line-1-2026-02-24-001-004RO-Water014','RO-Water014','2026-02-24 02:07:28',1,NULL,NULL,1,'2026-02-24 09:07:26','simulator'),(101,319,'sim-Line-1-2026-02-24-001-004-RO-Water-015','sim-Line-1-2026-02-24-001','RO-Water',15,15,26.8514,376.87,376.87,NULL,NULL,'sim-Line-1-2026-02-24-001-004RO-Water015','RO-Water015','2026-02-24 02:07:28',1,NULL,NULL,0,NULL,NULL),(102,320,'sim-Line-1-2026-02-24-001-004-White Sugar W150 1000kg For Repack-001','sim-Line-1-2026-02-24-001','White Sugar W150 1000kg For Repack',1,10,24.9525,250,250,NULL,NULL,'sim-Line-1-2026-02-24-001-004White Sugar W150 1000kg For Repack001','White Sugar W150 1000kg For Repack001','2026-02-24 02:07:29',1,NULL,NULL,0,NULL,NULL),(103,320,'sim-Line-1-2026-02-24-001-004-White Sugar W150 1000kg For Repack-002','sim-Line-1-2026-02-24-001','White Sugar W150 1000kg For Repack',2,10,25.0086,250,250,NULL,NULL,'sim-Line-1-2026-02-24-001-004White Sugar W150 1000kg For Repack002','White Sugar W150 1000kg For Repack002','2026-02-24 02:07:29',1,NULL,NULL,1,'2026-02-24 09:07:29','simulator'),(104,320,'sim-Line-1-2026-02-24-001-004-White Sugar W150 1000kg For Repack-003','sim-Line-1-2026-02-24-001','White Sugar W150 1000kg For Repack',3,10,24.9732,250,250,NULL,NULL,'sim-Line-1-2026-02-24-001-004White Sugar W150 1000kg For Repack003','White Sugar W150 1000kg For Repack003','2026-02-24 02:07:29',1,NULL,NULL,0,NULL,NULL),(105,320,'sim-Line-1-2026-02-24-001-004-White Sugar W150 1000kg For Repack-004','sim-Line-1-2026-02-24-001','White Sugar W150 1000kg For Repack',4,10,25.0493,250,250,NULL,NULL,'sim-Line-1-2026-02-24-001-004White Sugar W150 1000kg For Repack004','White Sugar W150 1000kg For Repack004','2026-02-24 02:07:29',1,NULL,NULL,1,'2026-02-24 09:07:29','simulator'),(106,320,'sim-Line-1-2026-02-24-001-004-White Sugar W150 1000kg For Repack-005','sim-Line-1-2026-02-24-001','White Sugar W150 1000kg For Repack',5,10,25.0361,250,250,NULL,NULL,'sim-Line-1-2026-02-24-001-004White Sugar W150 1000kg For Repack005','White Sugar W150 1000kg For Repack005','2026-02-24 02:07:29',1,NULL,NULL,1,'2026-02-24 09:07:29','simulator'),(107,320,'sim-Line-1-2026-02-24-001-004-White Sugar W150 1000kg For Repack-006','sim-Line-1-2026-02-24-001','White Sugar W150 1000kg For Repack',6,10,24.9585,250,250,NULL,NULL,'sim-Line-1-2026-02-24-001-004White Sugar W150 1000kg For Repack006','White Sugar W150 1000kg For Repack006','2026-02-24 02:07:29',1,NULL,NULL,0,NULL,NULL),(108,320,'sim-Line-1-2026-02-24-001-004-White Sugar W150 1000kg For Repack-007','sim-Line-1-2026-02-24-001','White Sugar W150 1000kg For Repack',7,10,24.9753,250,250,NULL,NULL,'sim-Line-1-2026-02-24-001-004White Sugar W150 1000kg For Repack007','White Sugar W150 1000kg For Repack007','2026-02-24 02:07:29',1,NULL,NULL,1,'2026-02-24 09:07:29','simulator'),(109,320,'sim-Line-1-2026-02-24-001-004-White Sugar W150 1000kg For Repack-008','sim-Line-1-2026-02-24-001','White Sugar W150 1000kg For Repack',8,10,24.995,250,250,NULL,NULL,'sim-Line-1-2026-02-24-001-004White Sugar W150 1000kg For Repack008','White Sugar W150 1000kg For Repack008','2026-02-24 02:07:29',1,NULL,NULL,0,NULL,NULL),(110,320,'sim-Line-1-2026-02-24-001-004-White Sugar W150 1000kg For Repack-009','sim-Line-1-2026-02-24-001','White Sugar W150 1000kg For Repack',9,10,25.0251,250,250,NULL,NULL,'sim-Line-1-2026-02-24-001-004White Sugar W150 1000kg For Repack009','White Sugar W150 1000kg For Repack009','2026-02-24 02:07:29',1,NULL,NULL,1,'2026-02-24 09:07:29','simulator'),(111,320,'sim-Line-1-2026-02-24-001-004-White Sugar W150 1000kg For Repack-010','sim-Line-1-2026-02-24-001','White Sugar W150 1000kg For Repack',10,10,25.0303,250,250,NULL,NULL,'sim-Line-1-2026-02-24-001-004White Sugar W150 1000kg For Repack010','White Sugar W150 1000kg For Repack010','2026-02-24 02:07:30',1,NULL,NULL,0,NULL,NULL),(112,321,'sim-Line-1-2026-02-24-001-004-Potassium Sorbate-001','sim-Line-1-2026-02-24-001','Potassium Sorbate',1,1,0.7618,0.8,0.8,NULL,NULL,'sim-Line-1-2026-02-24-001-004Potassium Sorbate001','Potassium Sorbate001','2026-02-24 02:07:30',1,NULL,NULL,0,NULL,NULL),(113,322,'sim-Line-1-2026-02-24-001-004-Sodium Benzoate-001','sim-Line-1-2026-02-24-001','Sodium Benzoate',1,1,0.2486,0.2,0.2,NULL,NULL,'sim-Line-1-2026-02-24-001-004Sodium Benzoate001','Sodium Benzoate001','2026-02-24 02:07:31',1,NULL,NULL,1,'2026-02-24 09:07:31','simulator'),(114,323,'sim-Line-1-2026-02-24-001-004-Malic Acid, 25 kgs/bag.-001','sim-Line-1-2026-02-24-001','Malic Acid, 25 kgs/bag.',1,1,0.1398,0.115,0.115,NULL,NULL,'sim-Line-1-2026-02-24-001-004Malic Acid, 25 kgs/bag.001','Malic Acid, 25 kgs/bag.001','2026-02-24 02:07:31',1,NULL,NULL,1,'2026-02-24 09:07:31','simulator'),(115,324,'sim-Line-1-2026-02-24-001-004-CL001A-001','sim-Line-1-2026-02-24-001','CL001A',1,1,0.1672,0.2,0.2,NULL,NULL,'sim-Line-1-2026-02-24-001-004CL001A001','CL001A001','2026-02-24 02:07:31',1,NULL,NULL,1,'2026-02-24 09:07:31','simulator'),(116,326,'sim-Line-1-2026-02-24-001-005-RO-Water-001','sim-Line-1-2026-02-24-001','RO-Water',1,15,24.9664,376.87,376.87,NULL,NULL,'sim-Line-1-2026-02-24-001-005RO-Water001','RO-Water001','2026-02-24 02:07:32',0,NULL,NULL,1,'2026-02-24 09:07:32','simulator'),(117,326,'sim-Line-1-2026-02-24-001-005-RO-Water-002','sim-Line-1-2026-02-24-001','RO-Water',2,15,25.0183,376.87,376.87,NULL,NULL,'sim-Line-1-2026-02-24-001-005RO-Water002','RO-Water002','2026-02-24 02:07:32',0,NULL,NULL,0,NULL,NULL),(118,326,'sim-Line-1-2026-02-24-001-005-RO-Water-003','sim-Line-1-2026-02-24-001','RO-Water',3,15,24.9588,376.87,376.87,NULL,NULL,'sim-Line-1-2026-02-24-001-005RO-Water003','RO-Water003','2026-02-24 02:07:32',0,NULL,NULL,0,NULL,NULL),(119,326,'sim-Line-1-2026-02-24-001-005-RO-Water-004','sim-Line-1-2026-02-24-001','RO-Water',4,15,25.0263,376.87,376.87,NULL,NULL,'sim-Line-1-2026-02-24-001-005RO-Water004','RO-Water004','2026-02-24 02:07:32',0,NULL,NULL,0,NULL,NULL),(120,326,'sim-Line-1-2026-02-24-001-005-RO-Water-005','sim-Line-1-2026-02-24-001','RO-Water',5,15,24.9564,376.87,376.87,NULL,NULL,'sim-Line-1-2026-02-24-001-005RO-Water005','RO-Water005','2026-02-24 02:07:32',0,NULL,NULL,1,'2026-02-24 09:07:32','simulator'),(121,326,'sim-Line-1-2026-02-24-001-005-RO-Water-006','sim-Line-1-2026-02-24-001','RO-Water',6,15,25.005,376.87,376.87,NULL,NULL,'sim-Line-1-2026-02-24-001-005RO-Water006','RO-Water006','2026-02-24 02:07:32',0,NULL,NULL,1,'2026-02-24 09:07:32','simulator'),(122,326,'sim-Line-1-2026-02-24-001-005-RO-Water-007','sim-Line-1-2026-02-24-001','RO-Water',7,15,24.9997,376.87,376.87,NULL,NULL,'sim-Line-1-2026-02-24-001-005RO-Water007','RO-Water007','2026-02-24 02:07:32',0,NULL,NULL,1,'2026-02-24 09:07:32','simulator'),(123,326,'sim-Line-1-2026-02-24-001-005-RO-Water-008','sim-Line-1-2026-02-24-001','RO-Water',8,15,25.0285,376.87,376.87,NULL,NULL,'sim-Line-1-2026-02-24-001-005RO-Water008','RO-Water008','2026-02-24 02:07:32',0,NULL,NULL,0,NULL,NULL),(124,326,'sim-Line-1-2026-02-24-001-005-RO-Water-009','sim-Line-1-2026-02-24-001','RO-Water',9,15,25.0459,376.87,376.87,NULL,NULL,'sim-Line-1-2026-02-24-001-005RO-Water009','RO-Water009','2026-02-24 02:07:33',0,NULL,NULL,0,NULL,NULL),(125,326,'sim-Line-1-2026-02-24-001-005-RO-Water-010','sim-Line-1-2026-02-24-001','RO-Water',10,15,25.0151,376.87,376.87,NULL,NULL,'sim-Line-1-2026-02-24-001-005RO-Water010','RO-Water010','2026-02-24 02:07:33',0,NULL,NULL,0,NULL,NULL),(126,326,'sim-Line-1-2026-02-24-001-005-RO-Water-011','sim-Line-1-2026-02-24-001','RO-Water',11,15,24.9829,376.87,376.87,NULL,NULL,'sim-Line-1-2026-02-24-001-005RO-Water011','RO-Water011','2026-02-24 02:07:33',0,NULL,NULL,1,'2026-02-24 09:07:32','simulator'),(127,326,'sim-Line-1-2026-02-24-001-005-RO-Water-012','sim-Line-1-2026-02-24-001','RO-Water',12,15,25.043,376.87,376.87,NULL,NULL,'sim-Line-1-2026-02-24-001-005RO-Water012','RO-Water012','2026-02-24 02:07:33',0,NULL,NULL,0,NULL,NULL),(128,326,'sim-Line-1-2026-02-24-001-005-RO-Water-013','sim-Line-1-2026-02-24-001','RO-Water',13,15,25.0226,376.87,376.87,NULL,NULL,'sim-Line-1-2026-02-24-001-005RO-Water013','RO-Water013','2026-02-24 02:07:33',0,NULL,NULL,1,'2026-02-24 09:07:32','simulator'),(129,326,'sim-Line-1-2026-02-24-001-005-RO-Water-014','sim-Line-1-2026-02-24-001','RO-Water',14,15,24.9913,376.87,376.87,NULL,NULL,'sim-Line-1-2026-02-24-001-005RO-Water014','RO-Water014','2026-02-24 02:07:33',0,NULL,NULL,0,NULL,NULL),(130,326,'sim-Line-1-2026-02-24-001-005-RO-Water-015','sim-Line-1-2026-02-24-001','RO-Water',15,15,26.8353,376.87,376.87,NULL,NULL,'sim-Line-1-2026-02-24-001-005RO-Water015','RO-Water015','2026-02-24 02:07:33',0,NULL,NULL,0,NULL,NULL),(131,330,'sim-Line-1-2026-02-24-001-005-Malic Acid, 25 kgs/bag.-001','sim-Line-1-2026-02-24-001','Malic Acid, 25 kgs/bag.',1,1,0.1016,0.115,0.115,NULL,NULL,'sim-Line-1-2026-02-24-001-005Malic Acid, 25 kgs/bag.001','Malic Acid, 25 kgs/bag.001','2026-02-24 02:07:34',0,NULL,NULL,0,NULL,NULL),(132,332,'sim-Line-1-2026-02-24-001-006-LS in Line-001','sim-Line-1-2026-02-24-001','LS in Line',1,1,371.701,371.71,371.71,NULL,NULL,'sim-Line-1-2026-02-24-001-006LS in Line001','LS in Line001','2026-02-24 02:07:34',1,NULL,NULL,0,NULL,NULL),(133,333,'sim-Line-1-2026-02-24-001-006-RO-Water-001','sim-Line-1-2026-02-24-001','RO-Water',1,15,24.99,376.87,376.87,NULL,NULL,'sim-Line-1-2026-02-24-001-006RO-Water001','RO-Water001','2026-02-24 02:07:34',1,NULL,NULL,0,NULL,NULL),(134,333,'sim-Line-1-2026-02-24-001-006-RO-Water-002','sim-Line-1-2026-02-24-001','RO-Water',2,15,24.9551,376.87,376.87,NULL,NULL,'sim-Line-1-2026-02-24-001-006RO-Water002','RO-Water002','2026-02-24 02:07:34',1,NULL,NULL,0,NULL,NULL),(135,333,'sim-Line-1-2026-02-24-001-006-RO-Water-003','sim-Line-1-2026-02-24-001','RO-Water',3,15,24.9861,376.87,376.87,NULL,NULL,'sim-Line-1-2026-02-24-001-006RO-Water003','RO-Water003','2026-02-24 02:07:34',1,NULL,NULL,0,NULL,NULL),(136,333,'sim-Line-1-2026-02-24-001-006-RO-Water-004','sim-Line-1-2026-02-24-001','RO-Water',4,15,25.0112,376.87,376.87,NULL,NULL,'sim-Line-1-2026-02-24-001-006RO-Water004','RO-Water004','2026-02-24 02:07:34',1,NULL,NULL,0,NULL,NULL),(137,333,'sim-Line-1-2026-02-24-001-006-RO-Water-005','sim-Line-1-2026-02-24-001','RO-Water',5,15,24.9984,376.87,376.87,NULL,NULL,'sim-Line-1-2026-02-24-001-006RO-Water005','RO-Water005','2026-02-24 02:07:34',1,NULL,NULL,1,'2026-02-24 09:07:34','simulator'),(138,333,'sim-Line-1-2026-02-24-001-006-RO-Water-006','sim-Line-1-2026-02-24-001','RO-Water',6,15,24.9655,376.87,376.87,NULL,NULL,'sim-Line-1-2026-02-24-001-006RO-Water006','RO-Water006','2026-02-24 02:07:34',1,NULL,NULL,0,NULL,NULL),(139,333,'sim-Line-1-2026-02-24-001-006-RO-Water-007','sim-Line-1-2026-02-24-001','RO-Water',7,15,24.9797,376.87,376.87,NULL,NULL,'sim-Line-1-2026-02-24-001-006RO-Water007','RO-Water007','2026-02-24 02:07:35',1,NULL,NULL,1,'2026-02-24 09:07:34','simulator'),(140,333,'sim-Line-1-2026-02-24-001-006-RO-Water-008','sim-Line-1-2026-02-24-001','RO-Water',8,15,24.9809,376.87,376.87,NULL,NULL,'sim-Line-1-2026-02-24-001-006RO-Water008','RO-Water008','2026-02-24 02:07:35',1,NULL,NULL,0,NULL,NULL),(141,333,'sim-Line-1-2026-02-24-001-006-RO-Water-009','sim-Line-1-2026-02-24-001','RO-Water',9,15,24.9732,376.87,376.87,NULL,NULL,'sim-Line-1-2026-02-24-001-006RO-Water009','RO-Water009','2026-02-24 02:07:35',1,NULL,NULL,1,'2026-02-24 09:07:34','simulator'),(142,333,'sim-Line-1-2026-02-24-001-006-RO-Water-010','sim-Line-1-2026-02-24-001','RO-Water',10,15,24.9679,376.87,376.87,NULL,NULL,'sim-Line-1-2026-02-24-001-006RO-Water010','RO-Water010','2026-02-24 02:07:35',1,NULL,NULL,0,NULL,NULL),(143,333,'sim-Line-1-2026-02-24-001-006-RO-Water-011','sim-Line-1-2026-02-24-001','RO-Water',11,15,24.9701,376.87,376.87,NULL,NULL,'sim-Line-1-2026-02-24-001-006RO-Water011','RO-Water011','2026-02-24 02:07:35',1,NULL,NULL,1,'2026-02-24 09:07:34','simulator'),(144,333,'sim-Line-1-2026-02-24-001-006-RO-Water-012','sim-Line-1-2026-02-24-001','RO-Water',12,15,24.9525,376.87,376.87,NULL,NULL,'sim-Line-1-2026-02-24-001-006RO-Water012','RO-Water012','2026-02-24 02:07:35',1,NULL,NULL,1,'2026-02-24 09:07:34','simulator'),(145,333,'sim-Line-1-2026-02-24-001-006-RO-Water-013','sim-Line-1-2026-02-24-001','RO-Water',13,15,24.9687,376.87,376.87,NULL,NULL,'sim-Line-1-2026-02-24-001-006RO-Water013','RO-Water013','2026-02-24 02:07:35',1,NULL,NULL,0,NULL,NULL),(146,333,'sim-Line-1-2026-02-24-001-006-RO-Water-014','sim-Line-1-2026-02-24-001','RO-Water',14,15,24.9617,376.87,376.87,NULL,NULL,'sim-Line-1-2026-02-24-001-006RO-Water014','RO-Water014','2026-02-24 02:07:35',1,NULL,NULL,1,'2026-02-24 09:07:34','simulator'),(147,333,'sim-Line-1-2026-02-24-001-006-RO-Water-015','sim-Line-1-2026-02-24-001','RO-Water',15,15,26.8937,376.87,376.87,NULL,NULL,'sim-Line-1-2026-02-24-001-006RO-Water015','RO-Water015','2026-02-24 02:07:35',1,NULL,NULL,1,'2026-02-24 09:07:34','simulator'),(148,334,'sim-Line-1-2026-02-24-001-006-White Sugar W150 1000kg For Repack-001','sim-Line-1-2026-02-24-001','White Sugar W150 1000kg For Repack',1,10,25.0491,250,250,NULL,NULL,'sim-Line-1-2026-02-24-001-006White Sugar W150 1000kg For Repack001','White Sugar W150 1000kg For Repack001','2026-02-24 02:07:36',1,NULL,NULL,0,NULL,NULL),(149,334,'sim-Line-1-2026-02-24-001-006-White Sugar W150 1000kg For Repack-002','sim-Line-1-2026-02-24-001','White Sugar W150 1000kg For Repack',2,10,25.0306,250,250,NULL,NULL,'sim-Line-1-2026-02-24-001-006White Sugar W150 1000kg For Repack002','White Sugar W150 1000kg For Repack002','2026-02-24 02:07:36',1,NULL,NULL,0,NULL,NULL),(150,334,'sim-Line-1-2026-02-24-001-006-White Sugar W150 1000kg For Repack-003','sim-Line-1-2026-02-24-001','White Sugar W150 1000kg For Repack',3,10,24.9687,250,250,NULL,NULL,'sim-Line-1-2026-02-24-001-006White Sugar W150 1000kg For Repack003','White Sugar W150 1000kg For Repack003','2026-02-24 02:07:36',1,NULL,NULL,0,NULL,NULL),(151,334,'sim-Line-1-2026-02-24-001-006-White Sugar W150 1000kg For Repack-004','sim-Line-1-2026-02-24-001','White Sugar W150 1000kg For Repack',4,10,24.9802,250,250,NULL,NULL,'sim-Line-1-2026-02-24-001-006White Sugar W150 1000kg For Repack004','White Sugar W150 1000kg For Repack004','2026-02-24 02:07:36',1,NULL,NULL,0,NULL,NULL),(152,334,'sim-Line-1-2026-02-24-001-006-White Sugar W150 1000kg For Repack-005','sim-Line-1-2026-02-24-001','White Sugar W150 1000kg For Repack',5,10,24.9955,250,250,NULL,NULL,'sim-Line-1-2026-02-24-001-006White Sugar W150 1000kg For Repack005','White Sugar W150 1000kg For Repack005','2026-02-24 02:07:36',1,NULL,NULL,1,'2026-02-24 09:07:36','simulator'),(153,334,'sim-Line-1-2026-02-24-001-006-White Sugar W150 1000kg For Repack-006','sim-Line-1-2026-02-24-001','White Sugar W150 1000kg For Repack',6,10,24.9866,250,250,NULL,NULL,'sim-Line-1-2026-02-24-001-006White Sugar W150 1000kg For Repack006','White Sugar W150 1000kg For Repack006','2026-02-24 02:07:37',1,NULL,NULL,1,'2026-02-24 09:07:36','simulator'),(154,334,'sim-Line-1-2026-02-24-001-006-White Sugar W150 1000kg For Repack-007','sim-Line-1-2026-02-24-001','White Sugar W150 1000kg For Repack',7,10,25.0297,250,250,NULL,NULL,'sim-Line-1-2026-02-24-001-006White Sugar W150 1000kg For Repack007','White Sugar W150 1000kg For Repack007','2026-02-24 02:07:37',1,NULL,NULL,0,NULL,NULL),(155,334,'sim-Line-1-2026-02-24-001-006-White Sugar W150 1000kg For Repack-008','sim-Line-1-2026-02-24-001','White Sugar W150 1000kg For Repack',8,10,25.0169,250,250,NULL,NULL,'sim-Line-1-2026-02-24-001-006White Sugar W150 1000kg For Repack008','White Sugar W150 1000kg For Repack008','2026-02-24 02:07:37',1,NULL,NULL,0,NULL,NULL),(156,334,'sim-Line-1-2026-02-24-001-006-White Sugar W150 1000kg For Repack-009','sim-Line-1-2026-02-24-001','White Sugar W150 1000kg For Repack',9,10,24.9921,250,250,NULL,NULL,'sim-Line-1-2026-02-24-001-006White Sugar W150 1000kg For Repack009','White Sugar W150 1000kg For Repack009','2026-02-24 02:07:37',1,NULL,NULL,0,NULL,NULL),(157,334,'sim-Line-1-2026-02-24-001-006-White Sugar W150 1000kg For Repack-010','sim-Line-1-2026-02-24-001','White Sugar W150 1000kg For Repack',10,10,25.0291,250,250,NULL,NULL,'sim-Line-1-2026-02-24-001-006White Sugar W150 1000kg For Repack010','White Sugar W150 1000kg For Repack010','2026-02-24 02:07:37',1,NULL,NULL,0,NULL,NULL),(158,335,'sim-Line-1-2026-02-24-001-006-Potassium Sorbate-001','sim-Line-1-2026-02-24-001','Potassium Sorbate',1,1,0.7995,0.8,0.8,NULL,NULL,'sim-Line-1-2026-02-24-001-006Potassium Sorbate001','Potassium Sorbate001','2026-02-24 02:07:37',1,NULL,NULL,1,'2026-02-24 09:07:37','simulator'),(159,336,'sim-Line-1-2026-02-24-001-006-Sodium Benzoate-001','sim-Line-1-2026-02-24-001','Sodium Benzoate',1,1,0.2066,0.2,0.2,NULL,NULL,'sim-Line-1-2026-02-24-001-006Sodium Benzoate001','Sodium Benzoate001','2026-02-24 02:07:38',1,NULL,NULL,1,'2026-02-24 09:07:38','simulator'),(160,337,'sim-Line-1-2026-02-24-001-006-Malic Acid, 25 kgs/bag.-001','sim-Line-1-2026-02-24-001','Malic Acid, 25 kgs/bag.',1,1,0.1081,0.115,0.115,NULL,NULL,'sim-Line-1-2026-02-24-001-006Malic Acid, 25 kgs/bag.001','Malic Acid, 25 kgs/bag.001','2026-02-24 02:07:38',1,NULL,NULL,1,'2026-02-24 09:07:38','simulator'),(161,338,'sim-Line-1-2026-02-24-001-006-CL001A-001','sim-Line-1-2026-02-24-001','CL001A',1,1,0.1843,0.2,0.2,NULL,NULL,'sim-Line-1-2026-02-24-001-006CL001A001','CL001A001','2026-02-24 02:07:38',1,NULL,NULL,0,NULL,NULL),(162,339,'sim-Line-1-2026-02-24-001-007-LS in Line-001','sim-Line-1-2026-02-24-001','LS in Line',1,1,371.75,371.71,371.71,NULL,NULL,'sim-Line-1-2026-02-24-001-007LS in Line001','LS in Line001','2026-02-24 02:07:39',1,NULL,NULL,1,'2026-02-24 09:07:39','simulator'),(163,340,'sim-Line-1-2026-02-24-001-007-RO-Water-001','sim-Line-1-2026-02-24-001','RO-Water',1,15,24.9727,376.87,376.87,NULL,NULL,'sim-Line-1-2026-02-24-001-007RO-Water001','RO-Water001','2026-02-24 02:07:39',1,NULL,NULL,1,'2026-02-24 09:07:39','simulator'),(164,340,'sim-Line-1-2026-02-24-001-007-RO-Water-002','sim-Line-1-2026-02-24-001','RO-Water',2,15,24.9701,376.87,376.87,NULL,NULL,'sim-Line-1-2026-02-24-001-007RO-Water002','RO-Water002','2026-02-24 02:07:39',1,NULL,NULL,0,NULL,NULL),(165,340,'sim-Line-1-2026-02-24-001-007-RO-Water-003','sim-Line-1-2026-02-24-001','RO-Water',3,15,24.9577,376.87,376.87,NULL,NULL,'sim-Line-1-2026-02-24-001-007RO-Water003','RO-Water003','2026-02-24 02:07:39',1,NULL,NULL,0,NULL,NULL),(166,340,'sim-Line-1-2026-02-24-001-007-RO-Water-004','sim-Line-1-2026-02-24-001','RO-Water',4,15,24.9884,376.87,376.87,NULL,NULL,'sim-Line-1-2026-02-24-001-007RO-Water004','RO-Water004','2026-02-24 02:07:39',1,NULL,NULL,1,'2026-02-24 09:07:39','simulator'),(167,340,'sim-Line-1-2026-02-24-001-007-RO-Water-005','sim-Line-1-2026-02-24-001','RO-Water',5,15,24.9573,376.87,376.87,NULL,NULL,'sim-Line-1-2026-02-24-001-007RO-Water005','RO-Water005','2026-02-24 02:07:39',1,NULL,NULL,1,'2026-02-24 09:07:39','simulator'),(168,340,'sim-Line-1-2026-02-24-001-007-RO-Water-006','sim-Line-1-2026-02-24-001','RO-Water',6,15,24.9996,376.87,376.87,NULL,NULL,'sim-Line-1-2026-02-24-001-007RO-Water006','RO-Water006','2026-02-24 02:07:39',1,NULL,NULL,0,NULL,NULL),(169,340,'sim-Line-1-2026-02-24-001-007-RO-Water-007','sim-Line-1-2026-02-24-001','RO-Water',7,15,24.9716,376.87,376.87,NULL,NULL,'sim-Line-1-2026-02-24-001-007RO-Water007','RO-Water007','2026-02-24 02:07:39',1,NULL,NULL,0,NULL,NULL),(170,340,'sim-Line-1-2026-02-24-001-007-RO-Water-008','sim-Line-1-2026-02-24-001','RO-Water',8,15,24.9987,376.87,376.87,NULL,NULL,'sim-Line-1-2026-02-24-001-007RO-Water008','RO-Water008','2026-02-24 02:07:40',1,NULL,NULL,1,'2026-02-24 09:07:39','simulator'),(171,340,'sim-Line-1-2026-02-24-001-007-RO-Water-009','sim-Line-1-2026-02-24-001','RO-Water',9,15,25.0019,376.87,376.87,NULL,NULL,'sim-Line-1-2026-02-24-001-007RO-Water009','RO-Water009','2026-02-24 02:07:40',1,NULL,NULL,1,'2026-02-24 09:07:39','simulator'),(172,340,'sim-Line-1-2026-02-24-001-007-RO-Water-010','sim-Line-1-2026-02-24-001','RO-Water',10,15,24.9972,376.87,376.87,NULL,NULL,'sim-Line-1-2026-02-24-001-007RO-Water010','RO-Water010','2026-02-24 02:07:40',1,NULL,NULL,0,NULL,NULL),(173,340,'sim-Line-1-2026-02-24-001-007-RO-Water-011','sim-Line-1-2026-02-24-001','RO-Water',11,15,24.9727,376.87,376.87,NULL,NULL,'sim-Line-1-2026-02-24-001-007RO-Water011','RO-Water011','2026-02-24 02:07:40',1,NULL,NULL,1,'2026-02-24 09:07:39','simulator'),(174,340,'sim-Line-1-2026-02-24-001-007-RO-Water-012','sim-Line-1-2026-02-24-001','RO-Water',12,15,24.9941,376.87,376.87,NULL,NULL,'sim-Line-1-2026-02-24-001-007RO-Water012','RO-Water012','2026-02-24 02:07:40',1,NULL,NULL,1,'2026-02-24 09:07:39','simulator'),(175,340,'sim-Line-1-2026-02-24-001-007-RO-Water-013','sim-Line-1-2026-02-24-001','RO-Water',13,15,25.0422,376.87,376.87,NULL,NULL,'sim-Line-1-2026-02-24-001-007RO-Water013','RO-Water013','2026-02-24 02:07:40',1,NULL,NULL,0,NULL,NULL),(176,340,'sim-Line-1-2026-02-24-001-007-RO-Water-014','sim-Line-1-2026-02-24-001','RO-Water',14,15,25.043,376.87,376.87,NULL,NULL,'sim-Line-1-2026-02-24-001-007RO-Water014','RO-Water014','2026-02-24 02:07:40',1,NULL,NULL,0,NULL,NULL),(177,340,'sim-Line-1-2026-02-24-001-007-RO-Water-015','sim-Line-1-2026-02-24-001','RO-Water',15,15,26.9115,376.87,376.87,NULL,NULL,'sim-Line-1-2026-02-24-001-007RO-Water015','RO-Water015','2026-02-24 02:07:41',1,NULL,NULL,1,'2026-02-24 09:07:39','simulator'),(178,341,'sim-Line-1-2026-02-24-001-007-White Sugar W150 1000kg For Repack-001','sim-Line-1-2026-02-24-001','White Sugar W150 1000kg For Repack',1,10,24.9699,250,250,NULL,NULL,'sim-Line-1-2026-02-24-001-007White Sugar W150 1000kg For Repack001','White Sugar W150 1000kg For Repack001','2026-02-24 02:07:41',1,NULL,NULL,1,'2026-02-24 09:07:41','simulator'),(179,341,'sim-Line-1-2026-02-24-001-007-White Sugar W150 1000kg For Repack-002','sim-Line-1-2026-02-24-001','White Sugar W150 1000kg For Repack',2,10,25.027,250,250,NULL,NULL,'sim-Line-1-2026-02-24-001-007White Sugar W150 1000kg For Repack002','White Sugar W150 1000kg For Repack002','2026-02-24 02:07:41',1,NULL,NULL,1,'2026-02-24 09:07:41','simulator'),(180,341,'sim-Line-1-2026-02-24-001-007-White Sugar W150 1000kg For Repack-003','sim-Line-1-2026-02-24-001','White Sugar W150 1000kg For Repack',3,10,24.9751,250,250,NULL,NULL,'sim-Line-1-2026-02-24-001-007White Sugar W150 1000kg For Repack003','White Sugar W150 1000kg For Repack003','2026-02-24 02:07:41',1,NULL,NULL,0,NULL,NULL),(181,341,'sim-Line-1-2026-02-24-001-007-White Sugar W150 1000kg For Repack-004','sim-Line-1-2026-02-24-001','White Sugar W150 1000kg For Repack',4,10,25.046,250,250,NULL,NULL,'sim-Line-1-2026-02-24-001-007White Sugar W150 1000kg For Repack004','White Sugar W150 1000kg For Repack004','2026-02-24 02:07:41',1,NULL,NULL,1,'2026-02-24 09:07:41','simulator'),(182,341,'sim-Line-1-2026-02-24-001-007-White Sugar W150 1000kg For Repack-005','sim-Line-1-2026-02-24-001','White Sugar W150 1000kg For Repack',5,10,24.9609,250,250,NULL,NULL,'sim-Line-1-2026-02-24-001-007White Sugar W150 1000kg For Repack005','White Sugar W150 1000kg For Repack005','2026-02-24 02:07:41',1,NULL,NULL,1,'2026-02-24 09:07:41','simulator'),(183,341,'sim-Line-1-2026-02-24-001-007-White Sugar W150 1000kg For Repack-006','sim-Line-1-2026-02-24-001','White Sugar W150 1000kg For Repack',6,10,24.9793,250,250,NULL,NULL,'sim-Line-1-2026-02-24-001-007White Sugar W150 1000kg For Repack006','White Sugar W150 1000kg For Repack006','2026-02-24 02:07:41',1,NULL,NULL,1,'2026-02-24 09:07:41','simulator'),(184,341,'sim-Line-1-2026-02-24-001-007-White Sugar W150 1000kg For Repack-007','sim-Line-1-2026-02-24-001','White Sugar W150 1000kg For Repack',7,10,25.041,250,250,NULL,NULL,'sim-Line-1-2026-02-24-001-007White Sugar W150 1000kg For Repack007','White Sugar W150 1000kg For Repack007','2026-02-24 02:07:42',1,NULL,NULL,1,'2026-02-24 09:07:41','simulator'),(185,341,'sim-Line-1-2026-02-24-001-007-White Sugar W150 1000kg For Repack-008','sim-Line-1-2026-02-24-001','White Sugar W150 1000kg For Repack',8,10,24.988,250,250,NULL,NULL,'sim-Line-1-2026-02-24-001-007White Sugar W150 1000kg For Repack008','White Sugar W150 1000kg For Repack008','2026-02-24 02:07:42',1,NULL,NULL,1,'2026-02-24 09:07:41','simulator'),(186,341,'sim-Line-1-2026-02-24-001-007-White Sugar W150 1000kg For Repack-009','sim-Line-1-2026-02-24-001','White Sugar W150 1000kg For Repack',9,10,25.021,250,250,NULL,NULL,'sim-Line-1-2026-02-24-001-007White Sugar W150 1000kg For Repack009','White Sugar W150 1000kg For Repack009','2026-02-24 02:07:42',1,NULL,NULL,0,NULL,NULL),(187,341,'sim-Line-1-2026-02-24-001-007-White Sugar W150 1000kg For Repack-010','sim-Line-1-2026-02-24-001','White Sugar W150 1000kg For Repack',10,10,25.0325,250,250,NULL,NULL,'sim-Line-1-2026-02-24-001-007White Sugar W150 1000kg For Repack010','White Sugar W150 1000kg For Repack010','2026-02-24 02:07:42',1,NULL,NULL,0,NULL,NULL),(188,342,'sim-Line-1-2026-02-24-001-007-Potassium Sorbate-001','sim-Line-1-2026-02-24-001','Potassium Sorbate',1,1,0.8135,0.8,0.8,NULL,NULL,'sim-Line-1-2026-02-24-001-007Potassium Sorbate001','Potassium Sorbate001','2026-02-24 02:07:42',1,NULL,NULL,0,NULL,NULL),(189,343,'sim-Line-1-2026-02-24-001-007-Sodium Benzoate-001','sim-Line-1-2026-02-24-001','Sodium Benzoate',1,1,0.1532,0.2,0.2,NULL,NULL,'sim-Line-1-2026-02-24-001-007Sodium Benzoate001','Sodium Benzoate001','2026-02-24 02:07:42',1,NULL,NULL,0,NULL,NULL),(190,344,'sim-Line-1-2026-02-24-001-007-Malic Acid, 25 kgs/bag.-001','sim-Line-1-2026-02-24-001','Malic Acid, 25 kgs/bag.',1,1,0.1227,0.115,0.115,NULL,NULL,'sim-Line-1-2026-02-24-001-007Malic Acid, 25 kgs/bag.001','Malic Acid, 25 kgs/bag.001','2026-02-24 02:07:42',1,NULL,NULL,1,'2026-02-24 09:07:43','simulator'),(191,345,'sim-Line-1-2026-02-24-001-007-CL001A-001','sim-Line-1-2026-02-24-001','CL001A',1,1,0.2294,0.2,0.2,NULL,NULL,'sim-Line-1-2026-02-24-001-007CL001A001','CL001A001','2026-02-24 02:07:42',1,NULL,NULL,1,'2026-02-24 09:07:43','simulator'),(192,346,'sim-Line-1-2026-02-24-001-008-LS in Line-001','sim-Line-1-2026-02-24-001','LS in Line',1,1,371.701,371.71,371.71,NULL,NULL,'sim-Line-1-2026-02-24-001-008LS in Line001','LS in Line001','2026-02-24 02:07:43',0,NULL,NULL,0,NULL,NULL),(193,348,'sim-Line-1-2026-02-24-001-008-White Sugar W150 1000kg For Repack-001','sim-Line-1-2026-02-24-001','White Sugar W150 1000kg For Repack',1,10,24.9562,250,250,NULL,NULL,'sim-Line-1-2026-02-24-001-008White Sugar W150 1000kg For Repack001','White Sugar W150 1000kg For Repack001','2026-02-24 02:07:43',0,NULL,NULL,0,NULL,NULL),(194,348,'sim-Line-1-2026-02-24-001-008-White Sugar W150 1000kg For Repack-002','sim-Line-1-2026-02-24-001','White Sugar W150 1000kg For Repack',2,10,24.9837,250,250,NULL,NULL,'sim-Line-1-2026-02-24-001-008White Sugar W150 1000kg For Repack002','White Sugar W150 1000kg For Repack002','2026-02-24 02:07:43',0,NULL,NULL,0,NULL,NULL),(195,348,'sim-Line-1-2026-02-24-001-008-White Sugar W150 1000kg For Repack-003','sim-Line-1-2026-02-24-001','White Sugar W150 1000kg For Repack',3,10,25.0002,250,250,NULL,NULL,'sim-Line-1-2026-02-24-001-008White Sugar W150 1000kg For Repack003','White Sugar W150 1000kg For Repack003','2026-02-24 02:07:43',0,NULL,NULL,0,NULL,NULL),(196,348,'sim-Line-1-2026-02-24-001-008-White Sugar W150 1000kg For Repack-004','sim-Line-1-2026-02-24-001','White Sugar W150 1000kg For Repack',4,10,24.9788,250,250,NULL,NULL,'sim-Line-1-2026-02-24-001-008White Sugar W150 1000kg For Repack004','White Sugar W150 1000kg For Repack004','2026-02-24 02:07:44',0,NULL,NULL,1,'2026-02-24 09:07:43','simulator'),(197,348,'sim-Line-1-2026-02-24-001-008-White Sugar W150 1000kg For Repack-005','sim-Line-1-2026-02-24-001','White Sugar W150 1000kg For Repack',5,10,24.9519,250,250,NULL,NULL,'sim-Line-1-2026-02-24-001-008White Sugar W150 1000kg For Repack005','White Sugar W150 1000kg For Repack005','2026-02-24 02:07:44',0,NULL,NULL,0,NULL,NULL),(198,348,'sim-Line-1-2026-02-24-001-008-White Sugar W150 1000kg For Repack-006','sim-Line-1-2026-02-24-001','White Sugar W150 1000kg For Repack',6,10,25.0177,250,250,NULL,NULL,'sim-Line-1-2026-02-24-001-008White Sugar W150 1000kg For Repack006','White Sugar W150 1000kg For Repack006','2026-02-24 02:07:44',0,NULL,NULL,1,'2026-02-24 09:07:43','simulator'),(199,348,'sim-Line-1-2026-02-24-001-008-White Sugar W150 1000kg For Repack-007','sim-Line-1-2026-02-24-001','White Sugar W150 1000kg For Repack',7,10,25.0179,250,250,NULL,NULL,'sim-Line-1-2026-02-24-001-008White Sugar W150 1000kg For Repack007','White Sugar W150 1000kg For Repack007','2026-02-24 02:07:44',0,NULL,NULL,0,NULL,NULL),(200,348,'sim-Line-1-2026-02-24-001-008-White Sugar W150 1000kg For Repack-008','sim-Line-1-2026-02-24-001','White Sugar W150 1000kg For Repack',8,10,25.0175,250,250,NULL,NULL,'sim-Line-1-2026-02-24-001-008White Sugar W150 1000kg For Repack008','White Sugar W150 1000kg For Repack008','2026-02-24 02:07:45',0,NULL,NULL,0,NULL,NULL),(201,348,'sim-Line-1-2026-02-24-001-008-White Sugar W150 1000kg For Repack-009','sim-Line-1-2026-02-24-001','White Sugar W150 1000kg For Repack',9,10,25.007,250,250,NULL,NULL,'sim-Line-1-2026-02-24-001-008White Sugar W150 1000kg For Repack009','White Sugar W150 1000kg For Repack009','2026-02-24 02:07:45',0,NULL,NULL,1,'2026-02-24 09:07:43','simulator'),(202,348,'sim-Line-1-2026-02-24-001-008-White Sugar W150 1000kg For Repack-010','sim-Line-1-2026-02-24-001','White Sugar W150 1000kg For Repack',10,10,24.9756,250,250,NULL,NULL,'sim-Line-1-2026-02-24-001-008White Sugar W150 1000kg For Repack010','White Sugar W150 1000kg For Repack010','2026-02-24 02:07:45',0,NULL,NULL,0,NULL,NULL),(203,349,'sim-Line-1-2026-02-24-001-008-Potassium Sorbate-001','sim-Line-1-2026-02-24-001','Potassium Sorbate',1,1,0.7693,0.8,0.8,NULL,NULL,'sim-Line-1-2026-02-24-001-008Potassium Sorbate001','Potassium Sorbate001','2026-02-24 02:07:46',0,NULL,NULL,0,NULL,NULL),(204,350,'sim-Line-1-2026-02-24-001-008-Sodium Benzoate-001','sim-Line-1-2026-02-24-001','Sodium Benzoate',1,1,0.1544,0.2,0.2,NULL,NULL,'sim-Line-1-2026-02-24-001-008Sodium Benzoate001','Sodium Benzoate001','2026-02-24 02:07:46',0,NULL,NULL,0,NULL,NULL),(205,352,'sim-Line-1-2026-02-24-001-008-CL001A-001','sim-Line-1-2026-02-24-001','CL001A',1,1,0.2237,0.2,0.2,NULL,NULL,'sim-Line-1-2026-02-24-001-008CL001A001','CL001A001','2026-02-24 02:07:46',0,NULL,NULL,0,NULL,NULL),(206,354,'sim-Line-1-2026-02-24-001-009-RO-Water-001','sim-Line-1-2026-02-24-001','RO-Water',1,15,25.0031,376.87,376.87,NULL,NULL,'sim-Line-1-2026-02-24-001-009RO-Water001','RO-Water001','2026-02-24 02:07:47',0,NULL,NULL,0,NULL,NULL),(207,354,'sim-Line-1-2026-02-24-001-009-RO-Water-002','sim-Line-1-2026-02-24-001','RO-Water',2,15,25.036,376.87,376.87,NULL,NULL,'sim-Line-1-2026-02-24-001-009RO-Water002','RO-Water002','2026-02-24 02:07:47',0,NULL,NULL,1,'2026-02-24 09:07:47','simulator'),(208,354,'sim-Line-1-2026-02-24-001-009-RO-Water-003','sim-Line-1-2026-02-24-001','RO-Water',3,15,24.9588,376.87,376.87,NULL,NULL,'sim-Line-1-2026-02-24-001-009RO-Water003','RO-Water003','2026-02-24 02:07:47',0,NULL,NULL,0,NULL,NULL),(209,354,'sim-Line-1-2026-02-24-001-009-RO-Water-004','sim-Line-1-2026-02-24-001','RO-Water',4,15,24.9598,376.87,376.87,NULL,NULL,'sim-Line-1-2026-02-24-001-009RO-Water004','RO-Water004','2026-02-24 02:07:47',0,NULL,NULL,0,NULL,NULL),(210,354,'sim-Line-1-2026-02-24-001-009-RO-Water-005','sim-Line-1-2026-02-24-001','RO-Water',5,15,25.0078,376.87,376.87,NULL,NULL,'sim-Line-1-2026-02-24-001-009RO-Water005','RO-Water005','2026-02-24 02:07:47',0,NULL,NULL,0,NULL,NULL),(211,354,'sim-Line-1-2026-02-24-001-009-RO-Water-006','sim-Line-1-2026-02-24-001','RO-Water',6,15,25.0293,376.87,376.87,NULL,NULL,'sim-Line-1-2026-02-24-001-009RO-Water006','RO-Water006','2026-02-24 02:07:47',0,NULL,NULL,0,NULL,NULL),(212,354,'sim-Line-1-2026-02-24-001-009-RO-Water-007','sim-Line-1-2026-02-24-001','RO-Water',7,15,25.0407,376.87,376.87,NULL,NULL,'sim-Line-1-2026-02-24-001-009RO-Water007','RO-Water007','2026-02-24 02:07:47',0,NULL,NULL,0,NULL,NULL),(213,354,'sim-Line-1-2026-02-24-001-009-RO-Water-008','sim-Line-1-2026-02-24-001','RO-Water',8,15,24.9854,376.87,376.87,NULL,NULL,'sim-Line-1-2026-02-24-001-009RO-Water008','RO-Water008','2026-02-24 02:07:47',0,NULL,NULL,0,NULL,NULL),(214,354,'sim-Line-1-2026-02-24-001-009-RO-Water-009','sim-Line-1-2026-02-24-001','RO-Water',9,15,24.9529,376.87,376.87,NULL,NULL,'sim-Line-1-2026-02-24-001-009RO-Water009','RO-Water009','2026-02-24 02:07:47',0,NULL,NULL,0,NULL,NULL),(215,354,'sim-Line-1-2026-02-24-001-009-RO-Water-010','sim-Line-1-2026-02-24-001','RO-Water',10,15,24.9773,376.87,376.87,NULL,NULL,'sim-Line-1-2026-02-24-001-009RO-Water010','RO-Water010','2026-02-24 02:07:48',0,NULL,NULL,0,NULL,NULL),(216,354,'sim-Line-1-2026-02-24-001-009-RO-Water-011','sim-Line-1-2026-02-24-001','RO-Water',11,15,24.997,376.87,376.87,NULL,NULL,'sim-Line-1-2026-02-24-001-009RO-Water011','RO-Water011','2026-02-24 02:07:48',0,NULL,NULL,0,NULL,NULL),(217,354,'sim-Line-1-2026-02-24-001-009-RO-Water-012','sim-Line-1-2026-02-24-001','RO-Water',12,15,24.9529,376.87,376.87,NULL,NULL,'sim-Line-1-2026-02-24-001-009RO-Water012','RO-Water012','2026-02-24 02:07:48',0,NULL,NULL,0,NULL,NULL),(218,354,'sim-Line-1-2026-02-24-001-009-RO-Water-013','sim-Line-1-2026-02-24-001','RO-Water',13,15,24.9885,376.87,376.87,NULL,NULL,'sim-Line-1-2026-02-24-001-009RO-Water013','RO-Water013','2026-02-24 02:07:48',0,NULL,NULL,0,NULL,NULL),(219,354,'sim-Line-1-2026-02-24-001-009-RO-Water-014','sim-Line-1-2026-02-24-001','RO-Water',14,15,25.0273,376.87,376.87,NULL,NULL,'sim-Line-1-2026-02-24-001-009RO-Water014','RO-Water014','2026-02-24 02:07:48',0,NULL,NULL,0,NULL,NULL),(220,354,'sim-Line-1-2026-02-24-001-009-RO-Water-015','sim-Line-1-2026-02-24-001','RO-Water',15,15,26.8899,376.87,376.87,NULL,NULL,'sim-Line-1-2026-02-24-001-009RO-Water015','RO-Water015','2026-02-24 02:07:48',0,NULL,NULL,0,NULL,NULL),(221,357,'sim-Line-1-2026-02-24-001-009-Sodium Benzoate-001','sim-Line-1-2026-02-24-001','Sodium Benzoate',1,1,0.242,0.2,0.2,NULL,NULL,'sim-Line-1-2026-02-24-001-009Sodium Benzoate001','Sodium Benzoate001','2026-02-24 02:07:49',0,NULL,NULL,0,NULL,NULL),(222,359,'sim-Line-1-2026-02-24-001-009-CL001A-001','sim-Line-1-2026-02-24-001','CL001A',1,1,0.1866,0.2,0.2,NULL,NULL,'sim-Line-1-2026-02-24-001-009CL001A001','CL001A001','2026-02-24 02:07:49',0,NULL,NULL,0,NULL,NULL),(223,363,'sim-Line-1-2026-02-24-003-001-Potassium Sorbate-001','sim-Line-1-2026-02-24-003','Potassium Sorbate',1,1,0.8322,0.8,0.8,NULL,NULL,'sim-Line-1-2026-02-24-003-001Potassium Sorbate001','Potassium Sorbate001','2026-02-24 02:07:50',0,NULL,NULL,0,NULL,NULL),(224,364,'sim-Line-1-2026-02-24-003-001-Sodium Benzoate-001','sim-Line-1-2026-02-24-003','Sodium Benzoate',1,1,0.21,0.2,0.2,NULL,NULL,'sim-Line-1-2026-02-24-003-001Sodium Benzoate001','Sodium Benzoate001','2026-02-24 02:07:51',0,NULL,NULL,0,NULL,NULL),(225,365,'sim-Line-1-2026-02-24-003-001-Malic Acid, 25 kgs/bag.-001','sim-Line-1-2026-02-24-003','Malic Acid, 25 kgs/bag.',1,1,0.1492,0.115,0.115,NULL,NULL,'sim-Line-1-2026-02-24-003-001Malic Acid, 25 kgs/bag.001','Malic Acid, 25 kgs/bag.001','2026-02-24 02:07:51',0,NULL,NULL,0,NULL,NULL),(226,367,'sim-Line-1-2026-02-24-003-002-LS in Line-001','sim-Line-1-2026-02-24-003','LS in Line',1,1,371.686,371.71,371.71,NULL,NULL,'sim-Line-1-2026-02-24-003-002LS in Line001','LS in Line001','2026-02-24 02:07:51',0,NULL,NULL,0,NULL,NULL),(227,368,'sim-Line-1-2026-02-24-003-002-RO-Water-001','sim-Line-1-2026-02-24-003','RO-Water',1,15,25.0196,376.87,376.87,NULL,NULL,'sim-Line-1-2026-02-24-003-002RO-Water001','RO-Water001','2026-02-24 02:07:52',0,NULL,NULL,0,NULL,NULL),(228,368,'sim-Line-1-2026-02-24-003-002-RO-Water-002','sim-Line-1-2026-02-24-003','RO-Water',2,15,25.023,376.87,376.87,NULL,NULL,'sim-Line-1-2026-02-24-003-002RO-Water002','RO-Water002','2026-02-24 02:07:52',0,NULL,NULL,0,NULL,NULL),(229,368,'sim-Line-1-2026-02-24-003-002-RO-Water-003','sim-Line-1-2026-02-24-003','RO-Water',3,15,24.9873,376.87,376.87,NULL,NULL,'sim-Line-1-2026-02-24-003-002RO-Water003','RO-Water003','2026-02-24 02:07:52',0,NULL,NULL,1,'2026-02-24 09:07:52','simulator'),(230,368,'sim-Line-1-2026-02-24-003-002-RO-Water-004','sim-Line-1-2026-02-24-003','RO-Water',4,15,25.032,376.87,376.87,NULL,NULL,'sim-Line-1-2026-02-24-003-002RO-Water004','RO-Water004','2026-02-24 02:07:52',0,NULL,NULL,0,NULL,NULL),(231,368,'sim-Line-1-2026-02-24-003-002-RO-Water-005','sim-Line-1-2026-02-24-003','RO-Water',5,15,25.0349,376.87,376.87,NULL,NULL,'sim-Line-1-2026-02-24-003-002RO-Water005','RO-Water005','2026-02-24 02:07:52',0,NULL,NULL,0,NULL,NULL),(232,368,'sim-Line-1-2026-02-24-003-002-RO-Water-006','sim-Line-1-2026-02-24-003','RO-Water',6,15,24.9661,376.87,376.87,NULL,NULL,'sim-Line-1-2026-02-24-003-002RO-Water006','RO-Water006','2026-02-24 02:07:52',0,NULL,NULL,0,NULL,NULL),(233,368,'sim-Line-1-2026-02-24-003-002-RO-Water-007','sim-Line-1-2026-02-24-003','RO-Water',7,15,25.0153,376.87,376.87,NULL,NULL,'sim-Line-1-2026-02-24-003-002RO-Water007','RO-Water007','2026-02-24 02:07:52',0,NULL,NULL,0,NULL,NULL),(234,368,'sim-Line-1-2026-02-24-003-002-RO-Water-008','sim-Line-1-2026-02-24-003','RO-Water',8,15,25.0338,376.87,376.87,NULL,NULL,'sim-Line-1-2026-02-24-003-002RO-Water008','RO-Water008','2026-02-24 02:07:53',0,NULL,NULL,0,NULL,NULL),(235,368,'sim-Line-1-2026-02-24-003-002-RO-Water-009','sim-Line-1-2026-02-24-003','RO-Water',9,15,24.9804,376.87,376.87,NULL,NULL,'sim-Line-1-2026-02-24-003-002RO-Water009','RO-Water009','2026-02-24 02:07:53',0,NULL,NULL,0,NULL,NULL),(236,368,'sim-Line-1-2026-02-24-003-002-RO-Water-010','sim-Line-1-2026-02-24-003','RO-Water',10,15,24.9919,376.87,376.87,NULL,NULL,'sim-Line-1-2026-02-24-003-002RO-Water010','RO-Water010','2026-02-24 02:07:53',0,NULL,NULL,0,NULL,NULL),(237,368,'sim-Line-1-2026-02-24-003-002-RO-Water-011','sim-Line-1-2026-02-24-003','RO-Water',11,15,24.9953,376.87,376.87,NULL,NULL,'sim-Line-1-2026-02-24-003-002RO-Water011','RO-Water011','2026-02-24 02:07:53',0,NULL,NULL,0,NULL,NULL),(238,368,'sim-Line-1-2026-02-24-003-002-RO-Water-012','sim-Line-1-2026-02-24-003','RO-Water',12,15,25.05,376.87,376.87,NULL,NULL,'sim-Line-1-2026-02-24-003-002RO-Water012','RO-Water012','2026-02-24 02:07:53',0,NULL,NULL,0,NULL,NULL),(239,368,'sim-Line-1-2026-02-24-003-002-RO-Water-013','sim-Line-1-2026-02-24-003','RO-Water',13,15,25.0192,376.87,376.87,NULL,NULL,'sim-Line-1-2026-02-24-003-002RO-Water013','RO-Water013','2026-02-24 02:07:53',0,NULL,NULL,0,NULL,NULL),(240,368,'sim-Line-1-2026-02-24-003-002-RO-Water-014','sim-Line-1-2026-02-24-003','RO-Water',14,15,24.9988,376.87,376.87,NULL,NULL,'sim-Line-1-2026-02-24-003-002RO-Water014','RO-Water014','2026-02-24 02:07:53',0,NULL,NULL,1,'2026-02-24 09:07:52','simulator'),(241,368,'sim-Line-1-2026-02-24-003-002-RO-Water-015','sim-Line-1-2026-02-24-003','RO-Water',15,15,26.8365,376.87,376.87,NULL,NULL,'sim-Line-1-2026-02-24-003-002RO-Water015','RO-Water015','2026-02-24 02:07:53',0,NULL,NULL,1,'2026-02-24 09:07:52','simulator'),(242,369,'sim-Line-1-2026-02-24-003-002-White Sugar W150 1000kg For Repack-001','sim-Line-1-2026-02-24-003','White Sugar W150 1000kg For Repack',1,10,24.9964,250,250,NULL,NULL,'sim-Line-1-2026-02-24-003-002White Sugar W150 1000kg For Repack001','White Sugar W150 1000kg For Repack001','2026-02-24 02:07:53',0,NULL,NULL,0,NULL,NULL),(243,369,'sim-Line-1-2026-02-24-003-002-White Sugar W150 1000kg For Repack-002','sim-Line-1-2026-02-24-003','White Sugar W150 1000kg For Repack',2,10,24.9921,250,250,NULL,NULL,'sim-Line-1-2026-02-24-003-002White Sugar W150 1000kg For Repack002','White Sugar W150 1000kg For Repack002','2026-02-24 02:07:53',0,NULL,NULL,1,'2026-02-24 09:07:54','simulator'),(244,369,'sim-Line-1-2026-02-24-003-002-White Sugar W150 1000kg For Repack-003','sim-Line-1-2026-02-24-003','White Sugar W150 1000kg For Repack',3,10,25.017,250,250,NULL,NULL,'sim-Line-1-2026-02-24-003-002White Sugar W150 1000kg For Repack003','White Sugar W150 1000kg For Repack003','2026-02-24 02:07:53',0,NULL,NULL,1,'2026-02-24 09:07:54','simulator'),(245,369,'sim-Line-1-2026-02-24-003-002-White Sugar W150 1000kg For Repack-004','sim-Line-1-2026-02-24-003','White Sugar W150 1000kg For Repack',4,10,24.9879,250,250,NULL,NULL,'sim-Line-1-2026-02-24-003-002White Sugar W150 1000kg For Repack004','White Sugar W150 1000kg For Repack004','2026-02-24 02:07:54',0,NULL,NULL,0,NULL,NULL),(246,369,'sim-Line-1-2026-02-24-003-002-White Sugar W150 1000kg For Repack-005','sim-Line-1-2026-02-24-003','White Sugar W150 1000kg For Repack',5,10,25.0292,250,250,NULL,NULL,'sim-Line-1-2026-02-24-003-002White Sugar W150 1000kg For Repack005','White Sugar W150 1000kg For Repack005','2026-02-24 02:07:54',0,NULL,NULL,1,'2026-02-24 09:07:54','simulator'),(247,369,'sim-Line-1-2026-02-24-003-002-White Sugar W150 1000kg For Repack-006','sim-Line-1-2026-02-24-003','White Sugar W150 1000kg For Repack',6,10,25.028,250,250,NULL,NULL,'sim-Line-1-2026-02-24-003-002White Sugar W150 1000kg For Repack006','White Sugar W150 1000kg For Repack006','2026-02-24 02:07:54',0,NULL,NULL,0,NULL,NULL),(248,369,'sim-Line-1-2026-02-24-003-002-White Sugar W150 1000kg For Repack-007','sim-Line-1-2026-02-24-003','White Sugar W150 1000kg For Repack',7,10,24.9951,250,250,NULL,NULL,'sim-Line-1-2026-02-24-003-002White Sugar W150 1000kg For Repack007','White Sugar W150 1000kg For Repack007','2026-02-24 02:07:54',0,NULL,NULL,0,NULL,NULL),(249,369,'sim-Line-1-2026-02-24-003-002-White Sugar W150 1000kg For Repack-008','sim-Line-1-2026-02-24-003','White Sugar W150 1000kg For Repack',8,10,24.9579,250,250,NULL,NULL,'sim-Line-1-2026-02-24-003-002White Sugar W150 1000kg For Repack008','White Sugar W150 1000kg For Repack008','2026-02-24 02:07:54',0,NULL,NULL,0,NULL,NULL),(250,369,'sim-Line-1-2026-02-24-003-002-White Sugar W150 1000kg For Repack-009','sim-Line-1-2026-02-24-003','White Sugar W150 1000kg For Repack',9,10,24.9602,250,250,NULL,NULL,'sim-Line-1-2026-02-24-003-002White Sugar W150 1000kg For Repack009','White Sugar W150 1000kg For Repack009','2026-02-24 02:07:54',0,NULL,NULL,0,NULL,NULL),(251,369,'sim-Line-1-2026-02-24-003-002-White Sugar W150 1000kg For Repack-010','sim-Line-1-2026-02-24-003','White Sugar W150 1000kg For Repack',10,10,25.0259,250,250,NULL,NULL,'sim-Line-1-2026-02-24-003-002White Sugar W150 1000kg For Repack010','White Sugar W150 1000kg For Repack010','2026-02-24 02:07:54',0,NULL,NULL,0,NULL,NULL),(252,370,'sim-Line-1-2026-02-24-003-002-Potassium Sorbate-001','sim-Line-1-2026-02-24-003','Potassium Sorbate',1,1,0.7679,0.8,0.8,NULL,NULL,'sim-Line-1-2026-02-24-003-002Potassium Sorbate001','Potassium Sorbate001','2026-02-24 02:07:54',0,NULL,NULL,0,NULL,NULL),(253,371,'sim-Line-1-2026-02-24-003-002-Sodium Benzoate-001','sim-Line-1-2026-02-24-003','Sodium Benzoate',1,1,0.2443,0.2,0.2,NULL,NULL,'sim-Line-1-2026-02-24-003-002Sodium Benzoate001','Sodium Benzoate001','2026-02-24 02:07:55',0,NULL,NULL,0,NULL,NULL),(254,373,'sim-Line-1-2026-02-24-003-002-CL001A-001','sim-Line-1-2026-02-24-003','CL001A',1,1,0.1507,0.2,0.2,NULL,NULL,'sim-Line-1-2026-02-24-003-002CL001A001','CL001A001','2026-02-24 02:07:56',0,NULL,NULL,1,'2026-02-24 09:07:56','simulator'),(255,375,'sim-Line-1-2026-02-24-003-003-RO-Water-001','sim-Line-1-2026-02-24-003','RO-Water',1,15,25.0302,376.87,376.87,NULL,NULL,'sim-Line-1-2026-02-24-003-003RO-Water001','RO-Water001','2026-02-24 02:07:56',0,NULL,NULL,0,NULL,NULL),(256,375,'sim-Line-1-2026-02-24-003-003-RO-Water-002','sim-Line-1-2026-02-24-003','RO-Water',2,15,25.0288,376.87,376.87,NULL,NULL,'sim-Line-1-2026-02-24-003-003RO-Water002','RO-Water002','2026-02-24 02:07:56',0,NULL,NULL,0,NULL,NULL),(257,375,'sim-Line-1-2026-02-24-003-003-RO-Water-003','sim-Line-1-2026-02-24-003','RO-Water',3,15,25.0421,376.87,376.87,NULL,NULL,'sim-Line-1-2026-02-24-003-003RO-Water003','RO-Water003','2026-02-24 02:07:56',0,NULL,NULL,0,NULL,NULL),(258,375,'sim-Line-1-2026-02-24-003-003-RO-Water-004','sim-Line-1-2026-02-24-003','RO-Water',4,15,25.0186,376.87,376.87,NULL,NULL,'sim-Line-1-2026-02-24-003-003RO-Water004','RO-Water004','2026-02-24 02:07:56',0,NULL,NULL,0,NULL,NULL),(259,375,'sim-Line-1-2026-02-24-003-003-RO-Water-005','sim-Line-1-2026-02-24-003','RO-Water',5,15,24.962,376.87,376.87,NULL,NULL,'sim-Line-1-2026-02-24-003-003RO-Water005','RO-Water005','2026-02-24 02:07:56',0,NULL,NULL,0,NULL,NULL),(260,375,'sim-Line-1-2026-02-24-003-003-RO-Water-006','sim-Line-1-2026-02-24-003','RO-Water',6,15,24.9964,376.87,376.87,NULL,NULL,'sim-Line-1-2026-02-24-003-003RO-Water006','RO-Water006','2026-02-24 02:07:57',0,NULL,NULL,0,NULL,NULL),(261,375,'sim-Line-1-2026-02-24-003-003-RO-Water-007','sim-Line-1-2026-02-24-003','RO-Water',7,15,24.9869,376.87,376.87,NULL,NULL,'sim-Line-1-2026-02-24-003-003RO-Water007','RO-Water007','2026-02-24 02:07:57',0,NULL,NULL,0,NULL,NULL),(262,375,'sim-Line-1-2026-02-24-003-003-RO-Water-008','sim-Line-1-2026-02-24-003','RO-Water',8,15,24.9677,376.87,376.87,NULL,NULL,'sim-Line-1-2026-02-24-003-003RO-Water008','RO-Water008','2026-02-24 02:07:57',0,NULL,NULL,0,NULL,NULL),(263,375,'sim-Line-1-2026-02-24-003-003-RO-Water-009','sim-Line-1-2026-02-24-003','RO-Water',9,15,25.0299,376.87,376.87,NULL,NULL,'sim-Line-1-2026-02-24-003-003RO-Water009','RO-Water009','2026-02-24 02:07:57',0,NULL,NULL,1,'2026-02-24 09:07:56','simulator'),(264,375,'sim-Line-1-2026-02-24-003-003-RO-Water-010','sim-Line-1-2026-02-24-003','RO-Water',10,15,25.0142,376.87,376.87,NULL,NULL,'sim-Line-1-2026-02-24-003-003RO-Water010','RO-Water010','2026-02-24 02:07:57',0,NULL,NULL,0,NULL,NULL),(265,375,'sim-Line-1-2026-02-24-003-003-RO-Water-011','sim-Line-1-2026-02-24-003','RO-Water',11,15,25.0361,376.87,376.87,NULL,NULL,'sim-Line-1-2026-02-24-003-003RO-Water011','RO-Water011','2026-02-24 02:07:57',0,NULL,NULL,0,NULL,NULL),(266,375,'sim-Line-1-2026-02-24-003-003-RO-Water-012','sim-Line-1-2026-02-24-003','RO-Water',12,15,25.0332,376.87,376.87,NULL,NULL,'sim-Line-1-2026-02-24-003-003RO-Water012','RO-Water012','2026-02-24 02:07:57',0,NULL,NULL,0,NULL,NULL),(267,375,'sim-Line-1-2026-02-24-003-003-RO-Water-013','sim-Line-1-2026-02-24-003','RO-Water',13,15,25.0052,376.87,376.87,NULL,NULL,'sim-Line-1-2026-02-24-003-003RO-Water013','RO-Water013','2026-02-24 02:07:57',0,NULL,NULL,0,NULL,NULL),(268,375,'sim-Line-1-2026-02-24-003-003-RO-Water-014','sim-Line-1-2026-02-24-003','RO-Water',14,15,25.046,376.87,376.87,NULL,NULL,'sim-Line-1-2026-02-24-003-003RO-Water014','RO-Water014','2026-02-24 02:07:57',0,NULL,NULL,0,NULL,NULL),(269,375,'sim-Line-1-2026-02-24-003-003-RO-Water-015','sim-Line-1-2026-02-24-003','RO-Water',15,15,26.8553,376.87,376.87,NULL,NULL,'sim-Line-1-2026-02-24-003-003RO-Water015','RO-Water015','2026-02-24 02:07:57',0,NULL,NULL,0,NULL,NULL),(270,377,'sim-Line-1-2026-02-24-003-003-Potassium Sorbate-001','sim-Line-1-2026-02-24-003','Potassium Sorbate',1,1,0.7684,0.8,0.8,NULL,NULL,'sim-Line-1-2026-02-24-003-003Potassium Sorbate001','Potassium Sorbate001','2026-02-24 02:07:58',0,NULL,NULL,1,'2026-02-24 09:07:58','simulator'),(271,378,'sim-Line-1-2026-02-24-003-003-Sodium Benzoate-001','sim-Line-1-2026-02-24-003','Sodium Benzoate',1,1,0.2397,0.2,0.2,NULL,NULL,'sim-Line-1-2026-02-24-003-003Sodium Benzoate001','Sodium Benzoate001','2026-02-24 02:07:58',0,NULL,NULL,0,NULL,NULL),(272,379,'sim-Line-1-2026-02-24-003-003-Malic Acid, 25 kgs/bag.-001','sim-Line-1-2026-02-24-003','Malic Acid, 25 kgs/bag.',1,1,0.0673,0.115,0.115,NULL,NULL,'sim-Line-1-2026-02-24-003-003Malic Acid, 25 kgs/bag.001','Malic Acid, 25 kgs/bag.001','2026-02-24 02:07:58',0,NULL,NULL,0,NULL,NULL),(273,380,'sim-Line-1-2026-02-24-003-003-CL001A-001','sim-Line-1-2026-02-24-003','CL001A',1,1,0.1944,0.2,0.2,NULL,NULL,'sim-Line-1-2026-02-24-003-003CL001A001','CL001A001','2026-02-24 02:07:58',0,NULL,NULL,0,NULL,NULL),(274,381,'sim-Line-1-2026-02-24-003-004-LS in Line-001','sim-Line-1-2026-02-24-003','LS in Line',1,1,371.743,371.71,371.71,NULL,NULL,'sim-Line-1-2026-02-24-003-004LS in Line001','LS in Line001','2026-02-24 02:07:59',1,NULL,NULL,1,'2026-02-24 09:07:59','simulator'),(275,382,'sim-Line-1-2026-02-24-003-004-RO-Water-001','sim-Line-1-2026-02-24-003','RO-Water',1,15,25.0369,376.87,376.87,NULL,NULL,'sim-Line-1-2026-02-24-003-004RO-Water001','RO-Water001','2026-02-24 02:07:59',1,NULL,NULL,0,NULL,NULL),(276,382,'sim-Line-1-2026-02-24-003-004-RO-Water-002','sim-Line-1-2026-02-24-003','RO-Water',2,15,25.0476,376.87,376.87,NULL,NULL,'sim-Line-1-2026-02-24-003-004RO-Water002','RO-Water002','2026-02-24 02:07:59',1,NULL,NULL,0,NULL,NULL),(277,382,'sim-Line-1-2026-02-24-003-004-RO-Water-003','sim-Line-1-2026-02-24-003','RO-Water',3,15,25.0442,376.87,376.87,NULL,NULL,'sim-Line-1-2026-02-24-003-004RO-Water003','RO-Water003','2026-02-24 02:08:00',1,NULL,NULL,0,NULL,NULL),(278,382,'sim-Line-1-2026-02-24-003-004-RO-Water-004','sim-Line-1-2026-02-24-003','RO-Water',4,15,24.9508,376.87,376.87,NULL,NULL,'sim-Line-1-2026-02-24-003-004RO-Water004','RO-Water004','2026-02-24 02:08:00',1,NULL,NULL,0,NULL,NULL),(279,382,'sim-Line-1-2026-02-24-003-004-RO-Water-005','sim-Line-1-2026-02-24-003','RO-Water',5,15,25.0268,376.87,376.87,NULL,NULL,'sim-Line-1-2026-02-24-003-004RO-Water005','RO-Water005','2026-02-24 02:08:00',1,NULL,NULL,0,NULL,NULL),(280,382,'sim-Line-1-2026-02-24-003-004-RO-Water-006','sim-Line-1-2026-02-24-003','RO-Water',6,15,25.0407,376.87,376.87,NULL,NULL,'sim-Line-1-2026-02-24-003-004RO-Water006','RO-Water006','2026-02-24 02:08:00',1,NULL,NULL,1,'2026-02-24 09:07:59','simulator'),(281,382,'sim-Line-1-2026-02-24-003-004-RO-Water-007','sim-Line-1-2026-02-24-003','RO-Water',7,15,25.0356,376.87,376.87,NULL,NULL,'sim-Line-1-2026-02-24-003-004RO-Water007','RO-Water007','2026-02-24 02:08:00',1,NULL,NULL,1,'2026-02-24 09:07:59','simulator'),(282,382,'sim-Line-1-2026-02-24-003-004-RO-Water-008','sim-Line-1-2026-02-24-003','RO-Water',8,15,25.0426,376.87,376.87,NULL,NULL,'sim-Line-1-2026-02-24-003-004RO-Water008','RO-Water008','2026-02-24 02:08:00',1,NULL,NULL,1,'2026-02-24 09:07:59','simulator'),(283,382,'sim-Line-1-2026-02-24-003-004-RO-Water-009','sim-Line-1-2026-02-24-003','RO-Water',9,15,24.9622,376.87,376.87,NULL,NULL,'sim-Line-1-2026-02-24-003-004RO-Water009','RO-Water009','2026-02-24 02:08:00',1,NULL,NULL,1,'2026-02-24 09:07:59','simulator'),(284,382,'sim-Line-1-2026-02-24-003-004-RO-Water-010','sim-Line-1-2026-02-24-003','RO-Water',10,15,24.9906,376.87,376.87,NULL,NULL,'sim-Line-1-2026-02-24-003-004RO-Water010','RO-Water010','2026-02-24 02:08:00',1,NULL,NULL,0,NULL,NULL),(285,382,'sim-Line-1-2026-02-24-003-004-RO-Water-011','sim-Line-1-2026-02-24-003','RO-Water',11,15,24.9558,376.87,376.87,NULL,NULL,'sim-Line-1-2026-02-24-003-004RO-Water011','RO-Water011','2026-02-24 02:08:01',1,NULL,NULL,1,'2026-02-24 09:07:59','simulator'),(286,382,'sim-Line-1-2026-02-24-003-004-RO-Water-012','sim-Line-1-2026-02-24-003','RO-Water',12,15,24.9575,376.87,376.87,NULL,NULL,'sim-Line-1-2026-02-24-003-004RO-Water012','RO-Water012','2026-02-24 02:08:01',1,NULL,NULL,1,'2026-02-24 09:07:59','simulator'),(287,382,'sim-Line-1-2026-02-24-003-004-RO-Water-013','sim-Line-1-2026-02-24-003','RO-Water',13,15,25.0497,376.87,376.87,NULL,NULL,'sim-Line-1-2026-02-24-003-004RO-Water013','RO-Water013','2026-02-24 02:08:01',1,NULL,NULL,0,NULL,NULL),(288,382,'sim-Line-1-2026-02-24-003-004-RO-Water-014','sim-Line-1-2026-02-24-003','RO-Water',14,15,25.0276,376.87,376.87,NULL,NULL,'sim-Line-1-2026-02-24-003-004RO-Water014','RO-Water014','2026-02-24 02:08:01',1,NULL,NULL,1,'2026-02-24 09:07:59','simulator'),(289,382,'sim-Line-1-2026-02-24-003-004-RO-Water-015','sim-Line-1-2026-02-24-003','RO-Water',15,15,26.8809,376.87,376.87,NULL,NULL,'sim-Line-1-2026-02-24-003-004RO-Water015','RO-Water015','2026-02-24 02:08:01',1,NULL,NULL,1,'2026-02-24 09:07:59','simulator'),(290,383,'sim-Line-1-2026-02-24-003-004-White Sugar W150 1000kg For Repack-001','sim-Line-1-2026-02-24-003','White Sugar W150 1000kg For Repack',1,10,25.0087,250,250,NULL,NULL,'sim-Line-1-2026-02-24-003-004White Sugar W150 1000kg For Repack001','White Sugar W150 1000kg For Repack001','2026-02-24 02:08:01',1,NULL,NULL,1,'2026-02-24 09:08:02','simulator'),(291,383,'sim-Line-1-2026-02-24-003-004-White Sugar W150 1000kg For Repack-002','sim-Line-1-2026-02-24-003','White Sugar W150 1000kg For Repack',2,10,24.971,250,250,NULL,NULL,'sim-Line-1-2026-02-24-003-004White Sugar W150 1000kg For Repack002','White Sugar W150 1000kg For Repack002','2026-02-24 02:08:01',1,NULL,NULL,1,'2026-02-24 09:08:02','simulator'),(292,383,'sim-Line-1-2026-02-24-003-004-White Sugar W150 1000kg For Repack-003','sim-Line-1-2026-02-24-003','White Sugar W150 1000kg For Repack',3,10,24.9679,250,250,NULL,NULL,'sim-Line-1-2026-02-24-003-004White Sugar W150 1000kg For Repack003','White Sugar W150 1000kg For Repack003','2026-02-24 02:08:02',1,NULL,NULL,0,NULL,NULL),(293,383,'sim-Line-1-2026-02-24-003-004-White Sugar W150 1000kg For Repack-004','sim-Line-1-2026-02-24-003','White Sugar W150 1000kg For Repack',4,10,24.9827,250,250,NULL,NULL,'sim-Line-1-2026-02-24-003-004White Sugar W150 1000kg For Repack004','White Sugar W150 1000kg For Repack004','2026-02-24 02:08:02',1,NULL,NULL,0,NULL,NULL),(294,383,'sim-Line-1-2026-02-24-003-004-White Sugar W150 1000kg For Repack-005','sim-Line-1-2026-02-24-003','White Sugar W150 1000kg For Repack',5,10,24.9611,250,250,NULL,NULL,'sim-Line-1-2026-02-24-003-004White Sugar W150 1000kg For Repack005','White Sugar W150 1000kg For Repack005','2026-02-24 02:08:02',1,NULL,NULL,1,'2026-02-24 09:08:02','simulator'),(295,383,'sim-Line-1-2026-02-24-003-004-White Sugar W150 1000kg For Repack-006','sim-Line-1-2026-02-24-003','White Sugar W150 1000kg For Repack',6,10,24.9866,250,250,NULL,NULL,'sim-Line-1-2026-02-24-003-004White Sugar W150 1000kg For Repack006','White Sugar W150 1000kg For Repack006','2026-02-24 02:08:02',1,NULL,NULL,0,NULL,NULL),(296,383,'sim-Line-1-2026-02-24-003-004-White Sugar W150 1000kg For Repack-007','sim-Line-1-2026-02-24-003','White Sugar W150 1000kg For Repack',7,10,25.0174,250,250,NULL,NULL,'sim-Line-1-2026-02-24-003-004White Sugar W150 1000kg For Repack007','White Sugar W150 1000kg For Repack007','2026-02-24 02:08:02',1,NULL,NULL,1,'2026-02-24 09:08:02','simulator'),(297,383,'sim-Line-1-2026-02-24-003-004-White Sugar W150 1000kg For Repack-008','sim-Line-1-2026-02-24-003','White Sugar W150 1000kg For Repack',8,10,25.0175,250,250,NULL,NULL,'sim-Line-1-2026-02-24-003-004White Sugar W150 1000kg For Repack008','White Sugar W150 1000kg For Repack008','2026-02-24 02:08:03',1,NULL,NULL,1,'2026-02-24 09:08:02','simulator'),(298,383,'sim-Line-1-2026-02-24-003-004-White Sugar W150 1000kg For Repack-009','sim-Line-1-2026-02-24-003','White Sugar W150 1000kg For Repack',9,10,25.0438,250,250,NULL,NULL,'sim-Line-1-2026-02-24-003-004White Sugar W150 1000kg For Repack009','White Sugar W150 1000kg For Repack009','2026-02-24 02:08:03',1,NULL,NULL,1,'2026-02-24 09:08:02','simulator'),(299,383,'sim-Line-1-2026-02-24-003-004-White Sugar W150 1000kg For Repack-010','sim-Line-1-2026-02-24-003','White Sugar W150 1000kg For Repack',10,10,25.0497,250,250,NULL,NULL,'sim-Line-1-2026-02-24-003-004White Sugar W150 1000kg For Repack010','White Sugar W150 1000kg For Repack010','2026-02-24 02:08:03',1,NULL,NULL,1,'2026-02-24 09:08:02','simulator'),(300,384,'sim-Line-1-2026-02-24-003-004-Potassium Sorbate-001','sim-Line-1-2026-02-24-003','Potassium Sorbate',1,1,0.7663,0.8,0.8,NULL,NULL,'sim-Line-1-2026-02-24-003-004Potassium Sorbate001','Potassium Sorbate001','2026-02-24 02:08:03',1,NULL,NULL,1,'2026-02-24 09:08:03','simulator'),(301,385,'sim-Line-1-2026-02-24-003-004-Sodium Benzoate-001','sim-Line-1-2026-02-24-003','Sodium Benzoate',1,1,0.1805,0.2,0.2,NULL,NULL,'sim-Line-1-2026-02-24-003-004Sodium Benzoate001','Sodium Benzoate001','2026-02-24 02:08:03',1,NULL,NULL,1,'2026-02-24 09:08:03','simulator'),(302,386,'sim-Line-1-2026-02-24-003-004-Malic Acid, 25 kgs/bag.-001','sim-Line-1-2026-02-24-003','Malic Acid, 25 kgs/bag.',1,1,0.1194,0.115,0.115,NULL,NULL,'sim-Line-1-2026-02-24-003-004Malic Acid, 25 kgs/bag.001','Malic Acid, 25 kgs/bag.001','2026-02-24 02:08:03',1,NULL,NULL,1,'2026-02-24 09:08:03','simulator'),(303,387,'sim-Line-1-2026-02-24-003-004-CL001A-001','sim-Line-1-2026-02-24-003','CL001A',1,1,0.1702,0.2,0.2,NULL,NULL,'sim-Line-1-2026-02-24-003-004CL001A001','CL001A001','2026-02-24 02:08:03',1,NULL,NULL,1,'2026-02-24 09:08:04','simulator'),(304,388,'sim-Line-1-2026-02-24-003-005-LS in Line-001','sim-Line-1-2026-02-24-003','LS in Line',1,1,371.704,371.71,371.71,NULL,NULL,'sim-Line-1-2026-02-24-003-005LS in Line001','LS in Line001','2026-02-24 02:08:04',0,NULL,NULL,0,NULL,NULL),(305,389,'sim-Line-1-2026-02-24-003-005-RO-Water-001','sim-Line-1-2026-02-24-003','RO-Water',1,15,24.9991,376.87,376.87,NULL,NULL,'sim-Line-1-2026-02-24-003-005RO-Water001','RO-Water001','2026-02-24 02:08:04',0,NULL,NULL,0,NULL,NULL),(306,389,'sim-Line-1-2026-02-24-003-005-RO-Water-002','sim-Line-1-2026-02-24-003','RO-Water',2,15,24.9708,376.87,376.87,NULL,NULL,'sim-Line-1-2026-02-24-003-005RO-Water002','RO-Water002','2026-02-24 02:08:04',0,NULL,NULL,0,NULL,NULL),(307,389,'sim-Line-1-2026-02-24-003-005-RO-Water-003','sim-Line-1-2026-02-24-003','RO-Water',3,15,24.9868,376.87,376.87,NULL,NULL,'sim-Line-1-2026-02-24-003-005RO-Water003','RO-Water003','2026-02-24 02:08:04',0,NULL,NULL,1,'2026-02-24 09:08:04','simulator'),(308,389,'sim-Line-1-2026-02-24-003-005-RO-Water-004','sim-Line-1-2026-02-24-003','RO-Water',4,15,24.9627,376.87,376.87,NULL,NULL,'sim-Line-1-2026-02-24-003-005RO-Water004','RO-Water004','2026-02-24 02:08:04',0,NULL,NULL,0,NULL,NULL),(309,389,'sim-Line-1-2026-02-24-003-005-RO-Water-005','sim-Line-1-2026-02-24-003','RO-Water',5,15,25,376.87,376.87,NULL,NULL,'sim-Line-1-2026-02-24-003-005RO-Water005','RO-Water005','2026-02-24 02:08:04',0,NULL,NULL,0,NULL,NULL),(310,389,'sim-Line-1-2026-02-24-003-005-RO-Water-006','sim-Line-1-2026-02-24-003','RO-Water',6,15,24.9772,376.87,376.87,NULL,NULL,'sim-Line-1-2026-02-24-003-005RO-Water006','RO-Water006','2026-02-24 02:08:05',0,NULL,NULL,0,NULL,NULL),(311,389,'sim-Line-1-2026-02-24-003-005-RO-Water-007','sim-Line-1-2026-02-24-003','RO-Water',7,15,25.0219,376.87,376.87,NULL,NULL,'sim-Line-1-2026-02-24-003-005RO-Water007','RO-Water007','2026-02-24 02:08:05',0,NULL,NULL,1,'2026-02-24 09:08:04','simulator'),(312,389,'sim-Line-1-2026-02-24-003-005-RO-Water-008','sim-Line-1-2026-02-24-003','RO-Water',8,15,25.0387,376.87,376.87,NULL,NULL,'sim-Line-1-2026-02-24-003-005RO-Water008','RO-Water008','2026-02-24 02:08:05',0,NULL,NULL,0,NULL,NULL),(313,389,'sim-Line-1-2026-02-24-003-005-RO-Water-009','sim-Line-1-2026-02-24-003','RO-Water',9,15,24.9631,376.87,376.87,NULL,NULL,'sim-Line-1-2026-02-24-003-005RO-Water009','RO-Water009','2026-02-24 02:08:05',0,NULL,NULL,0,NULL,NULL),(314,389,'sim-Line-1-2026-02-24-003-005-RO-Water-010','sim-Line-1-2026-02-24-003','RO-Water',10,15,24.9818,376.87,376.87,NULL,NULL,'sim-Line-1-2026-02-24-003-005RO-Water010','RO-Water010','2026-02-24 02:08:05',0,NULL,NULL,0,NULL,NULL),(315,389,'sim-Line-1-2026-02-24-003-005-RO-Water-011','sim-Line-1-2026-02-24-003','RO-Water',11,15,24.9988,376.87,376.87,NULL,NULL,'sim-Line-1-2026-02-24-003-005RO-Water011','RO-Water011','2026-02-24 02:08:05',0,NULL,NULL,0,NULL,NULL),(316,389,'sim-Line-1-2026-02-24-003-005-RO-Water-012','sim-Line-1-2026-02-24-003','RO-Water',12,15,24.9914,376.87,376.87,NULL,NULL,'sim-Line-1-2026-02-24-003-005RO-Water012','RO-Water012','2026-02-24 02:08:05',0,NULL,NULL,0,NULL,NULL),(317,389,'sim-Line-1-2026-02-24-003-005-RO-Water-013','sim-Line-1-2026-02-24-003','RO-Water',13,15,24.9987,376.87,376.87,NULL,NULL,'sim-Line-1-2026-02-24-003-005RO-Water013','RO-Water013','2026-02-24 02:08:06',0,NULL,NULL,0,NULL,NULL),(318,389,'sim-Line-1-2026-02-24-003-005-RO-Water-014','sim-Line-1-2026-02-24-003','RO-Water',14,15,24.9526,376.87,376.87,NULL,NULL,'sim-Line-1-2026-02-24-003-005RO-Water014','RO-Water014','2026-02-24 02:08:06',0,NULL,NULL,0,NULL,NULL),(319,389,'sim-Line-1-2026-02-24-003-005-RO-Water-015','sim-Line-1-2026-02-24-003','RO-Water',15,15,26.8315,376.87,376.87,NULL,NULL,'sim-Line-1-2026-02-24-003-005RO-Water015','RO-Water015','2026-02-24 02:08:06',0,NULL,NULL,1,'2026-02-24 09:08:04','simulator'),(320,391,'sim-Line-1-2026-02-24-003-005-Potassium Sorbate-001','sim-Line-1-2026-02-24-003','Potassium Sorbate',1,1,0.802,0.8,0.8,NULL,NULL,'sim-Line-1-2026-02-24-003-005Potassium Sorbate001','Potassium Sorbate001','2026-02-24 02:08:06',0,NULL,NULL,1,'2026-02-24 09:08:07','simulator'),(321,393,'sim-Line-1-2026-02-24-003-005-Malic Acid, 25 kgs/bag.-001','sim-Line-1-2026-02-24-003','Malic Acid, 25 kgs/bag.',1,1,0.1143,0.115,0.115,NULL,NULL,'sim-Line-1-2026-02-24-003-005Malic Acid, 25 kgs/bag.001','Malic Acid, 25 kgs/bag.001','2026-02-24 02:08:07',0,NULL,NULL,1,'2026-02-24 09:08:07','simulator'),(322,394,'sim-Line-1-2026-02-24-003-005-CL001A-001','sim-Line-1-2026-02-24-003','CL001A',1,1,0.2355,0.2,0.2,NULL,NULL,'sim-Line-1-2026-02-24-003-005CL001A001','CL001A001','2026-02-24 02:08:07',0,NULL,NULL,0,NULL,NULL),(323,395,'sim-Line-1-2026-02-24-003-006-LS in Line-001','sim-Line-1-2026-02-24-003','LS in Line',1,1,371.69,371.71,371.71,NULL,NULL,'sim-Line-1-2026-02-24-003-006LS in Line001','LS in Line001','2026-02-24 02:08:07',1,NULL,NULL,0,NULL,NULL),(324,396,'sim-Line-1-2026-02-24-003-006-RO-Water-001','sim-Line-1-2026-02-24-003','RO-Water',1,15,25.0496,376.87,376.87,NULL,NULL,'sim-Line-1-2026-02-24-003-006RO-Water001','RO-Water001','2026-02-24 02:08:07',1,NULL,NULL,1,'2026-02-24 09:08:07','simulator'),(325,396,'sim-Line-1-2026-02-24-003-006-RO-Water-002','sim-Line-1-2026-02-24-003','RO-Water',2,15,25.0131,376.87,376.87,NULL,NULL,'sim-Line-1-2026-02-24-003-006RO-Water002','RO-Water002','2026-02-24 02:08:07',1,NULL,NULL,1,'2026-02-24 09:08:07','simulator'),(326,396,'sim-Line-1-2026-02-24-003-006-RO-Water-003','sim-Line-1-2026-02-24-003','RO-Water',3,15,24.9534,376.87,376.87,NULL,NULL,'sim-Line-1-2026-02-24-003-006RO-Water003','RO-Water003','2026-02-24 02:08:07',1,NULL,NULL,1,'2026-02-24 09:08:07','simulator'),(327,396,'sim-Line-1-2026-02-24-003-006-RO-Water-004','sim-Line-1-2026-02-24-003','RO-Water',4,15,25.0374,376.87,376.87,NULL,NULL,'sim-Line-1-2026-02-24-003-006RO-Water004','RO-Water004','2026-02-24 02:08:07',1,NULL,NULL,0,NULL,NULL),(328,396,'sim-Line-1-2026-02-24-003-006-RO-Water-005','sim-Line-1-2026-02-24-003','RO-Water',5,15,24.9879,376.87,376.87,NULL,NULL,'sim-Line-1-2026-02-24-003-006RO-Water005','RO-Water005','2026-02-24 02:08:08',1,NULL,NULL,0,NULL,NULL),(329,396,'sim-Line-1-2026-02-24-003-006-RO-Water-006','sim-Line-1-2026-02-24-003','RO-Water',6,15,24.9844,376.87,376.87,NULL,NULL,'sim-Line-1-2026-02-24-003-006RO-Water006','RO-Water006','2026-02-24 02:08:08',1,NULL,NULL,0,NULL,NULL),(330,396,'sim-Line-1-2026-02-24-003-006-RO-Water-007','sim-Line-1-2026-02-24-003','RO-Water',7,15,25.0065,376.87,376.87,NULL,NULL,'sim-Line-1-2026-02-24-003-006RO-Water007','RO-Water007','2026-02-24 02:08:08',1,NULL,NULL,0,NULL,NULL),(331,396,'sim-Line-1-2026-02-24-003-006-RO-Water-008','sim-Line-1-2026-02-24-003','RO-Water',8,15,25.039,376.87,376.87,NULL,NULL,'sim-Line-1-2026-02-24-003-006RO-Water008','RO-Water008','2026-02-24 02:08:08',1,NULL,NULL,0,NULL,NULL),(332,396,'sim-Line-1-2026-02-24-003-006-RO-Water-009','sim-Line-1-2026-02-24-003','RO-Water',9,15,24.9992,376.87,376.87,NULL,NULL,'sim-Line-1-2026-02-24-003-006RO-Water009','RO-Water009','2026-02-24 02:08:08',1,NULL,NULL,0,NULL,NULL),(333,396,'sim-Line-1-2026-02-24-003-006-RO-Water-010','sim-Line-1-2026-02-24-003','RO-Water',10,15,24.9635,376.87,376.87,NULL,NULL,'sim-Line-1-2026-02-24-003-006RO-Water010','RO-Water010','2026-02-24 02:08:08',1,NULL,NULL,0,NULL,NULL),(334,396,'sim-Line-1-2026-02-24-003-006-RO-Water-011','sim-Line-1-2026-02-24-003','RO-Water',11,15,25.0434,376.87,376.87,NULL,NULL,'sim-Line-1-2026-02-24-003-006RO-Water011','RO-Water011','2026-02-24 02:08:08',1,NULL,NULL,1,'2026-02-24 09:08:07','simulator'),(335,396,'sim-Line-1-2026-02-24-003-006-RO-Water-012','sim-Line-1-2026-02-24-003','RO-Water',12,15,24.9936,376.87,376.87,NULL,NULL,'sim-Line-1-2026-02-24-003-006RO-Water012','RO-Water012','2026-02-24 02:08:09',1,NULL,NULL,0,NULL,NULL),(336,396,'sim-Line-1-2026-02-24-003-006-RO-Water-013','sim-Line-1-2026-02-24-003','RO-Water',13,15,25.022,376.87,376.87,NULL,NULL,'sim-Line-1-2026-02-24-003-006RO-Water013','RO-Water013','2026-02-24 02:08:09',1,NULL,NULL,1,'2026-02-24 09:08:07','simulator'),(337,396,'sim-Line-1-2026-02-24-003-006-RO-Water-014','sim-Line-1-2026-02-24-003','RO-Water',14,15,24.9813,376.87,376.87,NULL,NULL,'sim-Line-1-2026-02-24-003-006RO-Water014','RO-Water014','2026-02-24 02:08:09',1,NULL,NULL,1,'2026-02-24 09:08:07','simulator'),(338,396,'sim-Line-1-2026-02-24-003-006-RO-Water-015','sim-Line-1-2026-02-24-003','RO-Water',15,15,26.9144,376.87,376.87,NULL,NULL,'sim-Line-1-2026-02-24-003-006RO-Water015','RO-Water015','2026-02-24 02:08:09',1,NULL,NULL,1,'2026-02-24 09:08:07','simulator'),(339,397,'sim-Line-1-2026-02-24-003-006-White Sugar W150 1000kg For Repack-001','sim-Line-1-2026-02-24-003','White Sugar W150 1000kg For Repack',1,10,25.0089,250,250,NULL,NULL,'sim-Line-1-2026-02-24-003-006White Sugar W150 1000kg For Repack001','White Sugar W150 1000kg For Repack001','2026-02-24 02:08:09',1,NULL,NULL,1,'2026-02-24 09:08:09','simulator'),(340,397,'sim-Line-1-2026-02-24-003-006-White Sugar W150 1000kg For Repack-002','sim-Line-1-2026-02-24-003','White Sugar W150 1000kg For Repack',2,10,25.0357,250,250,NULL,NULL,'sim-Line-1-2026-02-24-003-006White Sugar W150 1000kg For Repack002','White Sugar W150 1000kg For Repack002','2026-02-24 02:08:09',1,NULL,NULL,0,NULL,NULL),(341,397,'sim-Line-1-2026-02-24-003-006-White Sugar W150 1000kg For Repack-003','sim-Line-1-2026-02-24-003','White Sugar W150 1000kg For Repack',3,10,25.0012,250,250,NULL,NULL,'sim-Line-1-2026-02-24-003-006White Sugar W150 1000kg For Repack003','White Sugar W150 1000kg For Repack003','2026-02-24 02:08:09',1,NULL,NULL,0,NULL,NULL),(342,397,'sim-Line-1-2026-02-24-003-006-White Sugar W150 1000kg For Repack-004','sim-Line-1-2026-02-24-003','White Sugar W150 1000kg For Repack',4,10,25.0264,250,250,NULL,NULL,'sim-Line-1-2026-02-24-003-006White Sugar W150 1000kg For Repack004','White Sugar W150 1000kg For Repack004','2026-02-24 02:08:09',1,NULL,NULL,0,NULL,NULL),(343,397,'sim-Line-1-2026-02-24-003-006-White Sugar W150 1000kg For Repack-005','sim-Line-1-2026-02-24-003','White Sugar W150 1000kg For Repack',5,10,24.987,250,250,NULL,NULL,'sim-Line-1-2026-02-24-003-006White Sugar W150 1000kg For Repack005','White Sugar W150 1000kg For Repack005','2026-02-24 02:08:09',1,NULL,NULL,1,'2026-02-24 09:08:09','simulator'),(344,397,'sim-Line-1-2026-02-24-003-006-White Sugar W150 1000kg For Repack-006','sim-Line-1-2026-02-24-003','White Sugar W150 1000kg For Repack',6,10,24.9799,250,250,NULL,NULL,'sim-Line-1-2026-02-24-003-006White Sugar W150 1000kg For Repack006','White Sugar W150 1000kg For Repack006','2026-02-24 02:08:09',1,NULL,NULL,1,'2026-02-24 09:08:09','simulator'),(345,397,'sim-Line-1-2026-02-24-003-006-White Sugar W150 1000kg For Repack-007','sim-Line-1-2026-02-24-003','White Sugar W150 1000kg For Repack',7,10,24.9684,250,250,NULL,NULL,'sim-Line-1-2026-02-24-003-006White Sugar W150 1000kg For Repack007','White Sugar W150 1000kg For Repack007','2026-02-24 02:08:10',1,NULL,NULL,1,'2026-02-24 09:08:09','simulator'),(346,397,'sim-Line-1-2026-02-24-003-006-White Sugar W150 1000kg For Repack-008','sim-Line-1-2026-02-24-003','White Sugar W150 1000kg For Repack',8,10,24.9825,250,250,NULL,NULL,'sim-Line-1-2026-02-24-003-006White Sugar W150 1000kg For Repack008','White Sugar W150 1000kg For Repack008','2026-02-24 02:08:10',1,NULL,NULL,1,'2026-02-24 09:08:09','simulator'),(347,397,'sim-Line-1-2026-02-24-003-006-White Sugar W150 1000kg For Repack-009','sim-Line-1-2026-02-24-003','White Sugar W150 1000kg For Repack',9,10,24.9673,250,250,NULL,NULL,'sim-Line-1-2026-02-24-003-006White Sugar W150 1000kg For Repack009','White Sugar W150 1000kg For Repack009','2026-02-24 02:08:10',1,NULL,NULL,1,'2026-02-24 09:08:09','simulator'),(348,397,'sim-Line-1-2026-02-24-003-006-White Sugar W150 1000kg For Repack-010','sim-Line-1-2026-02-24-003','White Sugar W150 1000kg For Repack',10,10,25.0293,250,250,NULL,NULL,'sim-Line-1-2026-02-24-003-006White Sugar W150 1000kg For Repack010','White Sugar W150 1000kg For Repack010','2026-02-24 02:08:10',1,NULL,NULL,0,NULL,NULL),(349,398,'sim-Line-1-2026-02-24-003-006-Potassium Sorbate-001','sim-Line-1-2026-02-24-003','Potassium Sorbate',1,1,0.822,0.8,0.8,NULL,NULL,'sim-Line-1-2026-02-24-003-006Potassium Sorbate001','Potassium Sorbate001','2026-02-24 02:08:10',1,NULL,NULL,0,NULL,NULL),(350,399,'sim-Line-1-2026-02-24-003-006-Sodium Benzoate-001','sim-Line-1-2026-02-24-003','Sodium Benzoate',1,1,0.2233,0.2,0.2,NULL,NULL,'sim-Line-1-2026-02-24-003-006Sodium Benzoate001','Sodium Benzoate001','2026-02-24 02:08:10',1,NULL,NULL,0,NULL,NULL),(351,400,'sim-Line-1-2026-02-24-003-006-Malic Acid, 25 kgs/bag.-001','sim-Line-1-2026-02-24-003','Malic Acid, 25 kgs/bag.',1,1,0.1469,0.115,0.115,NULL,NULL,'sim-Line-1-2026-02-24-003-006Malic Acid, 25 kgs/bag.001','Malic Acid, 25 kgs/bag.001','2026-02-24 02:08:11',1,NULL,NULL,0,NULL,NULL),(352,401,'sim-Line-1-2026-02-24-003-006-CL001A-001','sim-Line-1-2026-02-24-003','CL001A',1,1,0.2276,0.2,0.2,NULL,NULL,'sim-Line-1-2026-02-24-003-006CL001A001','CL001A001','2026-02-24 02:08:11',1,NULL,NULL,1,'2026-02-24 09:08:11','simulator'),(353,402,'sim-Line-1-2026-02-24-003-007-LS in Line-001','sim-Line-1-2026-02-24-003','LS in Line',1,1,371.708,371.71,371.71,NULL,NULL,'sim-Line-1-2026-02-24-003-007LS in Line001','LS in Line001','2026-02-24 02:08:12',1,NULL,NULL,0,NULL,NULL),(354,403,'sim-Line-1-2026-02-24-003-007-RO-Water-001','sim-Line-1-2026-02-24-003','RO-Water',1,15,24.9555,376.87,376.87,NULL,NULL,'sim-Line-1-2026-02-24-003-007RO-Water001','RO-Water001','2026-02-24 02:08:12',1,NULL,NULL,0,NULL,NULL),(355,403,'sim-Line-1-2026-02-24-003-007-RO-Water-002','sim-Line-1-2026-02-24-003','RO-Water',2,15,24.9736,376.87,376.87,NULL,NULL,'sim-Line-1-2026-02-24-003-007RO-Water002','RO-Water002','2026-02-24 02:08:12',1,NULL,NULL,0,NULL,NULL),(356,403,'sim-Line-1-2026-02-24-003-007-RO-Water-003','sim-Line-1-2026-02-24-003','RO-Water',3,15,24.9528,376.87,376.87,NULL,NULL,'sim-Line-1-2026-02-24-003-007RO-Water003','RO-Water003','2026-02-24 02:08:13',1,NULL,NULL,1,'2026-02-24 09:08:12','simulator'),(357,403,'sim-Line-1-2026-02-24-003-007-RO-Water-004','sim-Line-1-2026-02-24-003','RO-Water',4,15,24.9789,376.87,376.87,NULL,NULL,'sim-Line-1-2026-02-24-003-007RO-Water004','RO-Water004','2026-02-24 02:08:13',1,NULL,NULL,0,NULL,NULL),(358,403,'sim-Line-1-2026-02-24-003-007-RO-Water-005','sim-Line-1-2026-02-24-003','RO-Water',5,15,24.9501,376.87,376.87,NULL,NULL,'sim-Line-1-2026-02-24-003-007RO-Water005','RO-Water005','2026-02-24 02:08:13',1,NULL,NULL,1,'2026-02-24 09:08:12','simulator'),(359,403,'sim-Line-1-2026-02-24-003-007-RO-Water-006','sim-Line-1-2026-02-24-003','RO-Water',6,15,24.9867,376.87,376.87,NULL,NULL,'sim-Line-1-2026-02-24-003-007RO-Water006','RO-Water006','2026-02-24 02:08:13',1,NULL,NULL,0,NULL,NULL),(360,403,'sim-Line-1-2026-02-24-003-007-RO-Water-007','sim-Line-1-2026-02-24-003','RO-Water',7,15,24.974,376.87,376.87,NULL,NULL,'sim-Line-1-2026-02-24-003-007RO-Water007','RO-Water007','2026-02-24 02:08:13',1,NULL,NULL,1,'2026-02-24 09:08:12','simulator'),(361,403,'sim-Line-1-2026-02-24-003-007-RO-Water-008','sim-Line-1-2026-02-24-003','RO-Water',8,15,25.0374,376.87,376.87,NULL,NULL,'sim-Line-1-2026-02-24-003-007RO-Water008','RO-Water008','2026-02-24 02:08:13',1,NULL,NULL,0,NULL,NULL),(362,403,'sim-Line-1-2026-02-24-003-007-RO-Water-009','sim-Line-1-2026-02-24-003','RO-Water',9,15,25.0481,376.87,376.87,NULL,NULL,'sim-Line-1-2026-02-24-003-007RO-Water009','RO-Water009','2026-02-24 02:08:13',1,NULL,NULL,1,'2026-02-24 09:08:12','simulator'),(363,403,'sim-Line-1-2026-02-24-003-007-RO-Water-010','sim-Line-1-2026-02-24-003','RO-Water',10,15,25.0012,376.87,376.87,NULL,NULL,'sim-Line-1-2026-02-24-003-007RO-Water010','RO-Water010','2026-02-24 02:08:13',1,NULL,NULL,0,NULL,NULL),(364,403,'sim-Line-1-2026-02-24-003-007-RO-Water-011','sim-Line-1-2026-02-24-003','RO-Water',11,15,24.9967,376.87,376.87,NULL,NULL,'sim-Line-1-2026-02-24-003-007RO-Water011','RO-Water011','2026-02-24 02:08:13',1,NULL,NULL,1,'2026-02-24 09:08:12','simulator'),(365,403,'sim-Line-1-2026-02-24-003-007-RO-Water-012','sim-Line-1-2026-02-24-003','RO-Water',12,15,25.0238,376.87,376.87,NULL,NULL,'sim-Line-1-2026-02-24-003-007RO-Water012','RO-Water012','2026-02-24 02:08:13',1,NULL,NULL,0,NULL,NULL),(366,403,'sim-Line-1-2026-02-24-003-007-RO-Water-013','sim-Line-1-2026-02-24-003','RO-Water',13,15,24.9757,376.87,376.87,NULL,NULL,'sim-Line-1-2026-02-24-003-007RO-Water013','RO-Water013','2026-02-24 02:08:14',1,NULL,NULL,1,'2026-02-24 09:08:12','simulator'),(367,403,'sim-Line-1-2026-02-24-003-007-RO-Water-014','sim-Line-1-2026-02-24-003','RO-Water',14,15,24.9948,376.87,376.87,NULL,NULL,'sim-Line-1-2026-02-24-003-007RO-Water014','RO-Water014','2026-02-24 02:08:14',1,NULL,NULL,1,'2026-02-24 09:08:12','simulator'),(368,403,'sim-Line-1-2026-02-24-003-007-RO-Water-015','sim-Line-1-2026-02-24-003','RO-Water',15,15,26.8857,376.87,376.87,NULL,NULL,'sim-Line-1-2026-02-24-003-007RO-Water015','RO-Water015','2026-02-24 02:08:14',1,NULL,NULL,0,NULL,NULL),(369,404,'sim-Line-1-2026-02-24-003-007-White Sugar W150 1000kg For Repack-001','sim-Line-1-2026-02-24-003','White Sugar W150 1000kg For Repack',1,10,25.0469,250,250,NULL,NULL,'sim-Line-1-2026-02-24-003-007White Sugar W150 1000kg For Repack001','White Sugar W150 1000kg For Repack001','2026-02-24 02:08:14',1,NULL,NULL,0,NULL,NULL),(370,404,'sim-Line-1-2026-02-24-003-007-White Sugar W150 1000kg For Repack-002','sim-Line-1-2026-02-24-003','White Sugar W150 1000kg For Repack',2,10,24.9871,250,250,NULL,NULL,'sim-Line-1-2026-02-24-003-007White Sugar W150 1000kg For Repack002','White Sugar W150 1000kg For Repack002','2026-02-24 02:08:14',1,NULL,NULL,0,NULL,NULL),(371,404,'sim-Line-1-2026-02-24-003-007-White Sugar W150 1000kg For Repack-003','sim-Line-1-2026-02-24-003','White Sugar W150 1000kg For Repack',3,10,24.9523,250,250,NULL,NULL,'sim-Line-1-2026-02-24-003-007White Sugar W150 1000kg For Repack003','White Sugar W150 1000kg For Repack003','2026-02-24 02:08:15',1,NULL,NULL,0,NULL,NULL),(372,404,'sim-Line-1-2026-02-24-003-007-White Sugar W150 1000kg For Repack-004','sim-Line-1-2026-02-24-003','White Sugar W150 1000kg For Repack',4,10,24.9855,250,250,NULL,NULL,'sim-Line-1-2026-02-24-003-007White Sugar W150 1000kg For Repack004','White Sugar W150 1000kg For Repack004','2026-02-24 02:08:15',1,NULL,NULL,0,NULL,NULL),(373,404,'sim-Line-1-2026-02-24-003-007-White Sugar W150 1000kg For Repack-005','sim-Line-1-2026-02-24-003','White Sugar W150 1000kg For Repack',5,10,25.0066,250,250,NULL,NULL,'sim-Line-1-2026-02-24-003-007White Sugar W150 1000kg For Repack005','White Sugar W150 1000kg For Repack005','2026-02-24 02:08:15',1,NULL,NULL,1,'2026-02-24 09:08:14','simulator'),(374,404,'sim-Line-1-2026-02-24-003-007-White Sugar W150 1000kg For Repack-006','sim-Line-1-2026-02-24-003','White Sugar W150 1000kg For Repack',6,10,24.9798,250,250,NULL,NULL,'sim-Line-1-2026-02-24-003-007White Sugar W150 1000kg For Repack006','White Sugar W150 1000kg For Repack006','2026-02-24 02:08:15',1,NULL,NULL,0,NULL,NULL),(375,404,'sim-Line-1-2026-02-24-003-007-White Sugar W150 1000kg For Repack-007','sim-Line-1-2026-02-24-003','White Sugar W150 1000kg For Repack',7,10,25.0055,250,250,NULL,NULL,'sim-Line-1-2026-02-24-003-007White Sugar W150 1000kg For Repack007','White Sugar W150 1000kg For Repack007','2026-02-24 02:08:15',1,NULL,NULL,1,'2026-02-24 09:08:14','simulator'),(376,404,'sim-Line-1-2026-02-24-003-007-White Sugar W150 1000kg For Repack-008','sim-Line-1-2026-02-24-003','White Sugar W150 1000kg For Repack',8,10,25.0492,250,250,NULL,NULL,'sim-Line-1-2026-02-24-003-007White Sugar W150 1000kg For Repack008','White Sugar W150 1000kg For Repack008','2026-02-24 02:08:16',1,NULL,NULL,1,'2026-02-24 09:08:14','simulator'),(377,404,'sim-Line-1-2026-02-24-003-007-White Sugar W150 1000kg For Repack-009','sim-Line-1-2026-02-24-003','White Sugar W150 1000kg For Repack',9,10,24.9794,250,250,NULL,NULL,'sim-Line-1-2026-02-24-003-007White Sugar W150 1000kg For Repack009','White Sugar W150 1000kg For Repack009','2026-02-24 02:08:16',1,NULL,NULL,0,NULL,NULL),(378,404,'sim-Line-1-2026-02-24-003-007-White Sugar W150 1000kg For Repack-010','sim-Line-1-2026-02-24-003','White Sugar W150 1000kg For Repack',10,10,25.0186,250,250,NULL,NULL,'sim-Line-1-2026-02-24-003-007White Sugar W150 1000kg For Repack010','White Sugar W150 1000kg For Repack010','2026-02-24 02:08:16',1,NULL,NULL,1,'2026-02-24 09:08:14','simulator'),(379,405,'sim-Line-1-2026-02-24-003-007-Potassium Sorbate-001','sim-Line-1-2026-02-24-003','Potassium Sorbate',1,1,0.7915,0.8,0.8,NULL,NULL,'sim-Line-1-2026-02-24-003-007Potassium Sorbate001','Potassium Sorbate001','2026-02-24 02:08:17',1,NULL,NULL,1,'2026-02-24 09:08:17','simulator'),(380,406,'sim-Line-1-2026-02-24-003-007-Sodium Benzoate-001','sim-Line-1-2026-02-24-003','Sodium Benzoate',1,1,0.1582,0.2,0.2,NULL,NULL,'sim-Line-1-2026-02-24-003-007Sodium Benzoate001','Sodium Benzoate001','2026-02-24 02:08:17',1,NULL,NULL,1,'2026-02-24 09:08:17','simulator'),(381,407,'sim-Line-1-2026-02-24-003-007-Malic Acid, 25 kgs/bag.-001','sim-Line-1-2026-02-24-003','Malic Acid, 25 kgs/bag.',1,1,0.1467,0.115,0.115,NULL,NULL,'sim-Line-1-2026-02-24-003-007Malic Acid, 25 kgs/bag.001','Malic Acid, 25 kgs/bag.001','2026-02-24 02:08:17',1,NULL,NULL,0,NULL,NULL),(382,408,'sim-Line-1-2026-02-24-003-007-CL001A-001','sim-Line-1-2026-02-24-003','CL001A',1,1,0.2114,0.2,0.2,NULL,NULL,'sim-Line-1-2026-02-24-003-007CL001A001','CL001A001','2026-02-24 02:08:17',1,NULL,NULL,0,NULL,NULL),(383,410,'sim-Line-1-2026-02-24-003-008-RO-Water-001','sim-Line-1-2026-02-24-003','RO-Water',1,15,25.0222,376.87,376.87,NULL,NULL,'sim-Line-1-2026-02-24-003-008RO-Water001','RO-Water001','2026-02-24 02:08:18',0,NULL,NULL,1,'2026-02-24 09:08:18','simulator'),(384,410,'sim-Line-1-2026-02-24-003-008-RO-Water-002','sim-Line-1-2026-02-24-003','RO-Water',2,15,24.9624,376.87,376.87,NULL,NULL,'sim-Line-1-2026-02-24-003-008RO-Water002','RO-Water002','2026-02-24 02:08:18',0,NULL,NULL,1,'2026-02-24 09:08:18','simulator'),(385,410,'sim-Line-1-2026-02-24-003-008-RO-Water-003','sim-Line-1-2026-02-24-003','RO-Water',3,15,25.0216,376.87,376.87,NULL,NULL,'sim-Line-1-2026-02-24-003-008RO-Water003','RO-Water003','2026-02-24 02:08:18',0,NULL,NULL,0,NULL,NULL),(386,410,'sim-Line-1-2026-02-24-003-008-RO-Water-004','sim-Line-1-2026-02-24-003','RO-Water',4,15,24.9729,376.87,376.87,NULL,NULL,'sim-Line-1-2026-02-24-003-008RO-Water004','RO-Water004','2026-02-24 02:08:18',0,NULL,NULL,1,'2026-02-24 09:08:18','simulator'),(387,410,'sim-Line-1-2026-02-24-003-008-RO-Water-005','sim-Line-1-2026-02-24-003','RO-Water',5,15,24.9746,376.87,376.87,NULL,NULL,'sim-Line-1-2026-02-24-003-008RO-Water005','RO-Water005','2026-02-24 02:08:18',0,NULL,NULL,0,NULL,NULL),(388,410,'sim-Line-1-2026-02-24-003-008-RO-Water-006','sim-Line-1-2026-02-24-003','RO-Water',6,15,25.0185,376.87,376.87,NULL,NULL,'sim-Line-1-2026-02-24-003-008RO-Water006','RO-Water006','2026-02-24 02:08:19',0,NULL,NULL,0,NULL,NULL),(389,410,'sim-Line-1-2026-02-24-003-008-RO-Water-007','sim-Line-1-2026-02-24-003','RO-Water',7,15,25.0373,376.87,376.87,NULL,NULL,'sim-Line-1-2026-02-24-003-008RO-Water007','RO-Water007','2026-02-24 02:08:19',0,NULL,NULL,0,NULL,NULL),(390,410,'sim-Line-1-2026-02-24-003-008-RO-Water-008','sim-Line-1-2026-02-24-003','RO-Water',8,15,25.0428,376.87,376.87,NULL,NULL,'sim-Line-1-2026-02-24-003-008RO-Water008','RO-Water008','2026-02-24 02:08:19',0,NULL,NULL,0,NULL,NULL),(391,410,'sim-Line-1-2026-02-24-003-008-RO-Water-009','sim-Line-1-2026-02-24-003','RO-Water',9,15,24.969,376.87,376.87,NULL,NULL,'sim-Line-1-2026-02-24-003-008RO-Water009','RO-Water009','2026-02-24 02:08:19',0,NULL,NULL,0,NULL,NULL),(392,410,'sim-Line-1-2026-02-24-003-008-RO-Water-010','sim-Line-1-2026-02-24-003','RO-Water',10,15,24.9632,376.87,376.87,NULL,NULL,'sim-Line-1-2026-02-24-003-008RO-Water010','RO-Water010','2026-02-24 02:08:19',0,NULL,NULL,0,NULL,NULL),(393,410,'sim-Line-1-2026-02-24-003-008-RO-Water-011','sim-Line-1-2026-02-24-003','RO-Water',11,15,25.0476,376.87,376.87,NULL,NULL,'sim-Line-1-2026-02-24-003-008RO-Water011','RO-Water011','2026-02-24 02:08:19',0,NULL,NULL,0,NULL,NULL),(394,410,'sim-Line-1-2026-02-24-003-008-RO-Water-012','sim-Line-1-2026-02-24-003','RO-Water',12,15,24.9517,376.87,376.87,NULL,NULL,'sim-Line-1-2026-02-24-003-008RO-Water012','RO-Water012','2026-02-24 02:08:19',0,NULL,NULL,0,NULL,NULL),(395,410,'sim-Line-1-2026-02-24-003-008-RO-Water-013','sim-Line-1-2026-02-24-003','RO-Water',13,15,24.9781,376.87,376.87,NULL,NULL,'sim-Line-1-2026-02-24-003-008RO-Water013','RO-Water013','2026-02-24 02:08:19',0,NULL,NULL,0,NULL,NULL),(396,410,'sim-Line-1-2026-02-24-003-008-RO-Water-014','sim-Line-1-2026-02-24-003','RO-Water',14,15,25.0494,376.87,376.87,NULL,NULL,'sim-Line-1-2026-02-24-003-008RO-Water014','RO-Water014','2026-02-24 02:08:19',0,NULL,NULL,0,NULL,NULL),(397,410,'sim-Line-1-2026-02-24-003-008-RO-Water-015','sim-Line-1-2026-02-24-003','RO-Water',15,15,26.9044,376.87,376.87,NULL,NULL,'sim-Line-1-2026-02-24-003-008RO-Water015','RO-Water015','2026-02-24 02:08:20',0,NULL,NULL,0,NULL,NULL),(398,413,'sim-Line-1-2026-02-24-003-008-Sodium Benzoate-001','sim-Line-1-2026-02-24-003','Sodium Benzoate',1,1,0.2353,0.2,0.2,NULL,NULL,'sim-Line-1-2026-02-24-003-008Sodium Benzoate001','Sodium Benzoate001','2026-02-24 02:08:20',0,NULL,NULL,0,NULL,NULL),(399,414,'sim-Line-1-2026-02-24-003-008-Malic Acid, 25 kgs/bag.-001','sim-Line-1-2026-02-24-003','Malic Acid, 25 kgs/bag.',1,1,0.1585,0.115,0.115,NULL,NULL,'sim-Line-1-2026-02-24-003-008Malic Acid, 25 kgs/bag.001','Malic Acid, 25 kgs/bag.001','2026-02-24 02:08:20',0,NULL,NULL,1,'2026-02-24 09:08:20','simulator'),(400,417,'sim-Line-1-2026-02-24-003-009-RO-Water-001','sim-Line-1-2026-02-24-003','RO-Water',1,15,24.9645,376.87,376.87,NULL,NULL,'sim-Line-1-2026-02-24-003-009RO-Water001','RO-Water001','2026-02-24 02:08:21',0,NULL,NULL,1,'2026-02-24 09:08:21','simulator'),(401,417,'sim-Line-1-2026-02-24-003-009-RO-Water-002','sim-Line-1-2026-02-24-003','RO-Water',2,15,24.9709,376.87,376.87,NULL,NULL,'sim-Line-1-2026-02-24-003-009RO-Water002','RO-Water002','2026-02-24 02:08:21',0,NULL,NULL,0,NULL,NULL),(402,417,'sim-Line-1-2026-02-24-003-009-RO-Water-003','sim-Line-1-2026-02-24-003','RO-Water',3,15,25.0274,376.87,376.87,NULL,NULL,'sim-Line-1-2026-02-24-003-009RO-Water003','RO-Water003','2026-02-24 02:08:21',0,NULL,NULL,0,NULL,NULL),(403,417,'sim-Line-1-2026-02-24-003-009-RO-Water-004','sim-Line-1-2026-02-24-003','RO-Water',4,15,25.0014,376.87,376.87,NULL,NULL,'sim-Line-1-2026-02-24-003-009RO-Water004','RO-Water004','2026-02-24 02:08:21',0,NULL,NULL,0,NULL,NULL),(404,417,'sim-Line-1-2026-02-24-003-009-RO-Water-005','sim-Line-1-2026-02-24-003','RO-Water',5,15,24.9977,376.87,376.87,NULL,NULL,'sim-Line-1-2026-02-24-003-009RO-Water005','RO-Water005','2026-02-24 02:08:21',0,NULL,NULL,0,NULL,NULL),(405,417,'sim-Line-1-2026-02-24-003-009-RO-Water-006','sim-Line-1-2026-02-24-003','RO-Water',6,15,24.963,376.87,376.87,NULL,NULL,'sim-Line-1-2026-02-24-003-009RO-Water006','RO-Water006','2026-02-24 02:08:21',0,NULL,NULL,0,NULL,NULL),(406,417,'sim-Line-1-2026-02-24-003-009-RO-Water-007','sim-Line-1-2026-02-24-003','RO-Water',7,15,24.9812,376.87,376.87,NULL,NULL,'sim-Line-1-2026-02-24-003-009RO-Water007','RO-Water007','2026-02-24 02:08:21',0,NULL,NULL,0,NULL,NULL),(407,417,'sim-Line-1-2026-02-24-003-009-RO-Water-008','sim-Line-1-2026-02-24-003','RO-Water',8,15,24.9825,376.87,376.87,NULL,NULL,'sim-Line-1-2026-02-24-003-009RO-Water008','RO-Water008','2026-02-24 02:08:21',0,NULL,NULL,0,NULL,NULL),(408,417,'sim-Line-1-2026-02-24-003-009-RO-Water-009','sim-Line-1-2026-02-24-003','RO-Water',9,15,24.989,376.87,376.87,NULL,NULL,'sim-Line-1-2026-02-24-003-009RO-Water009','RO-Water009','2026-02-24 02:08:21',0,NULL,NULL,0,NULL,NULL),(409,417,'sim-Line-1-2026-02-24-003-009-RO-Water-010','sim-Line-1-2026-02-24-003','RO-Water',10,15,25.0277,376.87,376.87,NULL,NULL,'sim-Line-1-2026-02-24-003-009RO-Water010','RO-Water010','2026-02-24 02:08:21',0,NULL,NULL,0,NULL,NULL),(410,417,'sim-Line-1-2026-02-24-003-009-RO-Water-011','sim-Line-1-2026-02-24-003','RO-Water',11,15,25.0434,376.87,376.87,NULL,NULL,'sim-Line-1-2026-02-24-003-009RO-Water011','RO-Water011','2026-02-24 02:08:21',0,NULL,NULL,0,NULL,NULL),(411,417,'sim-Line-1-2026-02-24-003-009-RO-Water-012','sim-Line-1-2026-02-24-003','RO-Water',12,15,24.9516,376.87,376.87,NULL,NULL,'sim-Line-1-2026-02-24-003-009RO-Water012','RO-Water012','2026-02-24 02:08:22',0,NULL,NULL,0,NULL,NULL),(412,417,'sim-Line-1-2026-02-24-003-009-RO-Water-013','sim-Line-1-2026-02-24-003','RO-Water',13,15,24.9914,376.87,376.87,NULL,NULL,'sim-Line-1-2026-02-24-003-009RO-Water013','RO-Water013','2026-02-24 02:08:22',0,NULL,NULL,0,NULL,NULL),(413,417,'sim-Line-1-2026-02-24-003-009-RO-Water-014','sim-Line-1-2026-02-24-003','RO-Water',14,15,25.0034,376.87,376.87,NULL,NULL,'sim-Line-1-2026-02-24-003-009RO-Water014','RO-Water014','2026-02-24 02:08:22',0,NULL,NULL,0,NULL,NULL),(414,417,'sim-Line-1-2026-02-24-003-009-RO-Water-015','sim-Line-1-2026-02-24-003','RO-Water',15,15,26.842,376.87,376.87,NULL,NULL,'sim-Line-1-2026-02-24-003-009RO-Water015','RO-Water015','2026-02-24 02:08:22',0,NULL,NULL,1,'2026-02-24 09:08:21','simulator'),(415,418,'sim-Line-1-2026-02-24-003-009-White Sugar W150 1000kg For Repack-001','sim-Line-1-2026-02-24-003','White Sugar W150 1000kg For Repack',1,10,24.9755,250,250,NULL,NULL,'sim-Line-1-2026-02-24-003-009White Sugar W150 1000kg For Repack001','White Sugar W150 1000kg For Repack001','2026-02-24 02:08:22',0,NULL,NULL,0,NULL,NULL),(416,418,'sim-Line-1-2026-02-24-003-009-White Sugar W150 1000kg For Repack-002','sim-Line-1-2026-02-24-003','White Sugar W150 1000kg For Repack',2,10,25.0241,250,250,NULL,NULL,'sim-Line-1-2026-02-24-003-009White Sugar W150 1000kg For Repack002','White Sugar W150 1000kg For Repack002','2026-02-24 02:08:22',0,NULL,NULL,1,'2026-02-24 09:08:22','simulator'),(417,418,'sim-Line-1-2026-02-24-003-009-White Sugar W150 1000kg For Repack-003','sim-Line-1-2026-02-24-003','White Sugar W150 1000kg For Repack',3,10,24.9997,250,250,NULL,NULL,'sim-Line-1-2026-02-24-003-009White Sugar W150 1000kg For Repack003','White Sugar W150 1000kg For Repack003','2026-02-24 02:08:22',0,NULL,NULL,0,NULL,NULL),(418,418,'sim-Line-1-2026-02-24-003-009-White Sugar W150 1000kg For Repack-004','sim-Line-1-2026-02-24-003','White Sugar W150 1000kg For Repack',4,10,25.0486,250,250,NULL,NULL,'sim-Line-1-2026-02-24-003-009White Sugar W150 1000kg For Repack004','White Sugar W150 1000kg For Repack004','2026-02-24 02:08:22',0,NULL,NULL,0,NULL,NULL),(419,418,'sim-Line-1-2026-02-24-003-009-White Sugar W150 1000kg For Repack-005','sim-Line-1-2026-02-24-003','White Sugar W150 1000kg For Repack',5,10,25.0193,250,250,NULL,NULL,'sim-Line-1-2026-02-24-003-009White Sugar W150 1000kg For Repack005','White Sugar W150 1000kg For Repack005','2026-02-24 02:08:22',0,NULL,NULL,1,'2026-02-24 09:08:22','simulator'),(420,418,'sim-Line-1-2026-02-24-003-009-White Sugar W150 1000kg For Repack-006','sim-Line-1-2026-02-24-003','White Sugar W150 1000kg For Repack',6,10,25.0187,250,250,NULL,NULL,'sim-Line-1-2026-02-24-003-009White Sugar W150 1000kg For Repack006','White Sugar W150 1000kg For Repack006','2026-02-24 02:08:22',0,NULL,NULL,0,NULL,NULL),(421,418,'sim-Line-1-2026-02-24-003-009-White Sugar W150 1000kg For Repack-007','sim-Line-1-2026-02-24-003','White Sugar W150 1000kg For Repack',7,10,25.0188,250,250,NULL,NULL,'sim-Line-1-2026-02-24-003-009White Sugar W150 1000kg For Repack007','White Sugar W150 1000kg For Repack007','2026-02-24 02:08:22',0,NULL,NULL,0,NULL,NULL),(422,418,'sim-Line-1-2026-02-24-003-009-White Sugar W150 1000kg For Repack-008','sim-Line-1-2026-02-24-003','White Sugar W150 1000kg For Repack',8,10,25.031,250,250,NULL,NULL,'sim-Line-1-2026-02-24-003-009White Sugar W150 1000kg For Repack008','White Sugar W150 1000kg For Repack008','2026-02-24 02:08:23',0,NULL,NULL,0,NULL,NULL),(423,418,'sim-Line-1-2026-02-24-003-009-White Sugar W150 1000kg For Repack-009','sim-Line-1-2026-02-24-003','White Sugar W150 1000kg For Repack',9,10,24.9891,250,250,NULL,NULL,'sim-Line-1-2026-02-24-003-009White Sugar W150 1000kg For Repack009','White Sugar W150 1000kg For Repack009','2026-02-24 02:08:23',0,NULL,NULL,0,NULL,NULL),(424,418,'sim-Line-1-2026-02-24-003-009-White Sugar W150 1000kg For Repack-010','sim-Line-1-2026-02-24-003','White Sugar W150 1000kg For Repack',10,10,24.9823,250,250,NULL,NULL,'sim-Line-1-2026-02-24-003-009White Sugar W150 1000kg For Repack010','White Sugar W150 1000kg For Repack010','2026-02-24 02:08:23',0,NULL,NULL,0,NULL,NULL),(425,419,'sim-Line-1-2026-02-24-003-009-Potassium Sorbate-001','sim-Line-1-2026-02-24-003','Potassium Sorbate',1,1,0.7753,0.8,0.8,NULL,NULL,'sim-Line-1-2026-02-24-003-009Potassium Sorbate001','Potassium Sorbate001','2026-02-24 02:08:23',0,NULL,NULL,1,'2026-02-24 09:08:23','simulator'),(426,420,'sim-Line-1-2026-02-24-003-009-Sodium Benzoate-001','sim-Line-1-2026-02-24-003','Sodium Benzoate',1,1,0.2199,0.2,0.2,NULL,NULL,'sim-Line-1-2026-02-24-003-009Sodium Benzoate001','Sodium Benzoate001','2026-02-24 02:08:23',0,NULL,NULL,0,NULL,NULL),(427,421,'sim-Line-1-2026-02-24-003-009-Malic Acid, 25 kgs/bag.-001','sim-Line-1-2026-02-24-003','Malic Acid, 25 kgs/bag.',1,1,0.1049,0.115,0.115,NULL,NULL,'sim-Line-1-2026-02-24-003-009Malic Acid, 25 kgs/bag.001','Malic Acid, 25 kgs/bag.001','2026-02-24 02:08:24',0,NULL,NULL,1,'2026-02-24 09:08:24','simulator'),(428,422,'sim-Line-1-2026-02-24-003-009-CL001A-001','sim-Line-1-2026-02-24-003','CL001A',1,1,0.1972,0.2,0.2,NULL,NULL,'sim-Line-1-2026-02-24-003-009CL001A001','CL001A001','2026-02-24 02:08:24',0,NULL,NULL,1,'2026-02-24 09:08:24','simulator'),(429,423,'sim-Line-1-2026-02-24-003-010-LS in Line-001','sim-Line-1-2026-02-24-003','LS in Line',1,1,371.712,371.71,371.71,NULL,NULL,'sim-Line-1-2026-02-24-003-010LS in Line001','LS in Line001','2026-02-24 02:08:24',0,NULL,NULL,0,NULL,NULL),(430,424,'sim-Line-1-2026-02-24-003-010-RO-Water-001','sim-Line-1-2026-02-24-003','RO-Water',1,15,24.991,376.87,376.87,NULL,NULL,'sim-Line-1-2026-02-24-003-010RO-Water001','RO-Water001','2026-02-24 02:08:24',0,NULL,NULL,0,NULL,NULL),(431,424,'sim-Line-1-2026-02-24-003-010-RO-Water-002','sim-Line-1-2026-02-24-003','RO-Water',2,15,25.0407,376.87,376.87,NULL,NULL,'sim-Line-1-2026-02-24-003-010RO-Water002','RO-Water002','2026-02-24 02:08:24',0,NULL,NULL,0,NULL,NULL),(432,424,'sim-Line-1-2026-02-24-003-010-RO-Water-003','sim-Line-1-2026-02-24-003','RO-Water',3,15,25.0224,376.87,376.87,NULL,NULL,'sim-Line-1-2026-02-24-003-010RO-Water003','RO-Water003','2026-02-24 02:08:25',0,NULL,NULL,0,NULL,NULL),(433,424,'sim-Line-1-2026-02-24-003-010-RO-Water-004','sim-Line-1-2026-02-24-003','RO-Water',4,15,24.9584,376.87,376.87,NULL,NULL,'sim-Line-1-2026-02-24-003-010RO-Water004','RO-Water004','2026-02-24 02:08:25',0,NULL,NULL,0,NULL,NULL),(434,424,'sim-Line-1-2026-02-24-003-010-RO-Water-005','sim-Line-1-2026-02-24-003','RO-Water',5,15,25.0352,376.87,376.87,NULL,NULL,'sim-Line-1-2026-02-24-003-010RO-Water005','RO-Water005','2026-02-24 02:08:25',0,NULL,NULL,0,NULL,NULL),(435,424,'sim-Line-1-2026-02-24-003-010-RO-Water-006','sim-Line-1-2026-02-24-003','RO-Water',6,15,24.9786,376.87,376.87,NULL,NULL,'sim-Line-1-2026-02-24-003-010RO-Water006','RO-Water006','2026-02-24 02:08:25',0,NULL,NULL,0,NULL,NULL),(436,424,'sim-Line-1-2026-02-24-003-010-RO-Water-007','sim-Line-1-2026-02-24-003','RO-Water',7,15,24.9887,376.87,376.87,NULL,NULL,'sim-Line-1-2026-02-24-003-010RO-Water007','RO-Water007','2026-02-24 02:08:25',0,NULL,NULL,1,'2026-02-24 09:08:25','simulator'),(437,424,'sim-Line-1-2026-02-24-003-010-RO-Water-008','sim-Line-1-2026-02-24-003','RO-Water',8,15,24.9769,376.87,376.87,NULL,NULL,'sim-Line-1-2026-02-24-003-010RO-Water008','RO-Water008','2026-02-24 02:08:25',0,NULL,NULL,0,NULL,NULL),(438,424,'sim-Line-1-2026-02-24-003-010-RO-Water-009','sim-Line-1-2026-02-24-003','RO-Water',9,15,24.9983,376.87,376.87,NULL,NULL,'sim-Line-1-2026-02-24-003-010RO-Water009','RO-Water009','2026-02-24 02:08:25',0,NULL,NULL,0,NULL,NULL),(439,424,'sim-Line-1-2026-02-24-003-010-RO-Water-010','sim-Line-1-2026-02-24-003','RO-Water',10,15,24.9693,376.87,376.87,NULL,NULL,'sim-Line-1-2026-02-24-003-010RO-Water010','RO-Water010','2026-02-24 02:08:25',0,NULL,NULL,0,NULL,NULL),(440,424,'sim-Line-1-2026-02-24-003-010-RO-Water-011','sim-Line-1-2026-02-24-003','RO-Water',11,15,25.0399,376.87,376.87,NULL,NULL,'sim-Line-1-2026-02-24-003-010RO-Water011','RO-Water011','2026-02-24 02:08:26',0,NULL,NULL,0,NULL,NULL),(441,424,'sim-Line-1-2026-02-24-003-010-RO-Water-012','sim-Line-1-2026-02-24-003','RO-Water',12,15,24.9821,376.87,376.87,NULL,NULL,'sim-Line-1-2026-02-24-003-010RO-Water012','RO-Water012','2026-02-24 02:08:26',0,NULL,NULL,0,NULL,NULL),(442,424,'sim-Line-1-2026-02-24-003-010-RO-Water-013','sim-Line-1-2026-02-24-003','RO-Water',13,15,24.9993,376.87,376.87,NULL,NULL,'sim-Line-1-2026-02-24-003-010RO-Water013','RO-Water013','2026-02-24 02:08:26',0,NULL,NULL,0,NULL,NULL),(443,424,'sim-Line-1-2026-02-24-003-010-RO-Water-014','sim-Line-1-2026-02-24-003','RO-Water',14,15,25.0026,376.87,376.87,NULL,NULL,'sim-Line-1-2026-02-24-003-010RO-Water014','RO-Water014','2026-02-24 02:08:26',0,NULL,NULL,0,NULL,NULL),(444,424,'sim-Line-1-2026-02-24-003-010-RO-Water-015','sim-Line-1-2026-02-24-003','RO-Water',15,15,26.8352,376.87,376.87,NULL,NULL,'sim-Line-1-2026-02-24-003-010RO-Water015','RO-Water015','2026-02-24 02:08:26',0,NULL,NULL,0,NULL,NULL),(445,425,'sim-Line-1-2026-02-24-003-010-White Sugar W150 1000kg For Repack-001','sim-Line-1-2026-02-24-003','White Sugar W150 1000kg For Repack',1,10,24.9743,250,250,NULL,NULL,'sim-Line-1-2026-02-24-003-010White Sugar W150 1000kg For Repack001','White Sugar W150 1000kg For Repack001','2026-02-24 02:08:26',0,NULL,NULL,0,NULL,NULL),(446,425,'sim-Line-1-2026-02-24-003-010-White Sugar W150 1000kg For Repack-002','sim-Line-1-2026-02-24-003','White Sugar W150 1000kg For Repack',2,10,25.0304,250,250,NULL,NULL,'sim-Line-1-2026-02-24-003-010White Sugar W150 1000kg For Repack002','White Sugar W150 1000kg For Repack002','2026-02-24 02:08:26',0,NULL,NULL,0,NULL,NULL),(447,425,'sim-Line-1-2026-02-24-003-010-White Sugar W150 1000kg For Repack-003','sim-Line-1-2026-02-24-003','White Sugar W150 1000kg For Repack',3,10,25.0353,250,250,NULL,NULL,'sim-Line-1-2026-02-24-003-010White Sugar W150 1000kg For Repack003','White Sugar W150 1000kg For Repack003','2026-02-24 02:08:27',0,NULL,NULL,0,NULL,NULL),(448,425,'sim-Line-1-2026-02-24-003-010-White Sugar W150 1000kg For Repack-004','sim-Line-1-2026-02-24-003','White Sugar W150 1000kg For Repack',4,10,24.9862,250,250,NULL,NULL,'sim-Line-1-2026-02-24-003-010White Sugar W150 1000kg For Repack004','White Sugar W150 1000kg For Repack004','2026-02-24 02:08:27',0,NULL,NULL,0,NULL,NULL),(449,425,'sim-Line-1-2026-02-24-003-010-White Sugar W150 1000kg For Repack-005','sim-Line-1-2026-02-24-003','White Sugar W150 1000kg For Repack',5,10,25.0323,250,250,NULL,NULL,'sim-Line-1-2026-02-24-003-010White Sugar W150 1000kg For Repack005','White Sugar W150 1000kg For Repack005','2026-02-24 02:08:27',0,NULL,NULL,0,NULL,NULL),(450,425,'sim-Line-1-2026-02-24-003-010-White Sugar W150 1000kg For Repack-006','sim-Line-1-2026-02-24-003','White Sugar W150 1000kg For Repack',6,10,24.9916,250,250,NULL,NULL,'sim-Line-1-2026-02-24-003-010White Sugar W150 1000kg For Repack006','White Sugar W150 1000kg For Repack006','2026-02-24 02:08:27',0,NULL,NULL,1,'2026-02-24 09:08:26','simulator'),(451,425,'sim-Line-1-2026-02-24-003-010-White Sugar W150 1000kg For Repack-007','sim-Line-1-2026-02-24-003','White Sugar W150 1000kg For Repack',7,10,24.9672,250,250,NULL,NULL,'sim-Line-1-2026-02-24-003-010White Sugar W150 1000kg For Repack007','White Sugar W150 1000kg For Repack007','2026-02-24 02:08:28',0,NULL,NULL,0,NULL,NULL),(452,425,'sim-Line-1-2026-02-24-003-010-White Sugar W150 1000kg For Repack-008','sim-Line-1-2026-02-24-003','White Sugar W150 1000kg For Repack',8,10,24.9748,250,250,NULL,NULL,'sim-Line-1-2026-02-24-003-010White Sugar W150 1000kg For Repack008','White Sugar W150 1000kg For Repack008','2026-02-24 02:08:28',0,NULL,NULL,0,NULL,NULL),(453,425,'sim-Line-1-2026-02-24-003-010-White Sugar W150 1000kg For Repack-009','sim-Line-1-2026-02-24-003','White Sugar W150 1000kg For Repack',9,10,25.0296,250,250,NULL,NULL,'sim-Line-1-2026-02-24-003-010White Sugar W150 1000kg For Repack009','White Sugar W150 1000kg For Repack009','2026-02-24 02:08:28',0,NULL,NULL,0,NULL,NULL),(454,425,'sim-Line-1-2026-02-24-003-010-White Sugar W150 1000kg For Repack-010','sim-Line-1-2026-02-24-003','White Sugar W150 1000kg For Repack',10,10,24.9541,250,250,NULL,NULL,'sim-Line-1-2026-02-24-003-010White Sugar W150 1000kg For Repack010','White Sugar W150 1000kg For Repack010','2026-02-24 02:08:28',0,NULL,NULL,0,NULL,NULL),(455,428,'sim-Line-1-2026-02-24-003-010-Malic Acid, 25 kgs/bag.-001','sim-Line-1-2026-02-24-003','Malic Acid, 25 kgs/bag.',1,1,0.1268,0.115,0.115,NULL,NULL,'sim-Line-1-2026-02-24-003-010Malic Acid, 25 kgs/bag.001','Malic Acid, 25 kgs/bag.001','2026-02-24 02:08:28',0,NULL,NULL,0,NULL,NULL),(456,429,'sim-Line-1-2026-02-24-003-010-CL001A-001','sim-Line-1-2026-02-24-003','CL001A',1,1,0.1544,0.2,0.2,NULL,NULL,'sim-Line-1-2026-02-24-003-010CL001A001','CL001A001','2026-02-24 02:08:29',0,NULL,NULL,1,'2026-02-24 09:08:29','simulator'),(457,430,'sim-Line-2-2026-02-24-001-001-MIS-001','sim-Line-2-2026-02-24-001','MIS',1,1,787.009,787.019,787.019,NULL,NULL,'sim-Line-2-2026-02-24-001-001MIS001','MIS001','2026-02-24 02:08:31',1,NULL,NULL,0,NULL,NULL),(458,431,'sim-Line-2-2026-02-24-001-001-RO-Water-001','sim-Line-2-2026-02-24-001','RO-Water',1,5,24.9804,140,140,NULL,NULL,'sim-Line-2-2026-02-24-001-001RO-Water001','RO-Water001','2026-02-24 02:08:31',1,NULL,NULL,1,'2026-02-24 09:08:32','simulator'),(459,431,'sim-Line-2-2026-02-24-001-001-RO-Water-002','sim-Line-2-2026-02-24-001','RO-Water',2,5,24.9592,140,140,NULL,NULL,'sim-Line-2-2026-02-24-001-001RO-Water002','RO-Water002','2026-02-24 02:08:32',1,NULL,NULL,0,NULL,NULL),(460,431,'sim-Line-2-2026-02-24-001-001-RO-Water-003','sim-Line-2-2026-02-24-001','RO-Water',3,5,24.9652,140,140,NULL,NULL,'sim-Line-2-2026-02-24-001-001RO-Water003','RO-Water003','2026-02-24 02:08:32',1,NULL,NULL,1,'2026-02-24 09:08:32','simulator'),(461,431,'sim-Line-2-2026-02-24-001-001-RO-Water-004','sim-Line-2-2026-02-24-001','RO-Water',4,5,24.9787,140,140,NULL,NULL,'sim-Line-2-2026-02-24-001-001RO-Water004','RO-Water004','2026-02-24 02:08:32',1,NULL,NULL,1,'2026-02-24 09:08:32','simulator'),(462,431,'sim-Line-2-2026-02-24-001-001-RO-Water-005','sim-Line-2-2026-02-24-001','RO-Water',5,5,39.9626,140,140,NULL,NULL,'sim-Line-2-2026-02-24-001-001RO-Water005','RO-Water005','2026-02-24 02:08:32',1,NULL,NULL,0,NULL,NULL),(463,432,'sim-Line-2-2026-02-24-001-001-CPK Keltrol-001','sim-Line-2-2026-02-24-001','CPK Keltrol',1,1,0.1682,0.2,0.2,NULL,NULL,'sim-Line-2-2026-02-24-001-001CPK Keltrol001','CPK Keltrol001','2026-02-24 02:08:32',1,NULL,NULL,0,NULL,NULL),(464,433,'sim-Line-2-2026-02-24-001-001-W100 CG 50 kg-001','sim-Line-2-2026-02-24-001','W100 CG 50 kg',1,1,1.0029,1,1,NULL,NULL,'sim-Line-2-2026-02-24-001-001W100 CG 50 kg001','W100 CG 50 kg001','2026-02-24 02:08:32',1,NULL,NULL,0,NULL,NULL),(465,434,'sim-Line-2-2026-02-24-001-001-Potassium Sorbate-001','sim-Line-2-2026-02-24-001','Potassium Sorbate',1,1,0.5031,0.5,0.5,NULL,NULL,'sim-Line-2-2026-02-24-001-001Potassium Sorbate001','Potassium Sorbate001','2026-02-24 02:08:32',1,NULL,NULL,1,'2026-02-24 09:08:33','simulator'),(466,435,'sim-Line-2-2026-02-24-001-001-Sodium Benzoate-001','sim-Line-2-2026-02-24-001','Sodium Benzoate',1,1,0.4611,0.5,0.5,NULL,NULL,'sim-Line-2-2026-02-24-001-001Sodium Benzoate001','Sodium Benzoate001','2026-02-24 02:08:33',1,NULL,NULL,1,'2026-02-24 09:08:33','simulator'),(467,436,'sim-Line-2-2026-02-24-001-001-Trisodium Citrate-001','sim-Line-2-2026-02-24-001','Trisodium Citrate',1,3,0.9629,3,3,NULL,NULL,'sim-Line-2-2026-02-24-001-001Trisodium Citrate001','Trisodium Citrate001','2026-02-24 02:08:33',1,NULL,NULL,1,'2026-02-24 09:08:33','simulator'),(468,436,'sim-Line-2-2026-02-24-001-001-Trisodium Citrate-002','sim-Line-2-2026-02-24-001','Trisodium Citrate',2,3,0.9943,3,3,NULL,NULL,'sim-Line-2-2026-02-24-001-001Trisodium Citrate002','Trisodium Citrate002','2026-02-24 02:08:33',1,NULL,NULL,1,'2026-02-24 09:08:33','simulator'),(469,436,'sim-Line-2-2026-02-24-001-001-Trisodium Citrate-003','sim-Line-2-2026-02-24-001','Trisodium Citrate',3,3,1.0421,3,3,NULL,NULL,'sim-Line-2-2026-02-24-001-001Trisodium Citrate003','Trisodium Citrate003','2026-02-24 02:08:33',1,NULL,NULL,1,'2026-02-24 09:08:33','simulator'),(470,437,'sim-Line-2-2026-02-24-001-001-Citric Acid-001','sim-Line-2-2026-02-24-001','Citric Acid',1,1,10.0369,10,10,NULL,NULL,'sim-Line-2-2026-02-24-001-001Citric Acid001','Citric Acid001','2026-02-24 02:08:33',1,NULL,NULL,0,NULL,NULL),(471,438,'sim-Line-2-2026-02-24-001-001-CL004A-001','sim-Line-2-2026-02-24-001','CL004A',1,1,0.3278,0.28,0.28,NULL,NULL,'sim-Line-2-2026-02-24-001-001CL004A001','CL004A001','2026-02-24 02:08:34',1,NULL,NULL,0,NULL,NULL),(472,439,'sim-Line-2-2026-02-24-001-001-CL005A-001','sim-Line-2-2026-02-24-001','CL005A',1,1,0.0039,0.0014,0.0014,NULL,NULL,'sim-Line-2-2026-02-24-001-001CL005A001','CL005A001','2026-02-24 02:08:34',1,NULL,NULL,1,'2026-02-24 09:08:34','simulator'),(473,440,'sim-Line-2-2026-02-24-001-001-Mixed Berry Concentrate-001','sim-Line-2-2026-02-24-001','Mixed Berry Concentrate',1,1,20.0406,20,20,NULL,NULL,'sim-Line-2-2026-02-24-001-001Mixed Berry Concentrate001','Mixed Berry Concentrate001','2026-02-24 02:08:34',1,NULL,NULL,1,'2026-02-24 09:08:34','simulator'),(474,441,'sim-Line-2-2026-02-24-001-001-Frozen Pomegranate Concentrate (DKSH)-001','sim-Line-2-2026-02-24-001','Frozen Pomegranate Concentrate (DKSH)',1,1,29.9851,30,30,NULL,NULL,'sim-Line-2-2026-02-24-001-001Frozen Pomegranate Concentrate (DKSH)001','Frozen Pomegranate Concentrate (DKSH)001','2026-02-24 02:08:34',1,NULL,NULL,1,'2026-02-24 09:08:34','simulator'),(475,442,'sim-Line-2-2026-02-24-001-001-FV059A-001','sim-Line-2-2026-02-24-001','FV059A',1,1,5.0455,5,5,NULL,NULL,'sim-Line-2-2026-02-24-001-001FV059A001','FV059A001','2026-02-24 02:08:34',1,NULL,NULL,0,NULL,NULL),(476,443,'sim-Line-2-2026-02-24-001-001-FV064A-001','sim-Line-2-2026-02-24-001','FV064A',1,1,1.9859,2,2,NULL,NULL,'sim-Line-2-2026-02-24-001-001FV064A001','FV064A001','2026-02-24 02:08:35',1,NULL,NULL,0,NULL,NULL),(477,444,'sim-Line-2-2026-02-24-001-002-MIS-001','sim-Line-2-2026-02-24-001','MIS',1,1,787.04,787.019,787.019,NULL,NULL,'sim-Line-2-2026-02-24-001-002MIS001','MIS001','2026-02-24 02:08:35',0,NULL,NULL,1,'2026-02-24 09:08:35','simulator'),(478,447,'sim-Line-2-2026-02-24-001-002-W100 CG 50 kg-001','sim-Line-2-2026-02-24-001','W100 CG 50 kg',1,1,0.994,1,1,NULL,NULL,'sim-Line-2-2026-02-24-001-002W100 CG 50 kg001','W100 CG 50 kg001','2026-02-24 02:08:36',0,NULL,NULL,1,'2026-02-24 09:08:36','simulator'),(479,448,'sim-Line-2-2026-02-24-001-002-Potassium Sorbate-001','sim-Line-2-2026-02-24-001','Potassium Sorbate',1,1,0.5108,0.5,0.5,NULL,NULL,'sim-Line-2-2026-02-24-001-002Potassium Sorbate001','Potassium Sorbate001','2026-02-24 02:08:36',0,NULL,NULL,0,NULL,NULL),(480,449,'sim-Line-2-2026-02-24-001-002-Sodium Benzoate-001','sim-Line-2-2026-02-24-001','Sodium Benzoate',1,1,0.4881,0.5,0.5,NULL,NULL,'sim-Line-2-2026-02-24-001-002Sodium Benzoate001','Sodium Benzoate001','2026-02-24 02:08:37',0,NULL,NULL,0,NULL,NULL),(481,450,'sim-Line-2-2026-02-24-001-002-Trisodium Citrate-001','sim-Line-2-2026-02-24-001','Trisodium Citrate',1,3,0.9514,3,3,NULL,NULL,'sim-Line-2-2026-02-24-001-002Trisodium Citrate001','Trisodium Citrate001','2026-02-24 02:08:37',0,NULL,NULL,0,NULL,NULL),(482,450,'sim-Line-2-2026-02-24-001-002-Trisodium Citrate-002','sim-Line-2-2026-02-24-001','Trisodium Citrate',2,3,1.0027,3,3,NULL,NULL,'sim-Line-2-2026-02-24-001-002Trisodium Citrate002','Trisodium Citrate002','2026-02-24 02:08:37',0,NULL,NULL,0,NULL,NULL),(483,450,'sim-Line-2-2026-02-24-001-002-Trisodium Citrate-003','sim-Line-2-2026-02-24-001','Trisodium Citrate',3,3,0.9532,3,3,NULL,NULL,'sim-Line-2-2026-02-24-001-002Trisodium Citrate003','Trisodium Citrate003','2026-02-24 02:08:38',0,NULL,NULL,1,'2026-02-24 09:08:37','simulator'),(484,451,'sim-Line-2-2026-02-24-001-002-Citric Acid-001','sim-Line-2-2026-02-24-001','Citric Acid',1,1,10.0386,10,10,NULL,NULL,'sim-Line-2-2026-02-24-001-002Citric Acid001','Citric Acid001','2026-02-24 02:08:38',0,NULL,NULL,1,'2026-02-24 09:08:38','simulator'),(485,453,'sim-Line-2-2026-02-24-001-002-CL005A-001','sim-Line-2-2026-02-24-001','CL005A',1,1,0.0274,0.0014,0.0014,NULL,NULL,'sim-Line-2-2026-02-24-001-002CL005A001','CL005A001','2026-02-24 02:08:39',0,NULL,NULL,0,NULL,NULL),(486,454,'sim-Line-2-2026-02-24-001-002-Mixed Berry Concentrate-001','sim-Line-2-2026-02-24-001','Mixed Berry Concentrate',1,1,19.9914,20,20,NULL,NULL,'sim-Line-2-2026-02-24-001-002Mixed Berry Concentrate001','Mixed Berry Concentrate001','2026-02-24 02:08:39',0,NULL,NULL,0,NULL,NULL),(487,455,'sim-Line-2-2026-02-24-001-002-Frozen Pomegranate Concentrate (DKSH)-001','sim-Line-2-2026-02-24-001','Frozen Pomegranate Concentrate (DKSH)',1,1,29.9616,30,30,NULL,NULL,'sim-Line-2-2026-02-24-001-002Frozen Pomegranate Concentrate (DKSH)001','Frozen Pomegranate Concentrate (DKSH)001','2026-02-24 02:08:39',0,NULL,NULL,1,'2026-02-24 09:08:40','simulator'),(488,456,'sim-Line-2-2026-02-24-001-002-FV059A-001','sim-Line-2-2026-02-24-001','FV059A',1,1,4.9527,5,5,NULL,NULL,'sim-Line-2-2026-02-24-001-002FV059A001','FV059A001','2026-02-24 02:08:40',0,NULL,NULL,0,NULL,NULL),(489,457,'sim-Line-2-2026-02-24-001-002-FV064A-001','sim-Line-2-2026-02-24-001','FV064A',1,1,1.9776,2,2,NULL,NULL,'sim-Line-2-2026-02-24-001-002FV064A001','FV064A001','2026-02-24 02:08:40',0,NULL,NULL,0,NULL,NULL),(490,458,'sim-Line-2-2026-02-24-001-003-MIS-001','sim-Line-2-2026-02-24-001','MIS',1,1,786.998,787.019,787.019,NULL,NULL,'sim-Line-2-2026-02-24-001-003MIS001','MIS001','2026-02-24 02:08:40',1,NULL,NULL,1,'2026-02-24 09:08:41','simulator'),(491,459,'sim-Line-2-2026-02-24-001-003-RO-Water-001','sim-Line-2-2026-02-24-001','RO-Water',1,5,25.0366,140,140,NULL,NULL,'sim-Line-2-2026-02-24-001-003RO-Water001','RO-Water001','2026-02-24 02:08:40',1,NULL,NULL,1,'2026-02-24 09:08:41','simulator'),(492,459,'sim-Line-2-2026-02-24-001-003-RO-Water-002','sim-Line-2-2026-02-24-001','RO-Water',2,5,24.9951,140,140,NULL,NULL,'sim-Line-2-2026-02-24-001-003RO-Water002','RO-Water002','2026-02-24 02:08:40',1,NULL,NULL,0,NULL,NULL),(493,459,'sim-Line-2-2026-02-24-001-003-RO-Water-003','sim-Line-2-2026-02-24-001','RO-Water',3,5,25.0053,140,140,NULL,NULL,'sim-Line-2-2026-02-24-001-003RO-Water003','RO-Water003','2026-02-24 02:08:41',1,NULL,NULL,0,NULL,NULL),(494,459,'sim-Line-2-2026-02-24-001-003-RO-Water-004','sim-Line-2-2026-02-24-001','RO-Water',4,5,24.9889,140,140,NULL,NULL,'sim-Line-2-2026-02-24-001-003RO-Water004','RO-Water004','2026-02-24 02:08:41',1,NULL,NULL,0,NULL,NULL),(495,459,'sim-Line-2-2026-02-24-001-003-RO-Water-005','sim-Line-2-2026-02-24-001','RO-Water',5,5,40.0009,140,140,NULL,NULL,'sim-Line-2-2026-02-24-001-003RO-Water005','RO-Water005','2026-02-24 02:08:41',1,NULL,NULL,0,NULL,NULL),(496,460,'sim-Line-2-2026-02-24-001-003-CPK Keltrol-001','sim-Line-2-2026-02-24-001','CPK Keltrol',1,1,0.2388,0.2,0.2,NULL,NULL,'sim-Line-2-2026-02-24-001-003CPK Keltrol001','CPK Keltrol001','2026-02-24 02:08:41',1,NULL,NULL,0,NULL,NULL),(497,461,'sim-Line-2-2026-02-24-001-003-W100 CG 50 kg-001','sim-Line-2-2026-02-24-001','W100 CG 50 kg',1,1,0.9818,1,1,NULL,NULL,'sim-Line-2-2026-02-24-001-003W100 CG 50 kg001','W100 CG 50 kg001','2026-02-24 02:08:41',1,NULL,NULL,0,NULL,NULL),(498,462,'sim-Line-2-2026-02-24-001-003-Potassium Sorbate-001','sim-Line-2-2026-02-24-001','Potassium Sorbate',1,1,0.5175,0.5,0.5,NULL,NULL,'sim-Line-2-2026-02-24-001-003Potassium Sorbate001','Potassium Sorbate001','2026-02-24 02:08:41',1,NULL,NULL,0,NULL,NULL),(499,463,'sim-Line-2-2026-02-24-001-003-Sodium Benzoate-001','sim-Line-2-2026-02-24-001','Sodium Benzoate',1,1,0.4728,0.5,0.5,NULL,NULL,'sim-Line-2-2026-02-24-001-003Sodium Benzoate001','Sodium Benzoate001','2026-02-24 02:08:41',1,NULL,NULL,1,'2026-02-24 09:08:42','simulator'),(500,464,'sim-Line-2-2026-02-24-001-003-Trisodium Citrate-001','sim-Line-2-2026-02-24-001','Trisodium Citrate',1,3,0.9614,3,3,NULL,NULL,'sim-Line-2-2026-02-24-001-003Trisodium Citrate001','Trisodium Citrate001','2026-02-24 02:08:42',1,NULL,NULL,1,'2026-02-24 09:08:42','simulator'),(501,464,'sim-Line-2-2026-02-24-001-003-Trisodium Citrate-002','sim-Line-2-2026-02-24-001','Trisodium Citrate',2,3,0.9959,3,3,NULL,NULL,'sim-Line-2-2026-02-24-001-003Trisodium Citrate002','Trisodium Citrate002','2026-02-24 02:08:42',1,NULL,NULL,0,NULL,NULL),(502,464,'sim-Line-2-2026-02-24-001-003-Trisodium Citrate-003','sim-Line-2-2026-02-24-001','Trisodium Citrate',3,3,1.032,3,3,NULL,NULL,'sim-Line-2-2026-02-24-001-003Trisodium Citrate003','Trisodium Citrate003','2026-02-24 02:08:42',1,NULL,NULL,0,NULL,NULL),(503,465,'sim-Line-2-2026-02-24-001-003-Citric Acid-001','sim-Line-2-2026-02-24-001','Citric Acid',1,1,9.9945,10,10,NULL,NULL,'sim-Line-2-2026-02-24-001-003Citric Acid001','Citric Acid001','2026-02-24 02:08:42',1,NULL,NULL,1,'2026-02-24 09:08:42','simulator'),(504,466,'sim-Line-2-2026-02-24-001-003-CL004A-001','sim-Line-2-2026-02-24-001','CL004A',1,1,0.2421,0.28,0.28,NULL,NULL,'sim-Line-2-2026-02-24-001-003CL004A001','CL004A001','2026-02-24 02:08:42',1,NULL,NULL,0,NULL,NULL),(505,467,'sim-Line-2-2026-02-24-001-003-CL005A-001','sim-Line-2-2026-02-24-001','CL005A',1,1,0.0372,0.0014,0.0014,NULL,NULL,'sim-Line-2-2026-02-24-001-003CL005A001','CL005A001','2026-02-24 02:08:43',1,NULL,NULL,1,'2026-02-24 09:08:43','simulator'),(506,468,'sim-Line-2-2026-02-24-001-003-Mixed Berry Concentrate-001','sim-Line-2-2026-02-24-001','Mixed Berry Concentrate',1,1,19.9832,20,20,NULL,NULL,'sim-Line-2-2026-02-24-001-003Mixed Berry Concentrate001','Mixed Berry Concentrate001','2026-02-24 02:08:43',1,NULL,NULL,0,NULL,NULL),(507,469,'sim-Line-2-2026-02-24-001-003-Frozen Pomegranate Concentrate (DKSH)-001','sim-Line-2-2026-02-24-001','Frozen Pomegranate Concentrate (DKSH)',1,1,30.02,30,30,NULL,NULL,'sim-Line-2-2026-02-24-001-003Frozen Pomegranate Concentrate (DKSH)001','Frozen Pomegranate Concentrate (DKSH)001','2026-02-24 02:08:44',1,NULL,NULL,0,NULL,NULL),(508,470,'sim-Line-2-2026-02-24-001-003-FV059A-001','sim-Line-2-2026-02-24-001','FV059A',1,1,4.9777,5,5,NULL,NULL,'sim-Line-2-2026-02-24-001-003FV059A001','FV059A001','2026-02-24 02:08:44',1,NULL,NULL,0,NULL,NULL),(509,471,'sim-Line-2-2026-02-24-001-003-FV064A-001','sim-Line-2-2026-02-24-001','FV064A',1,1,1.972,2,2,NULL,NULL,'sim-Line-2-2026-02-24-001-003FV064A001','FV064A001','2026-02-24 02:08:44',1,NULL,NULL,1,'2026-02-24 09:08:44','simulator'),(510,472,'sim-Line-2-2026-02-24-001-004-MIS-001','sim-Line-2-2026-02-24-001','MIS',1,1,787.034,787.019,787.019,NULL,NULL,'sim-Line-2-2026-02-24-001-004MIS001','MIS001','2026-02-24 02:08:45',0,NULL,NULL,0,NULL,NULL),(511,473,'sim-Line-2-2026-02-24-001-004-RO-Water-001','sim-Line-2-2026-02-24-001','RO-Water',1,5,25.0366,140,140,NULL,NULL,'sim-Line-2-2026-02-24-001-004RO-Water001','RO-Water001','2026-02-24 02:08:45',0,NULL,NULL,0,NULL,NULL),(512,473,'sim-Line-2-2026-02-24-001-004-RO-Water-002','sim-Line-2-2026-02-24-001','RO-Water',2,5,24.984,140,140,NULL,NULL,'sim-Line-2-2026-02-24-001-004RO-Water002','RO-Water002','2026-02-24 02:08:45',0,NULL,NULL,0,NULL,NULL),(513,473,'sim-Line-2-2026-02-24-001-004-RO-Water-003','sim-Line-2-2026-02-24-001','RO-Water',3,5,24.9805,140,140,NULL,NULL,'sim-Line-2-2026-02-24-001-004RO-Water003','RO-Water003','2026-02-24 02:08:45',0,NULL,NULL,1,'2026-02-24 09:08:45','simulator'),(514,473,'sim-Line-2-2026-02-24-001-004-RO-Water-004','sim-Line-2-2026-02-24-001','RO-Water',4,5,25.0035,140,140,NULL,NULL,'sim-Line-2-2026-02-24-001-004RO-Water004','RO-Water004','2026-02-24 02:08:45',0,NULL,NULL,1,'2026-02-24 09:08:45','simulator'),(515,473,'sim-Line-2-2026-02-24-001-004-RO-Water-005','sim-Line-2-2026-02-24-001','RO-Water',5,5,40.0168,140,140,NULL,NULL,'sim-Line-2-2026-02-24-001-004RO-Water005','RO-Water005','2026-02-24 02:08:45',0,NULL,NULL,0,NULL,NULL),(516,475,'sim-Line-2-2026-02-24-001-004-W100 CG 50 kg-001','sim-Line-2-2026-02-24-001','W100 CG 50 kg',1,1,1.0453,1,1,NULL,NULL,'sim-Line-2-2026-02-24-001-004W100 CG 50 kg001','W100 CG 50 kg001','2026-02-24 02:08:46',0,NULL,NULL,0,NULL,NULL),(517,476,'sim-Line-2-2026-02-24-001-004-Potassium Sorbate-001','sim-Line-2-2026-02-24-001','Potassium Sorbate',1,1,0.5232,0.5,0.5,NULL,NULL,'sim-Line-2-2026-02-24-001-004Potassium Sorbate001','Potassium Sorbate001','2026-02-24 02:08:46',0,NULL,NULL,0,NULL,NULL),(518,477,'sim-Line-2-2026-02-24-001-004-Sodium Benzoate-001','sim-Line-2-2026-02-24-001','Sodium Benzoate',1,1,0.5066,0.5,0.5,NULL,NULL,'sim-Line-2-2026-02-24-001-004Sodium Benzoate001','Sodium Benzoate001','2026-02-24 02:08:46',0,NULL,NULL,1,'2026-02-24 09:08:46','simulator'),(519,478,'sim-Line-2-2026-02-24-001-004-Trisodium Citrate-001','sim-Line-2-2026-02-24-001','Trisodium Citrate',1,3,1.0428,3,3,NULL,NULL,'sim-Line-2-2026-02-24-001-004Trisodium Citrate001','Trisodium Citrate001','2026-02-24 02:08:46',0,NULL,NULL,0,NULL,NULL),(520,478,'sim-Line-2-2026-02-24-001-004-Trisodium Citrate-002','sim-Line-2-2026-02-24-001','Trisodium Citrate',2,3,0.9715,3,3,NULL,NULL,'sim-Line-2-2026-02-24-001-004Trisodium Citrate002','Trisodium Citrate002','2026-02-24 02:08:46',0,NULL,NULL,0,NULL,NULL),(521,478,'sim-Line-2-2026-02-24-001-004-Trisodium Citrate-003','sim-Line-2-2026-02-24-001','Trisodium Citrate',3,3,1.0124,3,3,NULL,NULL,'sim-Line-2-2026-02-24-001-004Trisodium Citrate003','Trisodium Citrate003','2026-02-24 02:08:46',0,NULL,NULL,0,NULL,NULL),(522,481,'sim-Line-2-2026-02-24-001-004-CL005A-001','sim-Line-2-2026-02-24-001','CL005A',1,1,0.0013,0.0014,0.0014,NULL,NULL,'sim-Line-2-2026-02-24-001-004CL005A001','CL005A001','2026-02-24 02:08:47',0,NULL,NULL,1,'2026-02-24 09:08:47','simulator'),(523,482,'sim-Line-2-2026-02-24-001-004-Mixed Berry Concentrate-001','sim-Line-2-2026-02-24-001','Mixed Berry Concentrate',1,1,19.956,20,20,NULL,NULL,'sim-Line-2-2026-02-24-001-004Mixed Berry Concentrate001','Mixed Berry Concentrate001','2026-02-24 02:08:47',0,NULL,NULL,0,NULL,NULL),(524,484,'sim-Line-2-2026-02-24-001-004-FV059A-001','sim-Line-2-2026-02-24-001','FV059A',1,1,5.0431,5,5,NULL,NULL,'sim-Line-2-2026-02-24-001-004FV059A001','FV059A001','2026-02-24 02:08:47',0,NULL,NULL,0,NULL,NULL),(525,485,'sim-Line-2-2026-02-24-001-004-FV064A-001','sim-Line-2-2026-02-24-001','FV064A',1,1,1.9941,2,2,NULL,NULL,'sim-Line-2-2026-02-24-001-004FV064A001','FV064A001','2026-02-24 02:08:47',0,NULL,NULL,1,'2026-02-24 09:08:48','simulator'),(526,487,'sim-Line-2-2026-02-24-003-001-MIS-001','sim-Line-2-2026-02-24-003','MIS',1,1,400.003,400,400,NULL,NULL,'sim-Line-2-2026-02-24-003-001MIS001','MIS001','2026-02-24 02:08:48',0,NULL,NULL,1,'2026-02-24 09:08:48','simulator'),(527,489,'sim-Line-2-2026-02-24-003-002-MIS-001','sim-Line-2-2026-02-24-003','MIS',1,1,399.973,400,400,NULL,NULL,'sim-Line-2-2026-02-24-003-002MIS001','MIS001','2026-02-24 02:08:49',0,NULL,NULL,0,NULL,NULL),(528,491,'sim-Line-2-2026-02-24-003-003-MIS-001','sim-Line-2-2026-02-24-003','MIS',1,1,400.013,400,400,NULL,NULL,'sim-Line-2-2026-02-24-003-003MIS001','MIS001','2026-02-24 02:08:49',0,NULL,NULL,0,NULL,NULL),(529,492,'sim-Line-2-2026-02-24-003-004-RO-Water-001','sim-Line-2-2026-02-24-003','RO-Water',1,28,25.0103,700,700,NULL,NULL,'sim-Line-2-2026-02-24-003-004RO-Water001','RO-Water001','2026-02-24 02:08:50',0,NULL,NULL,0,NULL,NULL),(530,492,'sim-Line-2-2026-02-24-003-004-RO-Water-002','sim-Line-2-2026-02-24-003','RO-Water',2,28,25.0094,700,700,NULL,NULL,'sim-Line-2-2026-02-24-003-004RO-Water002','RO-Water002','2026-02-24 02:08:50',0,NULL,NULL,0,NULL,NULL),(531,492,'sim-Line-2-2026-02-24-003-004-RO-Water-003','sim-Line-2-2026-02-24-003','RO-Water',3,28,25.0164,700,700,NULL,NULL,'sim-Line-2-2026-02-24-003-004RO-Water003','RO-Water003','2026-02-24 02:08:50',0,NULL,NULL,0,NULL,NULL),(532,492,'sim-Line-2-2026-02-24-003-004-RO-Water-004','sim-Line-2-2026-02-24-003','RO-Water',4,28,24.9793,700,700,NULL,NULL,'sim-Line-2-2026-02-24-003-004RO-Water004','RO-Water004','2026-02-24 02:08:50',0,NULL,NULL,1,'2026-02-24 09:08:50','simulator'),(533,492,'sim-Line-2-2026-02-24-003-004-RO-Water-005','sim-Line-2-2026-02-24-003','RO-Water',5,28,25.0259,700,700,NULL,NULL,'sim-Line-2-2026-02-24-003-004RO-Water005','RO-Water005','2026-02-24 02:08:50',0,NULL,NULL,1,'2026-02-24 09:08:50','simulator'),(534,492,'sim-Line-2-2026-02-24-003-004-RO-Water-006','sim-Line-2-2026-02-24-003','RO-Water',6,28,25.0347,700,700,NULL,NULL,'sim-Line-2-2026-02-24-003-004RO-Water006','RO-Water006','2026-02-24 02:08:50',0,NULL,NULL,1,'2026-02-24 09:08:50','simulator'),(535,492,'sim-Line-2-2026-02-24-003-004-RO-Water-007','sim-Line-2-2026-02-24-003','RO-Water',7,28,24.9518,700,700,NULL,NULL,'sim-Line-2-2026-02-24-003-004RO-Water007','RO-Water007','2026-02-24 02:08:50',0,NULL,NULL,1,'2026-02-24 09:08:50','simulator'),(536,492,'sim-Line-2-2026-02-24-003-004-RO-Water-008','sim-Line-2-2026-02-24-003','RO-Water',8,28,25.0027,700,700,NULL,NULL,'sim-Line-2-2026-02-24-003-004RO-Water008','RO-Water008','2026-02-24 02:08:50',0,NULL,NULL,0,NULL,NULL),(537,492,'sim-Line-2-2026-02-24-003-004-RO-Water-009','sim-Line-2-2026-02-24-003','RO-Water',9,28,25.0146,700,700,NULL,NULL,'sim-Line-2-2026-02-24-003-004RO-Water009','RO-Water009','2026-02-24 02:08:50',0,NULL,NULL,0,NULL,NULL),(538,492,'sim-Line-2-2026-02-24-003-004-RO-Water-010','sim-Line-2-2026-02-24-003','RO-Water',10,28,25.0218,700,700,NULL,NULL,'sim-Line-2-2026-02-24-003-004RO-Water010','RO-Water010','2026-02-24 02:08:50',0,NULL,NULL,0,NULL,NULL),(539,492,'sim-Line-2-2026-02-24-003-004-RO-Water-011','sim-Line-2-2026-02-24-003','RO-Water',11,28,25.0203,700,700,NULL,NULL,'sim-Line-2-2026-02-24-003-004RO-Water011','RO-Water011','2026-02-24 02:08:51',0,NULL,NULL,0,NULL,NULL),(540,492,'sim-Line-2-2026-02-24-003-004-RO-Water-012','sim-Line-2-2026-02-24-003','RO-Water',12,28,25.0182,700,700,NULL,NULL,'sim-Line-2-2026-02-24-003-004RO-Water012','RO-Water012','2026-02-24 02:08:51',0,NULL,NULL,1,'2026-02-24 09:08:50','simulator'),(541,492,'sim-Line-2-2026-02-24-003-004-RO-Water-013','sim-Line-2-2026-02-24-003','RO-Water',13,28,24.9975,700,700,NULL,NULL,'sim-Line-2-2026-02-24-003-004RO-Water013','RO-Water013','2026-02-24 02:08:51',0,NULL,NULL,1,'2026-02-24 09:08:50','simulator'),(542,492,'sim-Line-2-2026-02-24-003-004-RO-Water-014','sim-Line-2-2026-02-24-003','RO-Water',14,28,24.9931,700,700,NULL,NULL,'sim-Line-2-2026-02-24-003-004RO-Water014','RO-Water014','2026-02-24 02:08:51',0,NULL,NULL,0,NULL,NULL),(543,492,'sim-Line-2-2026-02-24-003-004-RO-Water-015','sim-Line-2-2026-02-24-003','RO-Water',15,28,24.9975,700,700,NULL,NULL,'sim-Line-2-2026-02-24-003-004RO-Water015','RO-Water015','2026-02-24 02:08:51',0,NULL,NULL,0,NULL,NULL),(544,492,'sim-Line-2-2026-02-24-003-004-RO-Water-016','sim-Line-2-2026-02-24-003','RO-Water',16,28,24.9621,700,700,NULL,NULL,'sim-Line-2-2026-02-24-003-004RO-Water016','RO-Water016','2026-02-24 02:08:51',0,NULL,NULL,0,NULL,NULL),(545,492,'sim-Line-2-2026-02-24-003-004-RO-Water-017','sim-Line-2-2026-02-24-003','RO-Water',17,28,25.008,700,700,NULL,NULL,'sim-Line-2-2026-02-24-003-004RO-Water017','RO-Water017','2026-02-24 02:08:51',0,NULL,NULL,0,NULL,NULL),(546,492,'sim-Line-2-2026-02-24-003-004-RO-Water-018','sim-Line-2-2026-02-24-003','RO-Water',18,28,24.9719,700,700,NULL,NULL,'sim-Line-2-2026-02-24-003-004RO-Water018','RO-Water018','2026-02-24 02:08:51',0,NULL,NULL,0,NULL,NULL),(547,492,'sim-Line-2-2026-02-24-003-004-RO-Water-019','sim-Line-2-2026-02-24-003','RO-Water',19,28,25.0034,700,700,NULL,NULL,'sim-Line-2-2026-02-24-003-004RO-Water019','RO-Water019','2026-02-24 02:08:51',0,NULL,NULL,0,NULL,NULL),(548,492,'sim-Line-2-2026-02-24-003-004-RO-Water-020','sim-Line-2-2026-02-24-003','RO-Water',20,28,25.0012,700,700,NULL,NULL,'sim-Line-2-2026-02-24-003-004RO-Water020','RO-Water020','2026-02-24 02:08:51',0,NULL,NULL,0,NULL,NULL),(549,492,'sim-Line-2-2026-02-24-003-004-RO-Water-021','sim-Line-2-2026-02-24-003','RO-Water',21,28,24.9656,700,700,NULL,NULL,'sim-Line-2-2026-02-24-003-004RO-Water021','RO-Water021','2026-02-24 02:08:52',0,NULL,NULL,0,NULL,NULL),(550,492,'sim-Line-2-2026-02-24-003-004-RO-Water-022','sim-Line-2-2026-02-24-003','RO-Water',22,28,25.0318,700,700,NULL,NULL,'sim-Line-2-2026-02-24-003-004RO-Water022','RO-Water022','2026-02-24 02:08:52',0,NULL,NULL,0,NULL,NULL),(551,492,'sim-Line-2-2026-02-24-003-004-RO-Water-023','sim-Line-2-2026-02-24-003','RO-Water',23,28,25.0278,700,700,NULL,NULL,'sim-Line-2-2026-02-24-003-004RO-Water023','RO-Water023','2026-02-24 02:08:52',0,NULL,NULL,0,NULL,NULL),(552,492,'sim-Line-2-2026-02-24-003-004-RO-Water-024','sim-Line-2-2026-02-24-003','RO-Water',24,28,24.9972,700,700,NULL,NULL,'sim-Line-2-2026-02-24-003-004RO-Water024','RO-Water024','2026-02-24 02:08:52',0,NULL,NULL,1,'2026-02-24 09:08:50','simulator'),(553,492,'sim-Line-2-2026-02-24-003-004-RO-Water-025','sim-Line-2-2026-02-24-003','RO-Water',25,28,24.9543,700,700,NULL,NULL,'sim-Line-2-2026-02-24-003-004RO-Water025','RO-Water025','2026-02-24 02:08:52',0,NULL,NULL,0,NULL,NULL),(554,492,'sim-Line-2-2026-02-24-003-004-RO-Water-026','sim-Line-2-2026-02-24-003','RO-Water',26,28,24.9543,700,700,NULL,NULL,'sim-Line-2-2026-02-24-003-004RO-Water026','RO-Water026','2026-02-24 02:08:52',0,NULL,NULL,0,NULL,NULL),(555,492,'sim-Line-2-2026-02-24-003-004-RO-Water-027','sim-Line-2-2026-02-24-003','RO-Water',27,28,25.0173,700,700,NULL,NULL,'sim-Line-2-2026-02-24-003-004RO-Water027','RO-Water027','2026-02-24 02:08:52',0,NULL,NULL,1,'2026-02-24 09:08:50','simulator'),(556,492,'sim-Line-2-2026-02-24-003-004-RO-Water-028','sim-Line-2-2026-02-24-003','RO-Water',28,28,25.0365,700,700,NULL,NULL,'sim-Line-2-2026-02-24-003-004RO-Water028','RO-Water028','2026-02-24 02:08:52',0,NULL,NULL,0,NULL,NULL),(557,494,'sim-Line-2-2026-02-24-003-005-RO-Water-001','sim-Line-2-2026-02-24-003','RO-Water',1,28,25.0484,700,700,NULL,NULL,'sim-Line-2-2026-02-24-003-005RO-Water001','RO-Water001','2026-02-24 02:08:53',1,NULL,NULL,1,'2026-02-24 09:08:53','simulator'),(558,494,'sim-Line-2-2026-02-24-003-005-RO-Water-002','sim-Line-2-2026-02-24-003','RO-Water',2,28,25.0104,700,700,NULL,NULL,'sim-Line-2-2026-02-24-003-005RO-Water002','RO-Water002','2026-02-24 02:08:53',1,NULL,NULL,0,NULL,NULL),(559,494,'sim-Line-2-2026-02-24-003-005-RO-Water-003','sim-Line-2-2026-02-24-003','RO-Water',3,28,24.9989,700,700,NULL,NULL,'sim-Line-2-2026-02-24-003-005RO-Water003','RO-Water003','2026-02-24 02:08:53',1,NULL,NULL,0,NULL,NULL),(560,494,'sim-Line-2-2026-02-24-003-005-RO-Water-004','sim-Line-2-2026-02-24-003','RO-Water',4,28,25.0164,700,700,NULL,NULL,'sim-Line-2-2026-02-24-003-005RO-Water004','RO-Water004','2026-02-24 02:08:53',1,NULL,NULL,0,NULL,NULL),(561,494,'sim-Line-2-2026-02-24-003-005-RO-Water-005','sim-Line-2-2026-02-24-003','RO-Water',5,28,24.9868,700,700,NULL,NULL,'sim-Line-2-2026-02-24-003-005RO-Water005','RO-Water005','2026-02-24 02:08:53',1,NULL,NULL,0,NULL,NULL),(562,494,'sim-Line-2-2026-02-24-003-005-RO-Water-006','sim-Line-2-2026-02-24-003','RO-Water',6,28,25.0289,700,700,NULL,NULL,'sim-Line-2-2026-02-24-003-005RO-Water006','RO-Water006','2026-02-24 02:08:54',1,NULL,NULL,1,'2026-02-24 09:08:53','simulator'),(563,494,'sim-Line-2-2026-02-24-003-005-RO-Water-007','sim-Line-2-2026-02-24-003','RO-Water',7,28,24.9585,700,700,NULL,NULL,'sim-Line-2-2026-02-24-003-005RO-Water007','RO-Water007','2026-02-24 02:08:54',1,NULL,NULL,0,NULL,NULL),(564,494,'sim-Line-2-2026-02-24-003-005-RO-Water-008','sim-Line-2-2026-02-24-003','RO-Water',8,28,24.9504,700,700,NULL,NULL,'sim-Line-2-2026-02-24-003-005RO-Water008','RO-Water008','2026-02-24 02:08:54',1,NULL,NULL,0,NULL,NULL),(565,494,'sim-Line-2-2026-02-24-003-005-RO-Water-009','sim-Line-2-2026-02-24-003','RO-Water',9,28,24.9648,700,700,NULL,NULL,'sim-Line-2-2026-02-24-003-005RO-Water009','RO-Water009','2026-02-24 02:08:54',1,NULL,NULL,1,'2026-02-24 09:08:53','simulator'),(566,494,'sim-Line-2-2026-02-24-003-005-RO-Water-010','sim-Line-2-2026-02-24-003','RO-Water',10,28,25.0302,700,700,NULL,NULL,'sim-Line-2-2026-02-24-003-005RO-Water010','RO-Water010','2026-02-24 02:08:54',1,NULL,NULL,1,'2026-02-24 09:08:53','simulator'),(567,494,'sim-Line-2-2026-02-24-003-005-RO-Water-011','sim-Line-2-2026-02-24-003','RO-Water',11,28,24.9782,700,700,NULL,NULL,'sim-Line-2-2026-02-24-003-005RO-Water011','RO-Water011','2026-02-24 02:08:54',1,NULL,NULL,0,NULL,NULL),(568,494,'sim-Line-2-2026-02-24-003-005-RO-Water-012','sim-Line-2-2026-02-24-003','RO-Water',12,28,25.0304,700,700,NULL,NULL,'sim-Line-2-2026-02-24-003-005RO-Water012','RO-Water012','2026-02-24 02:08:54',1,NULL,NULL,1,'2026-02-24 09:08:53','simulator'),(569,494,'sim-Line-2-2026-02-24-003-005-RO-Water-013','sim-Line-2-2026-02-24-003','RO-Water',13,28,25.0033,700,700,NULL,NULL,'sim-Line-2-2026-02-24-003-005RO-Water013','RO-Water013','2026-02-24 02:08:54',1,NULL,NULL,0,NULL,NULL),(570,494,'sim-Line-2-2026-02-24-003-005-RO-Water-014','sim-Line-2-2026-02-24-003','RO-Water',14,28,24.9571,700,700,NULL,NULL,'sim-Line-2-2026-02-24-003-005RO-Water014','RO-Water014','2026-02-24 02:08:54',1,NULL,NULL,0,NULL,NULL),(571,494,'sim-Line-2-2026-02-24-003-005-RO-Water-015','sim-Line-2-2026-02-24-003','RO-Water',15,28,25.0126,700,700,NULL,NULL,'sim-Line-2-2026-02-24-003-005RO-Water015','RO-Water015','2026-02-24 02:08:54',1,NULL,NULL,1,'2026-02-24 09:08:53','simulator'),(572,494,'sim-Line-2-2026-02-24-003-005-RO-Water-016','sim-Line-2-2026-02-24-003','RO-Water',16,28,25.0404,700,700,NULL,NULL,'sim-Line-2-2026-02-24-003-005RO-Water016','RO-Water016','2026-02-24 02:08:54',1,NULL,NULL,1,'2026-02-24 09:08:53','simulator'),(573,494,'sim-Line-2-2026-02-24-003-005-RO-Water-017','sim-Line-2-2026-02-24-003','RO-Water',17,28,24.9862,700,700,NULL,NULL,'sim-Line-2-2026-02-24-003-005RO-Water017','RO-Water017','2026-02-24 02:08:55',1,NULL,NULL,0,NULL,NULL),(574,494,'sim-Line-2-2026-02-24-003-005-RO-Water-018','sim-Line-2-2026-02-24-003','RO-Water',18,28,25.0163,700,700,NULL,NULL,'sim-Line-2-2026-02-24-003-005RO-Water018','RO-Water018','2026-02-24 02:08:55',1,NULL,NULL,0,NULL,NULL),(575,494,'sim-Line-2-2026-02-24-003-005-RO-Water-019','sim-Line-2-2026-02-24-003','RO-Water',19,28,25.013,700,700,NULL,NULL,'sim-Line-2-2026-02-24-003-005RO-Water019','RO-Water019','2026-02-24 02:08:55',1,NULL,NULL,1,'2026-02-24 09:08:53','simulator'),(576,494,'sim-Line-2-2026-02-24-003-005-RO-Water-020','sim-Line-2-2026-02-24-003','RO-Water',20,28,25.0136,700,700,NULL,NULL,'sim-Line-2-2026-02-24-003-005RO-Water020','RO-Water020','2026-02-24 02:08:56',1,NULL,NULL,0,NULL,NULL),(577,494,'sim-Line-2-2026-02-24-003-005-RO-Water-021','sim-Line-2-2026-02-24-003','RO-Water',21,28,24.9888,700,700,NULL,NULL,'sim-Line-2-2026-02-24-003-005RO-Water021','RO-Water021','2026-02-24 02:08:56',1,NULL,NULL,1,'2026-02-24 09:08:53','simulator'),(578,494,'sim-Line-2-2026-02-24-003-005-RO-Water-022','sim-Line-2-2026-02-24-003','RO-Water',22,28,24.9918,700,700,NULL,NULL,'sim-Line-2-2026-02-24-003-005RO-Water022','RO-Water022','2026-02-24 02:08:56',1,NULL,NULL,0,NULL,NULL),(579,494,'sim-Line-2-2026-02-24-003-005-RO-Water-023','sim-Line-2-2026-02-24-003','RO-Water',23,28,24.9642,700,700,NULL,NULL,'sim-Line-2-2026-02-24-003-005RO-Water023','RO-Water023','2026-02-24 02:08:56',1,NULL,NULL,1,'2026-02-24 09:08:53','simulator'),(580,494,'sim-Line-2-2026-02-24-003-005-RO-Water-024','sim-Line-2-2026-02-24-003','RO-Water',24,28,25.0331,700,700,NULL,NULL,'sim-Line-2-2026-02-24-003-005RO-Water024','RO-Water024','2026-02-24 02:08:56',1,NULL,NULL,0,NULL,NULL),(581,494,'sim-Line-2-2026-02-24-003-005-RO-Water-025','sim-Line-2-2026-02-24-003','RO-Water',25,28,24.9929,700,700,NULL,NULL,'sim-Line-2-2026-02-24-003-005RO-Water025','RO-Water025','2026-02-24 02:08:56',1,NULL,NULL,1,'2026-02-24 09:08:53','simulator'),(582,494,'sim-Line-2-2026-02-24-003-005-RO-Water-026','sim-Line-2-2026-02-24-003','RO-Water',26,28,24.9604,700,700,NULL,NULL,'sim-Line-2-2026-02-24-003-005RO-Water026','RO-Water026','2026-02-24 02:08:57',1,NULL,NULL,1,'2026-02-24 09:08:53','simulator'),(583,494,'sim-Line-2-2026-02-24-003-005-RO-Water-027','sim-Line-2-2026-02-24-003','RO-Water',27,28,24.9959,700,700,NULL,NULL,'sim-Line-2-2026-02-24-003-005RO-Water027','RO-Water027','2026-02-24 02:08:57',1,NULL,NULL,1,'2026-02-24 09:08:53','simulator'),(584,494,'sim-Line-2-2026-02-24-003-005-RO-Water-028','sim-Line-2-2026-02-24-003','RO-Water',28,28,25.023,700,700,NULL,NULL,'sim-Line-2-2026-02-24-003-005RO-Water028','RO-Water028','2026-02-24 02:08:57',1,NULL,NULL,1,'2026-02-24 09:08:53','simulator'),(585,495,'sim-Line-2-2026-02-24-003-005-MIS-001','sim-Line-2-2026-02-24-003','MIS',1,1,399.994,400,400,NULL,NULL,'sim-Line-2-2026-02-24-003-005MIS001','MIS001','2026-02-24 02:08:57',1,NULL,NULL,1,'2026-02-24 09:08:57','simulator'),(586,496,'sim-Line-2-2026-02-24-003-006-RO-Water-001','sim-Line-2-2026-02-24-003','RO-Water',1,28,25.037,700,700,NULL,NULL,'sim-Line-2-2026-02-24-003-006RO-Water001','RO-Water001','2026-02-24 02:08:58',1,NULL,NULL,1,'2026-02-24 09:08:58','simulator'),(587,496,'sim-Line-2-2026-02-24-003-006-RO-Water-002','sim-Line-2-2026-02-24-003','RO-Water',2,28,25.0233,700,700,NULL,NULL,'sim-Line-2-2026-02-24-003-006RO-Water002','RO-Water002','2026-02-24 02:08:58',1,NULL,NULL,1,'2026-02-24 09:08:58','simulator'),(588,496,'sim-Line-2-2026-02-24-003-006-RO-Water-003','sim-Line-2-2026-02-24-003','RO-Water',3,28,25.0282,700,700,NULL,NULL,'sim-Line-2-2026-02-24-003-006RO-Water003','RO-Water003','2026-02-24 02:08:58',1,NULL,NULL,1,'2026-02-24 09:08:58','simulator'),(589,496,'sim-Line-2-2026-02-24-003-006-RO-Water-004','sim-Line-2-2026-02-24-003','RO-Water',4,28,25.006,700,700,NULL,NULL,'sim-Line-2-2026-02-24-003-006RO-Water004','RO-Water004','2026-02-24 02:08:58',1,NULL,NULL,1,'2026-02-24 09:08:58','simulator'),(590,496,'sim-Line-2-2026-02-24-003-006-RO-Water-005','sim-Line-2-2026-02-24-003','RO-Water',5,28,25.0413,700,700,NULL,NULL,'sim-Line-2-2026-02-24-003-006RO-Water005','RO-Water005','2026-02-24 02:08:58',1,NULL,NULL,0,NULL,NULL),(591,496,'sim-Line-2-2026-02-24-003-006-RO-Water-006','sim-Line-2-2026-02-24-003','RO-Water',6,28,25.0288,700,700,NULL,NULL,'sim-Line-2-2026-02-24-003-006RO-Water006','RO-Water006','2026-02-24 02:08:58',1,NULL,NULL,1,'2026-02-24 09:08:58','simulator'),(592,496,'sim-Line-2-2026-02-24-003-006-RO-Water-007','sim-Line-2-2026-02-24-003','RO-Water',7,28,25.0022,700,700,NULL,NULL,'sim-Line-2-2026-02-24-003-006RO-Water007','RO-Water007','2026-02-24 02:08:59',1,NULL,NULL,0,NULL,NULL),(593,496,'sim-Line-2-2026-02-24-003-006-RO-Water-008','sim-Line-2-2026-02-24-003','RO-Water',8,28,24.9611,700,700,NULL,NULL,'sim-Line-2-2026-02-24-003-006RO-Water008','RO-Water008','2026-02-24 02:08:59',1,NULL,NULL,1,'2026-02-24 09:08:58','simulator'),(594,496,'sim-Line-2-2026-02-24-003-006-RO-Water-009','sim-Line-2-2026-02-24-003','RO-Water',9,28,24.9549,700,700,NULL,NULL,'sim-Line-2-2026-02-24-003-006RO-Water009','RO-Water009','2026-02-24 02:08:59',1,NULL,NULL,1,'2026-02-24 09:08:58','simulator'),(595,496,'sim-Line-2-2026-02-24-003-006-RO-Water-010','sim-Line-2-2026-02-24-003','RO-Water',10,28,25.0342,700,700,NULL,NULL,'sim-Line-2-2026-02-24-003-006RO-Water010','RO-Water010','2026-02-24 02:08:59',1,NULL,NULL,1,'2026-02-24 09:08:58','simulator'),(596,496,'sim-Line-2-2026-02-24-003-006-RO-Water-011','sim-Line-2-2026-02-24-003','RO-Water',11,28,24.9833,700,700,NULL,NULL,'sim-Line-2-2026-02-24-003-006RO-Water011','RO-Water011','2026-02-24 02:08:59',1,NULL,NULL,1,'2026-02-24 09:08:58','simulator'),(597,496,'sim-Line-2-2026-02-24-003-006-RO-Water-012','sim-Line-2-2026-02-24-003','RO-Water',12,28,25.0149,700,700,NULL,NULL,'sim-Line-2-2026-02-24-003-006RO-Water012','RO-Water012','2026-02-24 02:08:59',1,NULL,NULL,1,'2026-02-24 09:08:58','simulator'),(598,496,'sim-Line-2-2026-02-24-003-006-RO-Water-013','sim-Line-2-2026-02-24-003','RO-Water',13,28,24.9848,700,700,NULL,NULL,'sim-Line-2-2026-02-24-003-006RO-Water013','RO-Water013','2026-02-24 02:08:59',1,NULL,NULL,1,'2026-02-24 09:08:58','simulator'),(599,496,'sim-Line-2-2026-02-24-003-006-RO-Water-014','sim-Line-2-2026-02-24-003','RO-Water',14,28,25.0209,700,700,NULL,NULL,'sim-Line-2-2026-02-24-003-006RO-Water014','RO-Water014','2026-02-24 02:09:00',1,NULL,NULL,1,'2026-02-24 09:08:58','simulator'),(600,496,'sim-Line-2-2026-02-24-003-006-RO-Water-015','sim-Line-2-2026-02-24-003','RO-Water',15,28,24.9826,700,700,NULL,NULL,'sim-Line-2-2026-02-24-003-006RO-Water015','RO-Water015','2026-02-24 02:09:00',1,NULL,NULL,1,'2026-02-24 09:08:58','simulator'),(601,496,'sim-Line-2-2026-02-24-003-006-RO-Water-016','sim-Line-2-2026-02-24-003','RO-Water',16,28,25.0187,700,700,NULL,NULL,'sim-Line-2-2026-02-24-003-006RO-Water016','RO-Water016','2026-02-24 02:09:00',1,NULL,NULL,0,NULL,NULL),(602,496,'sim-Line-2-2026-02-24-003-006-RO-Water-017','sim-Line-2-2026-02-24-003','RO-Water',17,28,24.9931,700,700,NULL,NULL,'sim-Line-2-2026-02-24-003-006RO-Water017','RO-Water017','2026-02-24 02:09:00',1,NULL,NULL,1,'2026-02-24 09:08:58','simulator'),(603,496,'sim-Line-2-2026-02-24-003-006-RO-Water-018','sim-Line-2-2026-02-24-003','RO-Water',18,28,24.9828,700,700,NULL,NULL,'sim-Line-2-2026-02-24-003-006RO-Water018','RO-Water018','2026-02-24 02:09:00',1,NULL,NULL,1,'2026-02-24 09:08:58','simulator'),(604,496,'sim-Line-2-2026-02-24-003-006-RO-Water-019','sim-Line-2-2026-02-24-003','RO-Water',19,28,25.0173,700,700,NULL,NULL,'sim-Line-2-2026-02-24-003-006RO-Water019','RO-Water019','2026-02-24 02:09:00',1,NULL,NULL,1,'2026-02-24 09:08:58','simulator'),(605,496,'sim-Line-2-2026-02-24-003-006-RO-Water-020','sim-Line-2-2026-02-24-003','RO-Water',20,28,25.003,700,700,NULL,NULL,'sim-Line-2-2026-02-24-003-006RO-Water020','RO-Water020','2026-02-24 02:09:00',1,NULL,NULL,1,'2026-02-24 09:08:58','simulator'),(606,496,'sim-Line-2-2026-02-24-003-006-RO-Water-021','sim-Line-2-2026-02-24-003','RO-Water',21,28,24.961,700,700,NULL,NULL,'sim-Line-2-2026-02-24-003-006RO-Water021','RO-Water021','2026-02-24 02:09:00',1,NULL,NULL,1,'2026-02-24 09:08:58','simulator'),(607,496,'sim-Line-2-2026-02-24-003-006-RO-Water-022','sim-Line-2-2026-02-24-003','RO-Water',22,28,24.9795,700,700,NULL,NULL,'sim-Line-2-2026-02-24-003-006RO-Water022','RO-Water022','2026-02-24 02:09:00',1,NULL,NULL,0,NULL,NULL),(608,496,'sim-Line-2-2026-02-24-003-006-RO-Water-023','sim-Line-2-2026-02-24-003','RO-Water',23,28,25.0214,700,700,NULL,NULL,'sim-Line-2-2026-02-24-003-006RO-Water023','RO-Water023','2026-02-24 02:09:00',1,NULL,NULL,1,'2026-02-24 09:08:58','simulator'),(609,496,'sim-Line-2-2026-02-24-003-006-RO-Water-024','sim-Line-2-2026-02-24-003','RO-Water',24,28,24.9566,700,700,NULL,NULL,'sim-Line-2-2026-02-24-003-006RO-Water024','RO-Water024','2026-02-24 02:09:00',1,NULL,NULL,1,'2026-02-24 09:08:58','simulator'),(610,496,'sim-Line-2-2026-02-24-003-006-RO-Water-025','sim-Line-2-2026-02-24-003','RO-Water',25,28,25.0334,700,700,NULL,NULL,'sim-Line-2-2026-02-24-003-006RO-Water025','RO-Water025','2026-02-24 02:09:01',1,NULL,NULL,1,'2026-02-24 09:08:58','simulator'),(611,496,'sim-Line-2-2026-02-24-003-006-RO-Water-026','sim-Line-2-2026-02-24-003','RO-Water',26,28,25.0207,700,700,NULL,NULL,'sim-Line-2-2026-02-24-003-006RO-Water026','RO-Water026','2026-02-24 02:09:01',1,NULL,NULL,0,NULL,NULL),(612,496,'sim-Line-2-2026-02-24-003-006-RO-Water-027','sim-Line-2-2026-02-24-003','RO-Water',27,28,24.9648,700,700,NULL,NULL,'sim-Line-2-2026-02-24-003-006RO-Water027','RO-Water027','2026-02-24 02:09:01',1,NULL,NULL,1,'2026-02-24 09:08:58','simulator'),(613,496,'sim-Line-2-2026-02-24-003-006-RO-Water-028','sim-Line-2-2026-02-24-003','RO-Water',28,28,24.9804,700,700,NULL,NULL,'sim-Line-2-2026-02-24-003-006RO-Water028','RO-Water028','2026-02-24 02:09:01',1,NULL,NULL,1,'2026-02-24 09:08:58','simulator'),(614,497,'sim-Line-2-2026-02-24-003-006-MIS-001','sim-Line-2-2026-02-24-003','MIS',1,1,399.964,400,400,NULL,NULL,'sim-Line-2-2026-02-24-003-006MIS001','MIS001','2026-02-24 02:09:01',1,NULL,NULL,1,'2026-02-24 09:09:02','simulator'),(615,499,'sim-Line-2-2026-02-24-003-007-MIS-001','sim-Line-2-2026-02-24-003','MIS',1,1,399.954,400,400,NULL,NULL,'sim-Line-2-2026-02-24-003-007MIS001','MIS001','2026-02-24 02:09:02',0,NULL,NULL,1,'2026-02-24 09:09:02','simulator'),(616,502,'sim-Line-2-2026-02-24-003-009-RO-Water-001','sim-Line-2-2026-02-24-003','RO-Water',1,28,25.0274,700,700,NULL,NULL,'sim-Line-2-2026-02-24-003-009RO-Water001','RO-Water001','2026-02-24 02:09:02',0,NULL,NULL,0,NULL,NULL),(617,502,'sim-Line-2-2026-02-24-003-009-RO-Water-002','sim-Line-2-2026-02-24-003','RO-Water',2,28,25.0315,700,700,NULL,NULL,'sim-Line-2-2026-02-24-003-009RO-Water002','RO-Water002','2026-02-24 02:09:02',0,NULL,NULL,1,'2026-02-24 09:09:03','simulator'),(618,502,'sim-Line-2-2026-02-24-003-009-RO-Water-003','sim-Line-2-2026-02-24-003','RO-Water',3,28,25.0481,700,700,NULL,NULL,'sim-Line-2-2026-02-24-003-009RO-Water003','RO-Water003','2026-02-24 02:09:02',0,NULL,NULL,0,NULL,NULL),(619,502,'sim-Line-2-2026-02-24-003-009-RO-Water-004','sim-Line-2-2026-02-24-003','RO-Water',4,28,24.9997,700,700,NULL,NULL,'sim-Line-2-2026-02-24-003-009RO-Water004','RO-Water004','2026-02-24 02:09:03',0,NULL,NULL,0,NULL,NULL),(620,502,'sim-Line-2-2026-02-24-003-009-RO-Water-005','sim-Line-2-2026-02-24-003','RO-Water',5,28,25.0041,700,700,NULL,NULL,'sim-Line-2-2026-02-24-003-009RO-Water005','RO-Water005','2026-02-24 02:09:03',0,NULL,NULL,0,NULL,NULL),(621,502,'sim-Line-2-2026-02-24-003-009-RO-Water-006','sim-Line-2-2026-02-24-003','RO-Water',6,28,25.0119,700,700,NULL,NULL,'sim-Line-2-2026-02-24-003-009RO-Water006','RO-Water006','2026-02-24 02:09:03',0,NULL,NULL,0,NULL,NULL),(622,502,'sim-Line-2-2026-02-24-003-009-RO-Water-007','sim-Line-2-2026-02-24-003','RO-Water',7,28,24.9623,700,700,NULL,NULL,'sim-Line-2-2026-02-24-003-009RO-Water007','RO-Water007','2026-02-24 02:09:03',0,NULL,NULL,0,NULL,NULL),(623,502,'sim-Line-2-2026-02-24-003-009-RO-Water-008','sim-Line-2-2026-02-24-003','RO-Water',8,28,25.0282,700,700,NULL,NULL,'sim-Line-2-2026-02-24-003-009RO-Water008','RO-Water008','2026-02-24 02:09:03',0,NULL,NULL,0,NULL,NULL),(624,502,'sim-Line-2-2026-02-24-003-009-RO-Water-009','sim-Line-2-2026-02-24-003','RO-Water',9,28,25.0185,700,700,NULL,NULL,'sim-Line-2-2026-02-24-003-009RO-Water009','RO-Water009','2026-02-24 02:09:03',0,NULL,NULL,0,NULL,NULL),(625,502,'sim-Line-2-2026-02-24-003-009-RO-Water-010','sim-Line-2-2026-02-24-003','RO-Water',10,28,24.9921,700,700,NULL,NULL,'sim-Line-2-2026-02-24-003-009RO-Water010','RO-Water010','2026-02-24 02:09:03',0,NULL,NULL,0,NULL,NULL),(626,502,'sim-Line-2-2026-02-24-003-009-RO-Water-011','sim-Line-2-2026-02-24-003','RO-Water',11,28,24.9502,700,700,NULL,NULL,'sim-Line-2-2026-02-24-003-009RO-Water011','RO-Water011','2026-02-24 02:09:03',0,NULL,NULL,0,NULL,NULL),(627,502,'sim-Line-2-2026-02-24-003-009-RO-Water-012','sim-Line-2-2026-02-24-003','RO-Water',12,28,24.999,700,700,NULL,NULL,'sim-Line-2-2026-02-24-003-009RO-Water012','RO-Water012','2026-02-24 02:09:03',0,NULL,NULL,0,NULL,NULL),(628,502,'sim-Line-2-2026-02-24-003-009-RO-Water-013','sim-Line-2-2026-02-24-003','RO-Water',13,28,24.9976,700,700,NULL,NULL,'sim-Line-2-2026-02-24-003-009RO-Water013','RO-Water013','2026-02-24 02:09:03',0,NULL,NULL,0,NULL,NULL),(629,502,'sim-Line-2-2026-02-24-003-009-RO-Water-014','sim-Line-2-2026-02-24-003','RO-Water',14,28,24.9696,700,700,NULL,NULL,'sim-Line-2-2026-02-24-003-009RO-Water014','RO-Water014','2026-02-24 02:09:03',0,NULL,NULL,0,NULL,NULL),(630,502,'sim-Line-2-2026-02-24-003-009-RO-Water-015','sim-Line-2-2026-02-24-003','RO-Water',15,28,25.0395,700,700,NULL,NULL,'sim-Line-2-2026-02-24-003-009RO-Water015','RO-Water015','2026-02-24 02:09:04',0,NULL,NULL,0,NULL,NULL),(631,502,'sim-Line-2-2026-02-24-003-009-RO-Water-016','sim-Line-2-2026-02-24-003','RO-Water',16,28,25.0268,700,700,NULL,NULL,'sim-Line-2-2026-02-24-003-009RO-Water016','RO-Water016','2026-02-24 02:09:04',0,NULL,NULL,0,NULL,NULL),(632,502,'sim-Line-2-2026-02-24-003-009-RO-Water-017','sim-Line-2-2026-02-24-003','RO-Water',17,28,24.9831,700,700,NULL,NULL,'sim-Line-2-2026-02-24-003-009RO-Water017','RO-Water017','2026-02-24 02:09:04',0,NULL,NULL,0,NULL,NULL),(633,502,'sim-Line-2-2026-02-24-003-009-RO-Water-018','sim-Line-2-2026-02-24-003','RO-Water',18,28,24.9816,700,700,NULL,NULL,'sim-Line-2-2026-02-24-003-009RO-Water018','RO-Water018','2026-02-24 02:09:04',0,NULL,NULL,0,NULL,NULL),(634,502,'sim-Line-2-2026-02-24-003-009-RO-Water-019','sim-Line-2-2026-02-24-003','RO-Water',19,28,25.0222,700,700,NULL,NULL,'sim-Line-2-2026-02-24-003-009RO-Water019','RO-Water019','2026-02-24 02:09:04',0,NULL,NULL,0,NULL,NULL),(635,502,'sim-Line-2-2026-02-24-003-009-RO-Water-020','sim-Line-2-2026-02-24-003','RO-Water',20,28,25.0406,700,700,NULL,NULL,'sim-Line-2-2026-02-24-003-009RO-Water020','RO-Water020','2026-02-24 02:09:04',0,NULL,NULL,1,'2026-02-24 09:09:03','simulator'),(636,502,'sim-Line-2-2026-02-24-003-009-RO-Water-021','sim-Line-2-2026-02-24-003','RO-Water',21,28,25.0057,700,700,NULL,NULL,'sim-Line-2-2026-02-24-003-009RO-Water021','RO-Water021','2026-02-24 02:09:04',0,NULL,NULL,0,NULL,NULL),(637,502,'sim-Line-2-2026-02-24-003-009-RO-Water-022','sim-Line-2-2026-02-24-003','RO-Water',22,28,25.0345,700,700,NULL,NULL,'sim-Line-2-2026-02-24-003-009RO-Water022','RO-Water022','2026-02-24 02:09:05',0,NULL,NULL,0,NULL,NULL),(638,502,'sim-Line-2-2026-02-24-003-009-RO-Water-023','sim-Line-2-2026-02-24-003','RO-Water',23,28,25.0476,700,700,NULL,NULL,'sim-Line-2-2026-02-24-003-009RO-Water023','RO-Water023','2026-02-24 02:09:05',0,NULL,NULL,0,NULL,NULL),(639,502,'sim-Line-2-2026-02-24-003-009-RO-Water-024','sim-Line-2-2026-02-24-003','RO-Water',24,28,25.0146,700,700,NULL,NULL,'sim-Line-2-2026-02-24-003-009RO-Water024','RO-Water024','2026-02-24 02:09:05',0,NULL,NULL,1,'2026-02-24 09:09:03','simulator'),(640,502,'sim-Line-2-2026-02-24-003-009-RO-Water-025','sim-Line-2-2026-02-24-003','RO-Water',25,28,25.0215,700,700,NULL,NULL,'sim-Line-2-2026-02-24-003-009RO-Water025','RO-Water025','2026-02-24 02:09:05',0,NULL,NULL,0,NULL,NULL),(641,502,'sim-Line-2-2026-02-24-003-009-RO-Water-026','sim-Line-2-2026-02-24-003','RO-Water',26,28,25.046,700,700,NULL,NULL,'sim-Line-2-2026-02-24-003-009RO-Water026','RO-Water026','2026-02-24 02:09:05',0,NULL,NULL,0,NULL,NULL),(642,502,'sim-Line-2-2026-02-24-003-009-RO-Water-027','sim-Line-2-2026-02-24-003','RO-Water',27,28,24.9572,700,700,NULL,NULL,'sim-Line-2-2026-02-24-003-009RO-Water027','RO-Water027','2026-02-24 02:09:05',0,NULL,NULL,0,NULL,NULL),(643,502,'sim-Line-2-2026-02-24-003-009-RO-Water-028','sim-Line-2-2026-02-24-003','RO-Water',28,28,24.9869,700,700,NULL,NULL,'sim-Line-2-2026-02-24-003-009RO-Water028','RO-Water028','2026-02-24 02:09:06',0,NULL,NULL,1,'2026-02-24 09:09:03','simulator'),(644,504,'sim-Line-2-2026-02-24-003-010-RO-Water-001','sim-Line-2-2026-02-24-003','RO-Water',1,28,24.9586,700,700,NULL,NULL,'sim-Line-2-2026-02-24-003-010RO-Water001','RO-Water001','2026-02-24 02:09:06',0,NULL,NULL,0,NULL,NULL),(645,504,'sim-Line-2-2026-02-24-003-010-RO-Water-002','sim-Line-2-2026-02-24-003','RO-Water',2,28,24.9779,700,700,NULL,NULL,'sim-Line-2-2026-02-24-003-010RO-Water002','RO-Water002','2026-02-24 02:09:06',0,NULL,NULL,0,NULL,NULL),(646,504,'sim-Line-2-2026-02-24-003-010-RO-Water-003','sim-Line-2-2026-02-24-003','RO-Water',3,28,24.9897,700,700,NULL,NULL,'sim-Line-2-2026-02-24-003-010RO-Water003','RO-Water003','2026-02-24 02:09:06',0,NULL,NULL,0,NULL,NULL),(647,504,'sim-Line-2-2026-02-24-003-010-RO-Water-004','sim-Line-2-2026-02-24-003','RO-Water',4,28,24.9716,700,700,NULL,NULL,'sim-Line-2-2026-02-24-003-010RO-Water004','RO-Water004','2026-02-24 02:09:06',0,NULL,NULL,0,NULL,NULL),(648,504,'sim-Line-2-2026-02-24-003-010-RO-Water-005','sim-Line-2-2026-02-24-003','RO-Water',5,28,25.003,700,700,NULL,NULL,'sim-Line-2-2026-02-24-003-010RO-Water005','RO-Water005','2026-02-24 02:09:06',0,NULL,NULL,0,NULL,NULL),(649,504,'sim-Line-2-2026-02-24-003-010-RO-Water-006','sim-Line-2-2026-02-24-003','RO-Water',6,28,24.9577,700,700,NULL,NULL,'sim-Line-2-2026-02-24-003-010RO-Water006','RO-Water006','2026-02-24 02:09:07',0,NULL,NULL,0,NULL,NULL),(650,504,'sim-Line-2-2026-02-24-003-010-RO-Water-007','sim-Line-2-2026-02-24-003','RO-Water',7,28,24.9997,700,700,NULL,NULL,'sim-Line-2-2026-02-24-003-010RO-Water007','RO-Water007','2026-02-24 02:09:07',0,NULL,NULL,0,NULL,NULL),(651,504,'sim-Line-2-2026-02-24-003-010-RO-Water-008','sim-Line-2-2026-02-24-003','RO-Water',8,28,25.0489,700,700,NULL,NULL,'sim-Line-2-2026-02-24-003-010RO-Water008','RO-Water008','2026-02-24 02:09:07',0,NULL,NULL,0,NULL,NULL),(652,504,'sim-Line-2-2026-02-24-003-010-RO-Water-009','sim-Line-2-2026-02-24-003','RO-Water',9,28,24.9624,700,700,NULL,NULL,'sim-Line-2-2026-02-24-003-010RO-Water009','RO-Water009','2026-02-24 02:09:07',0,NULL,NULL,1,'2026-02-24 09:09:06','simulator'),(653,504,'sim-Line-2-2026-02-24-003-010-RO-Water-010','sim-Line-2-2026-02-24-003','RO-Water',10,28,24.952,700,700,NULL,NULL,'sim-Line-2-2026-02-24-003-010RO-Water010','RO-Water010','2026-02-24 02:09:07',0,NULL,NULL,0,NULL,NULL),(654,504,'sim-Line-2-2026-02-24-003-010-RO-Water-011','sim-Line-2-2026-02-24-003','RO-Water',11,28,24.9759,700,700,NULL,NULL,'sim-Line-2-2026-02-24-003-010RO-Water011','RO-Water011','2026-02-24 02:09:07',0,NULL,NULL,1,'2026-02-24 09:09:06','simulator'),(655,504,'sim-Line-2-2026-02-24-003-010-RO-Water-012','sim-Line-2-2026-02-24-003','RO-Water',12,28,25.0122,700,700,NULL,NULL,'sim-Line-2-2026-02-24-003-010RO-Water012','RO-Water012','2026-02-24 02:09:07',0,NULL,NULL,0,NULL,NULL),(656,504,'sim-Line-2-2026-02-24-003-010-RO-Water-013','sim-Line-2-2026-02-24-003','RO-Water',13,28,24.9749,700,700,NULL,NULL,'sim-Line-2-2026-02-24-003-010RO-Water013','RO-Water013','2026-02-24 02:09:07',0,NULL,NULL,0,NULL,NULL),(657,504,'sim-Line-2-2026-02-24-003-010-RO-Water-014','sim-Line-2-2026-02-24-003','RO-Water',14,28,24.9576,700,700,NULL,NULL,'sim-Line-2-2026-02-24-003-010RO-Water014','RO-Water014','2026-02-24 02:09:07',0,NULL,NULL,0,NULL,NULL),(658,504,'sim-Line-2-2026-02-24-003-010-RO-Water-015','sim-Line-2-2026-02-24-003','RO-Water',15,28,25.0076,700,700,NULL,NULL,'sim-Line-2-2026-02-24-003-010RO-Water015','RO-Water015','2026-02-24 02:09:08',0,NULL,NULL,0,NULL,NULL),(659,504,'sim-Line-2-2026-02-24-003-010-RO-Water-016','sim-Line-2-2026-02-24-003','RO-Water',16,28,24.9517,700,700,NULL,NULL,'sim-Line-2-2026-02-24-003-010RO-Water016','RO-Water016','2026-02-24 02:09:08',0,NULL,NULL,1,'2026-02-24 09:09:06','simulator'),(660,504,'sim-Line-2-2026-02-24-003-010-RO-Water-017','sim-Line-2-2026-02-24-003','RO-Water',17,28,25.0276,700,700,NULL,NULL,'sim-Line-2-2026-02-24-003-010RO-Water017','RO-Water017','2026-02-24 02:09:08',0,NULL,NULL,0,NULL,NULL),(661,504,'sim-Line-2-2026-02-24-003-010-RO-Water-018','sim-Line-2-2026-02-24-003','RO-Water',18,28,25.0342,700,700,NULL,NULL,'sim-Line-2-2026-02-24-003-010RO-Water018','RO-Water018','2026-02-24 02:09:08',0,NULL,NULL,0,NULL,NULL),(662,504,'sim-Line-2-2026-02-24-003-010-RO-Water-019','sim-Line-2-2026-02-24-003','RO-Water',19,28,25.0117,700,700,NULL,NULL,'sim-Line-2-2026-02-24-003-010RO-Water019','RO-Water019','2026-02-24 02:09:08',0,NULL,NULL,0,NULL,NULL),(663,504,'sim-Line-2-2026-02-24-003-010-RO-Water-020','sim-Line-2-2026-02-24-003','RO-Water',20,28,25.0018,700,700,NULL,NULL,'sim-Line-2-2026-02-24-003-010RO-Water020','RO-Water020','2026-02-24 02:09:08',0,NULL,NULL,0,NULL,NULL),(664,504,'sim-Line-2-2026-02-24-003-010-RO-Water-021','sim-Line-2-2026-02-24-003','RO-Water',21,28,25.0333,700,700,NULL,NULL,'sim-Line-2-2026-02-24-003-010RO-Water021','RO-Water021','2026-02-24 02:09:08',0,NULL,NULL,1,'2026-02-24 09:09:06','simulator'),(665,504,'sim-Line-2-2026-02-24-003-010-RO-Water-022','sim-Line-2-2026-02-24-003','RO-Water',22,28,25.0492,700,700,NULL,NULL,'sim-Line-2-2026-02-24-003-010RO-Water022','RO-Water022','2026-02-24 02:09:08',0,NULL,NULL,0,NULL,NULL),(666,504,'sim-Line-2-2026-02-24-003-010-RO-Water-023','sim-Line-2-2026-02-24-003','RO-Water',23,28,24.9689,700,700,NULL,NULL,'sim-Line-2-2026-02-24-003-010RO-Water023','RO-Water023','2026-02-24 02:09:08',0,NULL,NULL,0,NULL,NULL),(667,504,'sim-Line-2-2026-02-24-003-010-RO-Water-024','sim-Line-2-2026-02-24-003','RO-Water',24,28,24.9855,700,700,NULL,NULL,'sim-Line-2-2026-02-24-003-010RO-Water024','RO-Water024','2026-02-24 02:09:09',0,NULL,NULL,0,NULL,NULL),(668,504,'sim-Line-2-2026-02-24-003-010-RO-Water-025','sim-Line-2-2026-02-24-003','RO-Water',25,28,24.9607,700,700,NULL,NULL,'sim-Line-2-2026-02-24-003-010RO-Water025','RO-Water025','2026-02-24 02:09:09',0,NULL,NULL,0,NULL,NULL),(669,504,'sim-Line-2-2026-02-24-003-010-RO-Water-026','sim-Line-2-2026-02-24-003','RO-Water',26,28,25.0368,700,700,NULL,NULL,'sim-Line-2-2026-02-24-003-010RO-Water026','RO-Water026','2026-02-24 02:09:09',0,NULL,NULL,0,NULL,NULL),(670,504,'sim-Line-2-2026-02-24-003-010-RO-Water-027','sim-Line-2-2026-02-24-003','RO-Water',27,28,24.9823,700,700,NULL,NULL,'sim-Line-2-2026-02-24-003-010RO-Water027','RO-Water027','2026-02-24 02:09:09',0,NULL,NULL,0,NULL,NULL),(671,504,'sim-Line-2-2026-02-24-003-010-RO-Water-028','sim-Line-2-2026-02-24-003','RO-Water',28,28,25.0279,700,700,NULL,NULL,'sim-Line-2-2026-02-24-003-010RO-Water028','RO-Water028','2026-02-24 02:09:09',0,NULL,NULL,0,NULL,NULL),(672,505,'sim-Line-2-2026-02-24-003-010-MIS-001','sim-Line-2-2026-02-24-003','MIS',1,1,399.977,400,400,NULL,NULL,'sim-Line-2-2026-02-24-003-010MIS001','MIS001','2026-02-24 02:09:09',0,NULL,NULL,0,NULL,NULL),(673,506,'sim-Line-3-2026-02-24-001-001-MIS-001','sim-Line-3-2026-02-24-001','MIS',1,1,786.981,787.019,787.019,NULL,NULL,'sim-Line-3-2026-02-24-001-001MIS001','MIS001','2026-02-24 02:09:13',0,NULL,NULL,1,'2026-02-24 09:09:13','simulator'),(674,507,'sim-Line-3-2026-02-24-001-001-RO-Water-001','sim-Line-3-2026-02-24-001','RO-Water',1,5,24.9669,140,140,NULL,NULL,'sim-Line-3-2026-02-24-001-001RO-Water001','RO-Water001','2026-02-24 02:09:13',0,NULL,NULL,1,'2026-02-24 09:09:13','simulator'),(675,507,'sim-Line-3-2026-02-24-001-001-RO-Water-002','sim-Line-3-2026-02-24-001','RO-Water',2,5,24.9771,140,140,NULL,NULL,'sim-Line-3-2026-02-24-001-001RO-Water002','RO-Water002','2026-02-24 02:09:13',0,NULL,NULL,0,NULL,NULL),(676,507,'sim-Line-3-2026-02-24-001-001-RO-Water-003','sim-Line-3-2026-02-24-001','RO-Water',3,5,25.0326,140,140,NULL,NULL,'sim-Line-3-2026-02-24-001-001RO-Water003','RO-Water003','2026-02-24 02:09:13',0,NULL,NULL,0,NULL,NULL),(677,507,'sim-Line-3-2026-02-24-001-001-RO-Water-004','sim-Line-3-2026-02-24-001','RO-Water',4,5,25.0493,140,140,NULL,NULL,'sim-Line-3-2026-02-24-001-001RO-Water004','RO-Water004','2026-02-24 02:09:13',0,NULL,NULL,0,NULL,NULL),(678,507,'sim-Line-3-2026-02-24-001-001-RO-Water-005','sim-Line-3-2026-02-24-001','RO-Water',5,5,39.9949,140,140,NULL,NULL,'sim-Line-3-2026-02-24-001-001RO-Water005','RO-Water005','2026-02-24 02:09:13',0,NULL,NULL,0,NULL,NULL),(679,508,'sim-Line-3-2026-02-24-001-001-CPK Keltrol-001','sim-Line-3-2026-02-24-001','CPK Keltrol',1,1,0.1832,0.2,0.2,NULL,NULL,'sim-Line-3-2026-02-24-001-001CPK Keltrol001','CPK Keltrol001','2026-02-24 02:09:14',0,NULL,NULL,0,NULL,NULL),(680,509,'sim-Line-3-2026-02-24-001-001-W100 CG 50 kg-001','sim-Line-3-2026-02-24-001','W100 CG 50 kg',1,1,0.9933,1,1,NULL,NULL,'sim-Line-3-2026-02-24-001-001W100 CG 50 kg001','W100 CG 50 kg001','2026-02-24 02:09:14',0,NULL,NULL,0,NULL,NULL),(681,510,'sim-Line-3-2026-02-24-001-001-Potassium Sorbate-001','sim-Line-3-2026-02-24-001','Potassium Sorbate',1,1,0.4565,0.5,0.5,NULL,NULL,'sim-Line-3-2026-02-24-001-001Potassium Sorbate001','Potassium Sorbate001','2026-02-24 02:09:14',0,NULL,NULL,0,NULL,NULL),(682,511,'sim-Line-3-2026-02-24-001-001-Sodium Benzoate-001','sim-Line-3-2026-02-24-001','Sodium Benzoate',1,1,0.5107,0.5,0.5,NULL,NULL,'sim-Line-3-2026-02-24-001-001Sodium Benzoate001','Sodium Benzoate001','2026-02-24 02:09:14',0,NULL,NULL,1,'2026-02-24 09:09:15','simulator'),(683,512,'sim-Line-3-2026-02-24-001-001-Trisodium Citrate-001','sim-Line-3-2026-02-24-001','Trisodium Citrate',1,3,0.9634,3,3,NULL,NULL,'sim-Line-3-2026-02-24-001-001Trisodium Citrate001','Trisodium Citrate001','2026-02-24 02:09:15',0,NULL,NULL,0,NULL,NULL),(684,512,'sim-Line-3-2026-02-24-001-001-Trisodium Citrate-002','sim-Line-3-2026-02-24-001','Trisodium Citrate',2,3,0.9912,3,3,NULL,NULL,'sim-Line-3-2026-02-24-001-001Trisodium Citrate002','Trisodium Citrate002','2026-02-24 02:09:15',0,NULL,NULL,0,NULL,NULL),(685,512,'sim-Line-3-2026-02-24-001-001-Trisodium Citrate-003','sim-Line-3-2026-02-24-001','Trisodium Citrate',3,3,1.0369,3,3,NULL,NULL,'sim-Line-3-2026-02-24-001-001Trisodium Citrate003','Trisodium Citrate003','2026-02-24 02:09:15',0,NULL,NULL,1,'2026-02-24 09:09:15','simulator'),(686,514,'sim-Line-3-2026-02-24-001-001-CL004A-001','sim-Line-3-2026-02-24-001','CL004A',1,1,0.2405,0.28,0.28,NULL,NULL,'sim-Line-3-2026-02-24-001-001CL004A001','CL004A001','2026-02-24 02:09:15',0,NULL,NULL,0,NULL,NULL),(687,517,'sim-Line-3-2026-02-24-001-001-Frozen Pomegranate Concentrate (DKSH)-001','sim-Line-3-2026-02-24-001','Frozen Pomegranate Concentrate (DKSH)',1,1,29.9564,30,30,NULL,NULL,'sim-Line-3-2026-02-24-001-001Frozen Pomegranate Concentrate (DKSH)001','Frozen Pomegranate Concentrate (DKSH)001','2026-02-24 02:09:15',0,NULL,NULL,0,NULL,NULL),(688,518,'sim-Line-3-2026-02-24-001-001-FV059A-001','sim-Line-3-2026-02-24-001','FV059A',1,1,4.9858,5,5,NULL,NULL,'sim-Line-3-2026-02-24-001-001FV059A001','FV059A001','2026-02-24 02:09:16',0,NULL,NULL,0,NULL,NULL),(689,522,'sim-Line-3-2026-02-24-001-002-CPK Keltrol-001','sim-Line-3-2026-02-24-001','CPK Keltrol',1,1,0.2125,0.2,0.2,NULL,NULL,'sim-Line-3-2026-02-24-001-002CPK Keltrol001','CPK Keltrol001','2026-02-24 02:09:16',0,NULL,NULL,0,NULL,NULL),(690,523,'sim-Line-3-2026-02-24-001-002-W100 CG 50 kg-001','sim-Line-3-2026-02-24-001','W100 CG 50 kg',1,1,0.9849,1,1,NULL,NULL,'sim-Line-3-2026-02-24-001-002W100 CG 50 kg001','W100 CG 50 kg001','2026-02-24 02:09:16',0,NULL,NULL,0,NULL,NULL),(691,524,'sim-Line-3-2026-02-24-001-002-Potassium Sorbate-001','sim-Line-3-2026-02-24-001','Potassium Sorbate',1,1,0.4584,0.5,0.5,NULL,NULL,'sim-Line-3-2026-02-24-001-002Potassium Sorbate001','Potassium Sorbate001','2026-02-24 02:09:17',0,NULL,NULL,0,NULL,NULL),(692,525,'sim-Line-3-2026-02-24-001-002-Sodium Benzoate-001','sim-Line-3-2026-02-24-001','Sodium Benzoate',1,1,0.544,0.5,0.5,NULL,NULL,'sim-Line-3-2026-02-24-001-002Sodium Benzoate001','Sodium Benzoate001','2026-02-24 02:09:17',0,NULL,NULL,0,NULL,NULL),(693,526,'sim-Line-3-2026-02-24-001-002-Trisodium Citrate-001','sim-Line-3-2026-02-24-001','Trisodium Citrate',1,3,1.0185,3,3,NULL,NULL,'sim-Line-3-2026-02-24-001-002Trisodium Citrate001','Trisodium Citrate001','2026-02-24 02:09:17',0,NULL,NULL,0,NULL,NULL),(694,526,'sim-Line-3-2026-02-24-001-002-Trisodium Citrate-002','sim-Line-3-2026-02-24-001','Trisodium Citrate',2,3,1.0386,3,3,NULL,NULL,'sim-Line-3-2026-02-24-001-002Trisodium Citrate002','Trisodium Citrate002','2026-02-24 02:09:17',0,NULL,NULL,1,'2026-02-24 09:09:17','simulator'),(695,526,'sim-Line-3-2026-02-24-001-002-Trisodium Citrate-003','sim-Line-3-2026-02-24-001','Trisodium Citrate',3,3,0.9778,3,3,NULL,NULL,'sim-Line-3-2026-02-24-001-002Trisodium Citrate003','Trisodium Citrate003','2026-02-24 02:09:17',0,NULL,NULL,0,NULL,NULL),(696,528,'sim-Line-3-2026-02-24-001-002-CL004A-001','sim-Line-3-2026-02-24-001','CL004A',1,1,0.2907,0.28,0.28,NULL,NULL,'sim-Line-3-2026-02-24-001-002CL004A001','CL004A001','2026-02-24 02:09:17',0,NULL,NULL,0,NULL,NULL),(697,530,'sim-Line-3-2026-02-24-001-002-Mixed Berry Concentrate-001','sim-Line-3-2026-02-24-001','Mixed Berry Concentrate',1,1,20.0211,20,20,NULL,NULL,'sim-Line-3-2026-02-24-001-002Mixed Berry Concentrate001','Mixed Berry Concentrate001','2026-02-24 02:09:18',0,NULL,NULL,1,'2026-02-24 09:09:18','simulator'),(698,531,'sim-Line-3-2026-02-24-001-002-Frozen Pomegranate Concentrate (DKSH)-001','sim-Line-3-2026-02-24-001','Frozen Pomegranate Concentrate (DKSH)',1,1,30.0369,30,30,NULL,NULL,'sim-Line-3-2026-02-24-001-002Frozen Pomegranate Concentrate (DKSH)001','Frozen Pomegranate Concentrate (DKSH)001','2026-02-24 02:09:18',0,NULL,NULL,0,NULL,NULL),(699,532,'sim-Line-3-2026-02-24-001-002-FV059A-001','sim-Line-3-2026-02-24-001','FV059A',1,1,4.9721,5,5,NULL,NULL,'sim-Line-3-2026-02-24-001-002FV059A001','FV059A001','2026-02-24 02:09:18',0,NULL,NULL,0,NULL,NULL),(700,533,'sim-Line-3-2026-02-24-001-002-FV064A-001','sim-Line-3-2026-02-24-001','FV064A',1,1,2.0046,2,2,NULL,NULL,'sim-Line-3-2026-02-24-001-002FV064A001','FV064A001','2026-02-24 02:09:18',0,NULL,NULL,0,NULL,NULL),(701,534,'sim-Line-3-2026-02-24-001-003-MIS-001','sim-Line-3-2026-02-24-001','MIS',1,1,786.986,787.019,787.019,NULL,NULL,'sim-Line-3-2026-02-24-001-003MIS001','MIS001','2026-02-24 02:09:18',1,NULL,NULL,0,NULL,NULL),(702,535,'sim-Line-3-2026-02-24-001-003-RO-Water-001','sim-Line-3-2026-02-24-001','RO-Water',1,5,24.9727,140,140,NULL,NULL,'sim-Line-3-2026-02-24-001-003RO-Water001','RO-Water001','2026-02-24 02:09:19',1,NULL,NULL,1,'2026-02-24 09:09:19','simulator'),(703,535,'sim-Line-3-2026-02-24-001-003-RO-Water-002','sim-Line-3-2026-02-24-001','RO-Water',2,5,24.9595,140,140,NULL,NULL,'sim-Line-3-2026-02-24-001-003RO-Water002','RO-Water002','2026-02-24 02:09:19',1,NULL,NULL,0,NULL,NULL),(704,535,'sim-Line-3-2026-02-24-001-003-RO-Water-003','sim-Line-3-2026-02-24-001','RO-Water',3,5,25.04,140,140,NULL,NULL,'sim-Line-3-2026-02-24-001-003RO-Water003','RO-Water003','2026-02-24 02:09:19',1,NULL,NULL,0,NULL,NULL),(705,535,'sim-Line-3-2026-02-24-001-003-RO-Water-004','sim-Line-3-2026-02-24-001','RO-Water',4,5,24.9977,140,140,NULL,NULL,'sim-Line-3-2026-02-24-001-003RO-Water004','RO-Water004','2026-02-24 02:09:19',1,NULL,NULL,0,NULL,NULL),(706,535,'sim-Line-3-2026-02-24-001-003-RO-Water-005','sim-Line-3-2026-02-24-001','RO-Water',5,5,40.0408,140,140,NULL,NULL,'sim-Line-3-2026-02-24-001-003RO-Water005','RO-Water005','2026-02-24 02:09:19',1,NULL,NULL,0,NULL,NULL),(707,536,'sim-Line-3-2026-02-24-001-003-CPK Keltrol-001','sim-Line-3-2026-02-24-001','CPK Keltrol',1,1,0.1965,0.2,0.2,NULL,NULL,'sim-Line-3-2026-02-24-001-003CPK Keltrol001','CPK Keltrol001','2026-02-24 02:09:19',1,NULL,NULL,0,NULL,NULL),(708,537,'sim-Line-3-2026-02-24-001-003-W100 CG 50 kg-001','sim-Line-3-2026-02-24-001','W100 CG 50 kg',1,1,1.039,1,1,NULL,NULL,'sim-Line-3-2026-02-24-001-003W100 CG 50 kg001','W100 CG 50 kg001','2026-02-24 02:09:19',1,NULL,NULL,1,'2026-02-24 09:09:20','simulator'),(709,538,'sim-Line-3-2026-02-24-001-003-Potassium Sorbate-001','sim-Line-3-2026-02-24-001','Potassium Sorbate',1,1,0.5311,0.5,0.5,NULL,NULL,'sim-Line-3-2026-02-24-001-003Potassium Sorbate001','Potassium Sorbate001','2026-02-24 02:09:19',1,NULL,NULL,0,NULL,NULL),(710,539,'sim-Line-3-2026-02-24-001-003-Sodium Benzoate-001','sim-Line-3-2026-02-24-001','Sodium Benzoate',1,1,0.5015,0.5,0.5,NULL,NULL,'sim-Line-3-2026-02-24-001-003Sodium Benzoate001','Sodium Benzoate001','2026-02-24 02:09:20',1,NULL,NULL,1,'2026-02-24 09:09:20','simulator'),(711,540,'sim-Line-3-2026-02-24-001-003-Trisodium Citrate-001','sim-Line-3-2026-02-24-001','Trisodium Citrate',1,3,0.9795,3,3,NULL,NULL,'sim-Line-3-2026-02-24-001-003Trisodium Citrate001','Trisodium Citrate001','2026-02-24 02:09:20',1,NULL,NULL,0,NULL,NULL),(712,540,'sim-Line-3-2026-02-24-001-003-Trisodium Citrate-002','sim-Line-3-2026-02-24-001','Trisodium Citrate',2,3,0.9533,3,3,NULL,NULL,'sim-Line-3-2026-02-24-001-003Trisodium Citrate002','Trisodium Citrate002','2026-02-24 02:09:20',1,NULL,NULL,0,NULL,NULL),(713,540,'sim-Line-3-2026-02-24-001-003-Trisodium Citrate-003','sim-Line-3-2026-02-24-001','Trisodium Citrate',3,3,1.0175,3,3,NULL,NULL,'sim-Line-3-2026-02-24-001-003Trisodium Citrate003','Trisodium Citrate003','2026-02-24 02:09:20',1,NULL,NULL,0,NULL,NULL),(714,541,'sim-Line-3-2026-02-24-001-003-Citric Acid-001','sim-Line-3-2026-02-24-001','Citric Acid',1,1,9.9951,10,10,NULL,NULL,'sim-Line-3-2026-02-24-001-003Citric Acid001','Citric Acid001','2026-02-24 02:09:20',1,NULL,NULL,1,'2026-02-24 09:09:20','simulator'),(715,542,'sim-Line-3-2026-02-24-001-003-CL004A-001','sim-Line-3-2026-02-24-001','CL004A',1,1,0.2988,0.28,0.28,NULL,NULL,'sim-Line-3-2026-02-24-001-003CL004A001','CL004A001','2026-02-24 02:09:20',1,NULL,NULL,0,NULL,NULL),(716,543,'sim-Line-3-2026-02-24-001-003-CL005A-001','sim-Line-3-2026-02-24-001','CL005A',1,1,-0.0325,0.0014,0.0014,NULL,NULL,'sim-Line-3-2026-02-24-001-003CL005A001','CL005A001','2026-02-24 02:09:20',1,NULL,NULL,1,'2026-02-24 09:09:21','simulator'),(717,544,'sim-Line-3-2026-02-24-001-003-Mixed Berry Concentrate-001','sim-Line-3-2026-02-24-001','Mixed Berry Concentrate',1,1,19.9817,20,20,NULL,NULL,'sim-Line-3-2026-02-24-001-003Mixed Berry Concentrate001','Mixed Berry Concentrate001','2026-02-24 02:09:21',1,NULL,NULL,1,'2026-02-24 09:09:21','simulator'),(718,545,'sim-Line-3-2026-02-24-001-003-Frozen Pomegranate Concentrate (DKSH)-001','sim-Line-3-2026-02-24-001','Frozen Pomegranate Concentrate (DKSH)',1,1,29.9618,30,30,NULL,NULL,'sim-Line-3-2026-02-24-001-003Frozen Pomegranate Concentrate (DKSH)001','Frozen Pomegranate Concentrate (DKSH)001','2026-02-24 02:09:21',1,NULL,NULL,0,NULL,NULL),(719,546,'sim-Line-3-2026-02-24-001-003-FV059A-001','sim-Line-3-2026-02-24-001','FV059A',1,1,5.0381,5,5,NULL,NULL,'sim-Line-3-2026-02-24-001-003FV059A001','FV059A001','2026-02-24 02:09:21',1,NULL,NULL,1,'2026-02-24 09:09:21','simulator'),(720,547,'sim-Line-3-2026-02-24-001-003-FV064A-001','sim-Line-3-2026-02-24-001','FV064A',1,1,1.98,2,2,NULL,NULL,'sim-Line-3-2026-02-24-001-003FV064A001','FV064A001','2026-02-24 02:09:21',1,NULL,NULL,1,'2026-02-24 09:09:21','simulator'),(721,548,'sim-Line-3-2026-02-24-001-004-MIS-001','sim-Line-3-2026-02-24-001','MIS',1,1,787.013,787.019,787.019,NULL,NULL,'sim-Line-3-2026-02-24-001-004MIS001','MIS001','2026-02-24 02:09:21',0,NULL,NULL,0,NULL,NULL),(722,550,'sim-Line-3-2026-02-24-001-004-CPK Keltrol-001','sim-Line-3-2026-02-24-001','CPK Keltrol',1,1,0.1714,0.2,0.2,NULL,NULL,'sim-Line-3-2026-02-24-001-004CPK Keltrol001','CPK Keltrol001','2026-02-24 02:09:22',0,NULL,NULL,0,NULL,NULL),(723,551,'sim-Line-3-2026-02-24-001-004-W100 CG 50 kg-001','sim-Line-3-2026-02-24-001','W100 CG 50 kg',1,1,0.968,1,1,NULL,NULL,'sim-Line-3-2026-02-24-001-004W100 CG 50 kg001','W100 CG 50 kg001','2026-02-24 02:09:22',0,NULL,NULL,0,NULL,NULL),(724,552,'sim-Line-3-2026-02-24-001-004-Potassium Sorbate-001','sim-Line-3-2026-02-24-001','Potassium Sorbate',1,1,0.4892,0.5,0.5,NULL,NULL,'sim-Line-3-2026-02-24-001-004Potassium Sorbate001','Potassium Sorbate001','2026-02-24 02:09:22',0,NULL,NULL,0,NULL,NULL),(725,553,'sim-Line-3-2026-02-24-001-004-Sodium Benzoate-001','sim-Line-3-2026-02-24-001','Sodium Benzoate',1,1,0.4779,0.5,0.5,NULL,NULL,'sim-Line-3-2026-02-24-001-004Sodium Benzoate001','Sodium Benzoate001','2026-02-24 02:09:22',0,NULL,NULL,1,'2026-02-24 09:09:23','simulator'),(726,556,'sim-Line-3-2026-02-24-001-004-CL004A-001','sim-Line-3-2026-02-24-001','CL004A',1,1,0.2647,0.28,0.28,NULL,NULL,'sim-Line-3-2026-02-24-001-004CL004A001','CL004A001','2026-02-24 02:09:23',0,NULL,NULL,0,NULL,NULL),(727,557,'sim-Line-3-2026-02-24-001-004-CL005A-001','sim-Line-3-2026-02-24-001','CL005A',1,1,0.033,0.0014,0.0014,NULL,NULL,'sim-Line-3-2026-02-24-001-004CL005A001','CL005A001','2026-02-24 02:09:23',0,NULL,NULL,1,'2026-02-24 09:09:23','simulator'),(728,559,'sim-Line-3-2026-02-24-001-004-Frozen Pomegranate Concentrate (DKSH)-001','sim-Line-3-2026-02-24-001','Frozen Pomegranate Concentrate (DKSH)',1,1,29.9653,30,30,NULL,NULL,'sim-Line-3-2026-02-24-001-004Frozen Pomegranate Concentrate (DKSH)001','Frozen Pomegranate Concentrate (DKSH)001','2026-02-24 02:09:24',0,NULL,NULL,0,NULL,NULL),(729,562,'sim-Line-3-2026-02-24-001-005-MIS-001','sim-Line-3-2026-02-24-001','MIS',1,1,786.979,787.019,787.019,NULL,NULL,'sim-Line-3-2026-02-24-001-005MIS001','MIS001','2026-02-24 02:09:24',1,NULL,NULL,1,'2026-02-24 09:09:25','simulator'),(730,563,'sim-Line-3-2026-02-24-001-005-RO-Water-001','sim-Line-3-2026-02-24-001','RO-Water',1,5,24.9981,140,140,NULL,NULL,'sim-Line-3-2026-02-24-001-005RO-Water001','RO-Water001','2026-02-24 02:09:25',1,NULL,NULL,0,NULL,NULL),(731,563,'sim-Line-3-2026-02-24-001-005-RO-Water-002','sim-Line-3-2026-02-24-001','RO-Water',2,5,24.9514,140,140,NULL,NULL,'sim-Line-3-2026-02-24-001-005RO-Water002','RO-Water002','2026-02-24 02:09:25',1,NULL,NULL,1,'2026-02-24 09:09:25','simulator'),(732,563,'sim-Line-3-2026-02-24-001-005-RO-Water-003','sim-Line-3-2026-02-24-001','RO-Water',3,5,24.9536,140,140,NULL,NULL,'sim-Line-3-2026-02-24-001-005RO-Water003','RO-Water003','2026-02-24 02:09:25',1,NULL,NULL,0,NULL,NULL),(733,563,'sim-Line-3-2026-02-24-001-005-RO-Water-004','sim-Line-3-2026-02-24-001','RO-Water',4,5,25.0359,140,140,NULL,NULL,'sim-Line-3-2026-02-24-001-005RO-Water004','RO-Water004','2026-02-24 02:09:25',1,NULL,NULL,0,NULL,NULL),(734,563,'sim-Line-3-2026-02-24-001-005-RO-Water-005','sim-Line-3-2026-02-24-001','RO-Water',5,5,40.0015,140,140,NULL,NULL,'sim-Line-3-2026-02-24-001-005RO-Water005','RO-Water005','2026-02-24 02:09:25',1,NULL,NULL,1,'2026-02-24 09:09:25','simulator'),(735,564,'sim-Line-3-2026-02-24-001-005-CPK Keltrol-001','sim-Line-3-2026-02-24-001','CPK Keltrol',1,1,0.189,0.2,0.2,NULL,NULL,'sim-Line-3-2026-02-24-001-005CPK Keltrol001','CPK Keltrol001','2026-02-24 02:09:25',1,NULL,NULL,1,'2026-02-24 09:09:26','simulator'),(736,565,'sim-Line-3-2026-02-24-001-005-W100 CG 50 kg-001','sim-Line-3-2026-02-24-001','W100 CG 50 kg',1,1,0.9902,1,1,NULL,NULL,'sim-Line-3-2026-02-24-001-005W100 CG 50 kg001','W100 CG 50 kg001','2026-02-24 02:09:26',1,NULL,NULL,0,NULL,NULL),(737,566,'sim-Line-3-2026-02-24-001-005-Potassium Sorbate-001','sim-Line-3-2026-02-24-001','Potassium Sorbate',1,1,0.4683,0.5,0.5,NULL,NULL,'sim-Line-3-2026-02-24-001-005Potassium Sorbate001','Potassium Sorbate001','2026-02-24 02:09:26',1,NULL,NULL,1,'2026-02-24 09:09:26','simulator'),(738,567,'sim-Line-3-2026-02-24-001-005-Sodium Benzoate-001','sim-Line-3-2026-02-24-001','Sodium Benzoate',1,1,0.5067,0.5,0.5,NULL,NULL,'sim-Line-3-2026-02-24-001-005Sodium Benzoate001','Sodium Benzoate001','2026-02-24 02:09:26',1,NULL,NULL,0,NULL,NULL),(739,568,'sim-Line-3-2026-02-24-001-005-Trisodium Citrate-001','sim-Line-3-2026-02-24-001','Trisodium Citrate',1,3,1.0087,3,3,NULL,NULL,'sim-Line-3-2026-02-24-001-005Trisodium Citrate001','Trisodium Citrate001','2026-02-24 02:09:27',1,NULL,NULL,1,'2026-02-24 09:09:27','simulator'),(740,568,'sim-Line-3-2026-02-24-001-005-Trisodium Citrate-002','sim-Line-3-2026-02-24-001','Trisodium Citrate',2,3,0.9869,3,3,NULL,NULL,'sim-Line-3-2026-02-24-001-005Trisodium Citrate002','Trisodium Citrate002','2026-02-24 02:09:27',1,NULL,NULL,1,'2026-02-24 09:09:27','simulator'),(741,568,'sim-Line-3-2026-02-24-001-005-Trisodium Citrate-003','sim-Line-3-2026-02-24-001','Trisodium Citrate',3,3,1.048,3,3,NULL,NULL,'sim-Line-3-2026-02-24-001-005Trisodium Citrate003','Trisodium Citrate003','2026-02-24 02:09:27',1,NULL,NULL,0,NULL,NULL),(742,569,'sim-Line-3-2026-02-24-001-005-Citric Acid-001','sim-Line-3-2026-02-24-001','Citric Acid',1,1,9.9856,10,10,NULL,NULL,'sim-Line-3-2026-02-24-001-005Citric Acid001','Citric Acid001','2026-02-24 02:09:28',1,NULL,NULL,0,NULL,NULL),(743,570,'sim-Line-3-2026-02-24-001-005-CL004A-001','sim-Line-3-2026-02-24-001','CL004A',1,1,0.3098,0.28,0.28,NULL,NULL,'sim-Line-3-2026-02-24-001-005CL004A001','CL004A001','2026-02-24 02:09:28',1,NULL,NULL,1,'2026-02-24 09:09:28','simulator'),(744,571,'sim-Line-3-2026-02-24-001-005-CL005A-001','sim-Line-3-2026-02-24-001','CL005A',1,1,0.002,0.0014,0.0014,NULL,NULL,'sim-Line-3-2026-02-24-001-005CL005A001','CL005A001','2026-02-24 02:09:28',1,NULL,NULL,0,NULL,NULL),(745,572,'sim-Line-3-2026-02-24-001-005-Mixed Berry Concentrate-001','sim-Line-3-2026-02-24-001','Mixed Berry Concentrate',1,1,19.9585,20,20,NULL,NULL,'sim-Line-3-2026-02-24-001-005Mixed Berry Concentrate001','Mixed Berry Concentrate001','2026-02-24 02:09:29',1,NULL,NULL,0,NULL,NULL),(746,573,'sim-Line-3-2026-02-24-001-005-Frozen Pomegranate Concentrate (DKSH)-001','sim-Line-3-2026-02-24-001','Frozen Pomegranate Concentrate (DKSH)',1,1,30.0344,30,30,NULL,NULL,'sim-Line-3-2026-02-24-001-005Frozen Pomegranate Concentrate (DKSH)001','Frozen Pomegranate Concentrate (DKSH)001','2026-02-24 02:09:29',1,NULL,NULL,1,'2026-02-24 09:09:29','simulator'),(747,574,'sim-Line-3-2026-02-24-001-005-FV059A-001','sim-Line-3-2026-02-24-001','FV059A',1,1,4.9666,5,5,NULL,NULL,'sim-Line-3-2026-02-24-001-005FV059A001','FV059A001','2026-02-24 02:09:29',1,NULL,NULL,1,'2026-02-24 09:09:29','simulator'),(748,575,'sim-Line-3-2026-02-24-001-005-FV064A-001','sim-Line-3-2026-02-24-001','FV064A',1,1,2.0444,2,2,NULL,NULL,'sim-Line-3-2026-02-24-001-005FV064A001','FV064A001','2026-02-24 02:09:29',1,NULL,NULL,0,NULL,NULL),(749,576,'sim-Line-3-2026-02-24-001-006-MIS-001','sim-Line-3-2026-02-24-001','MIS',1,1,787.018,787.019,787.019,NULL,NULL,'sim-Line-3-2026-02-24-001-006MIS001','MIS001','2026-02-24 02:09:30',0,NULL,NULL,0,NULL,NULL),(750,577,'sim-Line-3-2026-02-24-001-006-RO-Water-001','sim-Line-3-2026-02-24-001','RO-Water',1,5,24.9687,140,140,NULL,NULL,'sim-Line-3-2026-02-24-001-006RO-Water001','RO-Water001','2026-02-24 02:09:30',0,NULL,NULL,1,'2026-02-24 09:09:30','simulator'),(751,577,'sim-Line-3-2026-02-24-001-006-RO-Water-002','sim-Line-3-2026-02-24-001','RO-Water',2,5,24.9648,140,140,NULL,NULL,'sim-Line-3-2026-02-24-001-006RO-Water002','RO-Water002','2026-02-24 02:09:30',0,NULL,NULL,0,NULL,NULL),(752,577,'sim-Line-3-2026-02-24-001-006-RO-Water-003','sim-Line-3-2026-02-24-001','RO-Water',3,5,24.9786,140,140,NULL,NULL,'sim-Line-3-2026-02-24-001-006RO-Water003','RO-Water003','2026-02-24 02:09:30',0,NULL,NULL,0,NULL,NULL),(753,577,'sim-Line-3-2026-02-24-001-006-RO-Water-004','sim-Line-3-2026-02-24-001','RO-Water',4,5,25.0167,140,140,NULL,NULL,'sim-Line-3-2026-02-24-001-006RO-Water004','RO-Water004','2026-02-24 02:09:30',0,NULL,NULL,0,NULL,NULL),(754,577,'sim-Line-3-2026-02-24-001-006-RO-Water-005','sim-Line-3-2026-02-24-001','RO-Water',5,5,40.0317,140,140,NULL,NULL,'sim-Line-3-2026-02-24-001-006RO-Water005','RO-Water005','2026-02-24 02:09:30',0,NULL,NULL,0,NULL,NULL),(755,578,'sim-Line-3-2026-02-24-001-006-CPK Keltrol-001','sim-Line-3-2026-02-24-001','CPK Keltrol',1,1,0.245,0.2,0.2,NULL,NULL,'sim-Line-3-2026-02-24-001-006CPK Keltrol001','CPK Keltrol001','2026-02-24 02:09:31',0,NULL,NULL,0,NULL,NULL),(756,580,'sim-Line-3-2026-02-24-001-006-Potassium Sorbate-001','sim-Line-3-2026-02-24-001','Potassium Sorbate',1,1,0.5288,0.5,0.5,NULL,NULL,'sim-Line-3-2026-02-24-001-006Potassium Sorbate001','Potassium Sorbate001','2026-02-24 02:09:31',0,NULL,NULL,0,NULL,NULL),(757,582,'sim-Line-3-2026-02-24-001-006-Trisodium Citrate-001','sim-Line-3-2026-02-24-001','Trisodium Citrate',1,3,1.0346,3,3,NULL,NULL,'sim-Line-3-2026-02-24-001-006Trisodium Citrate001','Trisodium Citrate001','2026-02-24 02:09:31',0,NULL,NULL,1,'2026-02-24 09:09:31','simulator'),(758,582,'sim-Line-3-2026-02-24-001-006-Trisodium Citrate-002','sim-Line-3-2026-02-24-001','Trisodium Citrate',2,3,0.9841,3,3,NULL,NULL,'sim-Line-3-2026-02-24-001-006Trisodium Citrate002','Trisodium Citrate002','2026-02-24 02:09:32',0,NULL,NULL,0,NULL,NULL),(759,582,'sim-Line-3-2026-02-24-001-006-Trisodium Citrate-003','sim-Line-3-2026-02-24-001','Trisodium Citrate',3,3,0.9861,3,3,NULL,NULL,'sim-Line-3-2026-02-24-001-006Trisodium Citrate003','Trisodium Citrate003','2026-02-24 02:09:32',0,NULL,NULL,0,NULL,NULL),(760,583,'sim-Line-3-2026-02-24-001-006-Citric Acid-001','sim-Line-3-2026-02-24-001','Citric Acid',1,1,10.0402,10,10,NULL,NULL,'sim-Line-3-2026-02-24-001-006Citric Acid001','Citric Acid001','2026-02-24 02:09:32',0,NULL,NULL,0,NULL,NULL),(761,584,'sim-Line-3-2026-02-24-001-006-CL004A-001','sim-Line-3-2026-02-24-001','CL004A',1,1,0.3161,0.28,0.28,NULL,NULL,'sim-Line-3-2026-02-24-001-006CL004A001','CL004A001','2026-02-24 02:09:32',0,NULL,NULL,0,NULL,NULL),(762,585,'sim-Line-3-2026-02-24-001-006-CL005A-001','sim-Line-3-2026-02-24-001','CL005A',1,1,0.0287,0.0014,0.0014,NULL,NULL,'sim-Line-3-2026-02-24-001-006CL005A001','CL005A001','2026-02-24 02:09:32',0,NULL,NULL,0,NULL,NULL),(763,587,'sim-Line-3-2026-02-24-001-006-Frozen Pomegranate Concentrate (DKSH)-001','sim-Line-3-2026-02-24-001','Frozen Pomegranate Concentrate (DKSH)',1,1,30.011,30,30,NULL,NULL,'sim-Line-3-2026-02-24-001-006Frozen Pomegranate Concentrate (DKSH)001','Frozen Pomegranate Concentrate (DKSH)001','2026-02-24 02:09:33',0,NULL,NULL,0,NULL,NULL),(764,590,'sim-Line-3-2026-02-24-001-007-MIS-001','sim-Line-3-2026-02-24-001','MIS',1,1,787.034,787.019,787.019,NULL,NULL,'sim-Line-3-2026-02-24-001-007MIS001','MIS001','2026-02-24 02:09:33',0,NULL,NULL,0,NULL,NULL),(765,591,'sim-Line-3-2026-02-24-001-007-RO-Water-001','sim-Line-3-2026-02-24-001','RO-Water',1,5,25.0365,140,140,NULL,NULL,'sim-Line-3-2026-02-24-001-007RO-Water001','RO-Water001','2026-02-24 02:09:34',0,NULL,NULL,0,NULL,NULL),(766,591,'sim-Line-3-2026-02-24-001-007-RO-Water-002','sim-Line-3-2026-02-24-001','RO-Water',2,5,25.0429,140,140,NULL,NULL,'sim-Line-3-2026-02-24-001-007RO-Water002','RO-Water002','2026-02-24 02:09:34',0,NULL,NULL,0,NULL,NULL),(767,591,'sim-Line-3-2026-02-24-001-007-RO-Water-003','sim-Line-3-2026-02-24-001','RO-Water',3,5,24.9885,140,140,NULL,NULL,'sim-Line-3-2026-02-24-001-007RO-Water003','RO-Water003','2026-02-24 02:09:34',0,NULL,NULL,0,NULL,NULL),(768,591,'sim-Line-3-2026-02-24-001-007-RO-Water-004','sim-Line-3-2026-02-24-001','RO-Water',4,5,25.0354,140,140,NULL,NULL,'sim-Line-3-2026-02-24-001-007RO-Water004','RO-Water004','2026-02-24 02:09:34',0,NULL,NULL,0,NULL,NULL),(769,591,'sim-Line-3-2026-02-24-001-007-RO-Water-005','sim-Line-3-2026-02-24-001','RO-Water',5,5,40.0108,140,140,NULL,NULL,'sim-Line-3-2026-02-24-001-007RO-Water005','RO-Water005','2026-02-24 02:09:34',0,NULL,NULL,0,NULL,NULL),(770,592,'sim-Line-3-2026-02-24-001-007-CPK Keltrol-001','sim-Line-3-2026-02-24-001','CPK Keltrol',1,1,0.2317,0.2,0.2,NULL,NULL,'sim-Line-3-2026-02-24-001-007CPK Keltrol001','CPK Keltrol001','2026-02-24 02:09:35',0,NULL,NULL,0,NULL,NULL),(771,593,'sim-Line-3-2026-02-24-001-007-W100 CG 50 kg-001','sim-Line-3-2026-02-24-001','W100 CG 50 kg',1,1,0.9847,1,1,NULL,NULL,'sim-Line-3-2026-02-24-001-007W100 CG 50 kg001','W100 CG 50 kg001','2026-02-24 02:09:35',0,NULL,NULL,0,NULL,NULL),(772,595,'sim-Line-3-2026-02-24-001-007-Sodium Benzoate-001','sim-Line-3-2026-02-24-001','Sodium Benzoate',1,1,0.5467,0.5,0.5,NULL,NULL,'sim-Line-3-2026-02-24-001-007Sodium Benzoate001','Sodium Benzoate001','2026-02-24 02:09:36',0,NULL,NULL,0,NULL,NULL),(773,596,'sim-Line-3-2026-02-24-001-007-Trisodium Citrate-001','sim-Line-3-2026-02-24-001','Trisodium Citrate',1,3,1.0102,3,3,NULL,NULL,'sim-Line-3-2026-02-24-001-007Trisodium Citrate001','Trisodium Citrate001','2026-02-24 02:09:36',0,NULL,NULL,0,NULL,NULL),(774,596,'sim-Line-3-2026-02-24-001-007-Trisodium Citrate-002','sim-Line-3-2026-02-24-001','Trisodium Citrate',2,3,1.0381,3,3,NULL,NULL,'sim-Line-3-2026-02-24-001-007Trisodium Citrate002','Trisodium Citrate002','2026-02-24 02:09:36',0,NULL,NULL,0,NULL,NULL),(775,596,'sim-Line-3-2026-02-24-001-007-Trisodium Citrate-003','sim-Line-3-2026-02-24-001','Trisodium Citrate',3,3,0.9537,3,3,NULL,NULL,'sim-Line-3-2026-02-24-001-007Trisodium Citrate003','Trisodium Citrate003','2026-02-24 02:09:36',0,NULL,NULL,0,NULL,NULL),(776,597,'sim-Line-3-2026-02-24-001-007-Citric Acid-001','sim-Line-3-2026-02-24-001','Citric Acid',1,1,10.0437,10,10,NULL,NULL,'sim-Line-3-2026-02-24-001-007Citric Acid001','Citric Acid001','2026-02-24 02:09:37',0,NULL,NULL,0,NULL,NULL),(777,598,'sim-Line-3-2026-02-24-001-007-CL004A-001','sim-Line-3-2026-02-24-001','CL004A',1,1,0.2393,0.28,0.28,NULL,NULL,'sim-Line-3-2026-02-24-001-007CL004A001','CL004A001','2026-02-24 02:09:37',0,NULL,NULL,0,NULL,NULL),(778,602,'sim-Line-3-2026-02-24-001-007-FV059A-001','sim-Line-3-2026-02-24-001','FV059A',1,1,5.0428,5,5,NULL,NULL,'sim-Line-3-2026-02-24-001-007FV059A001','FV059A001','2026-02-24 02:09:37',0,NULL,NULL,0,NULL,NULL),(779,603,'sim-Line-3-2026-02-24-001-007-FV064A-001','sim-Line-3-2026-02-24-001','FV064A',1,1,2.0112,2,2,NULL,NULL,'sim-Line-3-2026-02-24-001-007FV064A001','FV064A001','2026-02-24 02:09:38',0,NULL,NULL,0,NULL,NULL),(780,607,'sim-Line-3-2026-02-24-003-001-Potassium Sorbate-001','sim-Line-3-2026-02-24-003','Potassium Sorbate',1,1,0.9345,0.95,0.95,NULL,NULL,'sim-Line-3-2026-02-24-003-001Potassium Sorbate001','Potassium Sorbate001','2026-02-24 02:09:39',0,NULL,NULL,0,NULL,NULL),(781,609,'sim-Line-3-2026-02-24-003-001-Citric Acid-001','sim-Line-3-2026-02-24-003','Citric Acid',1,1,0.5145,0.52,0.52,NULL,NULL,'sim-Line-3-2026-02-24-003-001Citric Acid001','Citric Acid001','2026-02-24 02:09:39',0,NULL,NULL,0,NULL,NULL),(782,610,'sim-Line-3-2026-02-24-003-002-MIS-001','sim-Line-3-2026-02-24-003','MIS',1,1,591.698,591.65,591.65,NULL,NULL,'sim-Line-3-2026-02-24-003-002MIS001','MIS001','2026-02-24 02:09:40',1,NULL,NULL,0,NULL,NULL),(783,611,'sim-Line-3-2026-02-24-003-002-RO-Water-001','sim-Line-3-2026-02-24-003','RO-Water',1,6,25.0042,155.8,155.8,NULL,NULL,'sim-Line-3-2026-02-24-003-002RO-Water001','RO-Water001','2026-02-24 02:09:40',1,NULL,NULL,1,'2026-02-24 09:09:40','simulator'),(784,611,'sim-Line-3-2026-02-24-003-002-RO-Water-002','sim-Line-3-2026-02-24-003','RO-Water',2,6,25.0131,155.8,155.8,NULL,NULL,'sim-Line-3-2026-02-24-003-002RO-Water002','RO-Water002','2026-02-24 02:09:40',1,NULL,NULL,0,NULL,NULL),(785,611,'sim-Line-3-2026-02-24-003-002-RO-Water-003','sim-Line-3-2026-02-24-003','RO-Water',3,6,24.9541,155.8,155.8,NULL,NULL,'sim-Line-3-2026-02-24-003-002RO-Water003','RO-Water003','2026-02-24 02:09:40',1,NULL,NULL,1,'2026-02-24 09:09:40','simulator'),(786,611,'sim-Line-3-2026-02-24-003-002-RO-Water-004','sim-Line-3-2026-02-24-003','RO-Water',4,6,24.9915,155.8,155.8,NULL,NULL,'sim-Line-3-2026-02-24-003-002RO-Water004','RO-Water004','2026-02-24 02:09:40',1,NULL,NULL,1,'2026-02-24 09:09:40','simulator'),(787,611,'sim-Line-3-2026-02-24-003-002-RO-Water-005','sim-Line-3-2026-02-24-003','RO-Water',5,6,24.9788,155.8,155.8,NULL,NULL,'sim-Line-3-2026-02-24-003-002RO-Water005','RO-Water005','2026-02-24 02:09:40',1,NULL,NULL,1,'2026-02-24 09:09:40','simulator'),(788,611,'sim-Line-3-2026-02-24-003-002-RO-Water-006','sim-Line-3-2026-02-24-003','RO-Water',6,6,30.834,155.8,155.8,NULL,NULL,'sim-Line-3-2026-02-24-003-002RO-Water006','RO-Water006','2026-02-24 02:09:41',1,NULL,NULL,0,NULL,NULL),(789,612,'sim-Line-3-2026-02-24-003-002-Liquid Glucose, กลูโคสเหลว 80 บริกซ์.-001','sim-Line-3-2026-02-24-003','Liquid Glucose, กลูโคสเหลว 80 บริกซ์.',1,2,85.0122,250,250,NULL,NULL,'sim-Line-3-2026-02-24-003-002Liquid Glucose, กลูโคสเหลว 80 บริกซ์.001','Liquid Glucose, กลูโคสเหลว 80 บริกซ์.001','2026-02-24 02:09:41',1,NULL,NULL,1,'2026-02-24 09:09:41','simulator'),(790,612,'sim-Line-3-2026-02-24-003-002-Liquid Glucose, กลูโคสเหลว 80 บริกซ์.-002','sim-Line-3-2026-02-24-003','Liquid Glucose, กลูโคสเหลว 80 บริกซ์.',2,2,165.044,250,250,NULL,NULL,'sim-Line-3-2026-02-24-003-002Liquid Glucose, กลูโคสเหลว 80 บริกซ์.002','Liquid Glucose, กลูโคสเหลว 80 บริกซ์.002','2026-02-24 02:09:41',1,NULL,NULL,1,'2026-02-24 11:21:01','operator'),(791,613,'sim-Line-3-2026-02-24-003-002-Potassium Sorbate-001','sim-Line-3-2026-02-24-003','Potassium Sorbate',1,1,0.9109,0.95,0.95,NULL,NULL,'sim-Line-3-2026-02-24-003-002Potassium Sorbate001','Potassium Sorbate001','2026-02-24 02:09:41',1,NULL,NULL,1,'2026-02-24 09:09:41','simulator'),(792,614,'sim-Line-3-2026-02-24-003-002-Salt, NaCl-001','sim-Line-3-2026-02-24-003','Salt, NaCl',1,1,1.0415,1.08,1.08,NULL,NULL,'sim-Line-3-2026-02-24-003-002Salt, NaCl001','Salt, NaCl001','2026-02-24 02:09:41',1,NULL,NULL,1,'2026-02-25 03:59:06','operator'),(793,615,'sim-Line-3-2026-02-24-003-002-Citric Acid-001','sim-Line-3-2026-02-24-003','Citric Acid',1,1,0.5461,0.52,0.52,NULL,NULL,'sim-Line-3-2026-02-24-003-002Citric Acid001','Citric Acid001','2026-02-24 02:09:42',1,NULL,NULL,1,'2026-02-24 09:09:42','simulator'),(794,616,'sim-Line-3-2026-02-24-003-003-MIS-001','sim-Line-3-2026-02-24-003','MIS',1,1,591.638,591.65,591.65,NULL,NULL,'sim-Line-3-2026-02-24-003-003MIS001','MIS001','2026-02-24 02:09:42',0,NULL,NULL,0,NULL,NULL),(795,617,'sim-Line-3-2026-02-24-003-003-RO-Water-001','sim-Line-3-2026-02-24-003','RO-Water',1,6,25.0002,155.8,155.8,NULL,NULL,'sim-Line-3-2026-02-24-003-003RO-Water001','RO-Water001','2026-02-24 02:09:42',0,NULL,NULL,1,'2026-02-24 09:09:42','simulator'),(796,617,'sim-Line-3-2026-02-24-003-003-RO-Water-002','sim-Line-3-2026-02-24-003','RO-Water',2,6,25.0153,155.8,155.8,NULL,NULL,'sim-Line-3-2026-02-24-003-003RO-Water002','RO-Water002','2026-02-24 02:09:42',0,NULL,NULL,1,'2026-02-24 09:09:42','simulator'),(797,617,'sim-Line-3-2026-02-24-003-003-RO-Water-003','sim-Line-3-2026-02-24-003','RO-Water',3,6,25.0268,155.8,155.8,NULL,NULL,'sim-Line-3-2026-02-24-003-003RO-Water003','RO-Water003','2026-02-24 02:09:42',0,NULL,NULL,1,'2026-02-24 09:09:42','simulator'),(798,617,'sim-Line-3-2026-02-24-003-003-RO-Water-004','sim-Line-3-2026-02-24-003','RO-Water',4,6,25.0347,155.8,155.8,NULL,NULL,'sim-Line-3-2026-02-24-003-003RO-Water004','RO-Water004','2026-02-24 02:09:42',0,NULL,NULL,0,NULL,NULL),(799,617,'sim-Line-3-2026-02-24-003-003-RO-Water-005','sim-Line-3-2026-02-24-003','RO-Water',5,6,25.026,155.8,155.8,NULL,NULL,'sim-Line-3-2026-02-24-003-003RO-Water005','RO-Water005','2026-02-24 02:09:42',0,NULL,NULL,1,'2026-02-24 09:09:42','simulator'),(800,617,'sim-Line-3-2026-02-24-003-003-RO-Water-006','sim-Line-3-2026-02-24-003','RO-Water',6,6,30.8124,155.8,155.8,NULL,NULL,'sim-Line-3-2026-02-24-003-003RO-Water006','RO-Water006','2026-02-24 02:09:43',0,NULL,NULL,0,NULL,NULL),(801,619,'sim-Line-3-2026-02-24-003-003-Potassium Sorbate-001','sim-Line-3-2026-02-24-003','Potassium Sorbate',1,1,0.9703,0.95,0.95,NULL,NULL,'sim-Line-3-2026-02-24-003-003Potassium Sorbate001','Potassium Sorbate001','2026-02-24 02:09:43',0,NULL,NULL,0,NULL,NULL),(802,620,'sim-Line-3-2026-02-24-003-003-Salt, NaCl-001','sim-Line-3-2026-02-24-003','Salt, NaCl',1,1,1.0968,1.08,1.08,NULL,NULL,'sim-Line-3-2026-02-24-003-003Salt, NaCl001','Salt, NaCl001','2026-02-24 02:09:44',0,NULL,NULL,0,NULL,NULL),(803,621,'sim-Line-3-2026-02-24-003-003-Citric Acid-001','sim-Line-3-2026-02-24-003','Citric Acid',1,1,0.5626,0.52,0.52,NULL,NULL,'sim-Line-3-2026-02-24-003-003Citric Acid001','Citric Acid001','2026-02-24 02:09:44',0,NULL,NULL,0,NULL,NULL),(804,622,'sim-Line-3-2026-02-24-003-004-MIS-001','sim-Line-3-2026-02-24-003','MIS',1,1,591.699,591.65,591.65,NULL,NULL,'sim-Line-3-2026-02-24-003-004MIS001','MIS001','2026-02-24 02:09:45',1,NULL,NULL,1,'2026-02-24 09:09:45','simulator'),(805,623,'sim-Line-3-2026-02-24-003-004-RO-Water-001','sim-Line-3-2026-02-24-003','RO-Water',1,6,24.9863,155.8,155.8,NULL,NULL,'sim-Line-3-2026-02-24-003-004RO-Water001','RO-Water001','2026-02-24 02:09:45',1,NULL,NULL,0,NULL,NULL),(806,623,'sim-Line-3-2026-02-24-003-004-RO-Water-002','sim-Line-3-2026-02-24-003','RO-Water',2,6,25.0045,155.8,155.8,NULL,NULL,'sim-Line-3-2026-02-24-003-004RO-Water002','RO-Water002','2026-02-24 02:09:45',1,NULL,NULL,0,NULL,NULL),(807,623,'sim-Line-3-2026-02-24-003-004-RO-Water-003','sim-Line-3-2026-02-24-003','RO-Water',3,6,25.0492,155.8,155.8,NULL,NULL,'sim-Line-3-2026-02-24-003-004RO-Water003','RO-Water003','2026-02-24 02:09:45',1,NULL,NULL,0,NULL,NULL),(808,623,'sim-Line-3-2026-02-24-003-004-RO-Water-004','sim-Line-3-2026-02-24-003','RO-Water',4,6,25.0142,155.8,155.8,NULL,NULL,'sim-Line-3-2026-02-24-003-004RO-Water004','RO-Water004','2026-02-24 02:09:45',1,NULL,NULL,1,'2026-02-24 09:09:45','simulator'),(809,623,'sim-Line-3-2026-02-24-003-004-RO-Water-005','sim-Line-3-2026-02-24-003','RO-Water',5,6,25.0228,155.8,155.8,NULL,NULL,'sim-Line-3-2026-02-24-003-004RO-Water005','RO-Water005','2026-02-24 02:09:45',1,NULL,NULL,1,'2026-02-24 09:09:45','simulator'),(810,623,'sim-Line-3-2026-02-24-003-004-RO-Water-006','sim-Line-3-2026-02-24-003','RO-Water',6,6,30.7972,155.8,155.8,NULL,NULL,'sim-Line-3-2026-02-24-003-004RO-Water006','RO-Water006','2026-02-24 02:09:45',1,NULL,NULL,0,NULL,NULL),(811,624,'sim-Line-3-2026-02-24-003-004-Liquid Glucose, กลูโคสเหลว 80 บริกซ์.-001','sim-Line-3-2026-02-24-003','Liquid Glucose, กลูโคสเหลว 80 บริกซ์.',1,2,84.9902,250,250,NULL,NULL,'sim-Line-3-2026-02-24-003-004Liquid Glucose, กลูโคสเหลว 80 บริกซ์.001','Liquid Glucose, กลูโคสเหลว 80 บริกซ์.001','2026-02-24 02:09:45',1,NULL,NULL,0,NULL,NULL),(812,624,'sim-Line-3-2026-02-24-003-004-Liquid Glucose, กลูโคสเหลว 80 บริกซ์.-002','sim-Line-3-2026-02-24-003','Liquid Glucose, กลูโคสเหลว 80 บริกซ์.',2,2,164.993,250,250,NULL,NULL,'sim-Line-3-2026-02-24-003-004Liquid Glucose, กลูโคสเหลว 80 บริกซ์.002','Liquid Glucose, กลูโคสเหลว 80 บริกซ์.002','2026-02-24 02:09:46',1,NULL,NULL,1,'2026-02-24 09:09:46','simulator'),(813,625,'sim-Line-3-2026-02-24-003-004-Potassium Sorbate-001','sim-Line-3-2026-02-24-003','Potassium Sorbate',1,1,0.908,0.95,0.95,NULL,NULL,'sim-Line-3-2026-02-24-003-004Potassium Sorbate001','Potassium Sorbate001','2026-02-24 02:09:46',1,NULL,NULL,1,'2026-02-24 09:09:46','simulator'),(814,626,'sim-Line-3-2026-02-24-003-004-Salt, NaCl-001','sim-Line-3-2026-02-24-003','Salt, NaCl',1,1,1.0619,1.08,1.08,NULL,NULL,'sim-Line-3-2026-02-24-003-004Salt, NaCl001','Salt, NaCl001','2026-02-24 02:09:46',1,NULL,NULL,1,'2026-02-24 09:09:46','simulator'),(815,627,'sim-Line-3-2026-02-24-003-004-Citric Acid-001','sim-Line-3-2026-02-24-003','Citric Acid',1,1,0.5648,0.52,0.52,NULL,NULL,'sim-Line-3-2026-02-24-003-004Citric Acid001','Citric Acid001','2026-02-24 02:09:46',1,NULL,NULL,1,'2026-02-24 09:09:46','simulator'),(816,630,'sim-Line-3-2026-02-24-003-005-Liquid Glucose, กลูโคสเหลว 80 บริกซ์.-001','sim-Line-3-2026-02-24-003','Liquid Glucose, กลูโคสเหลว 80 บริกซ์.',1,2,84.9857,250,250,NULL,NULL,'sim-Line-3-2026-02-24-003-005Liquid Glucose, กลูโคสเหลว 80 บริกซ์.001','Liquid Glucose, กลูโคสเหลว 80 บริกซ์.001','2026-02-24 02:09:47',0,NULL,NULL,0,NULL,NULL),(817,630,'sim-Line-3-2026-02-24-003-005-Liquid Glucose, กลูโคสเหลว 80 บริกซ์.-002','sim-Line-3-2026-02-24-003','Liquid Glucose, กลูโคสเหลว 80 บริกซ์.',2,2,164.991,250,250,NULL,NULL,'sim-Line-3-2026-02-24-003-005Liquid Glucose, กลูโคสเหลว 80 บริกซ์.002','Liquid Glucose, กลูโคสเหลว 80 บริกซ์.002','2026-02-24 02:09:47',0,NULL,NULL,0,NULL,NULL),(818,632,'sim-Line-3-2026-02-24-003-005-Salt, NaCl-001','sim-Line-3-2026-02-24-003','Salt, NaCl',1,1,1.0556,1.08,1.08,NULL,NULL,'sim-Line-3-2026-02-24-003-005Salt, NaCl001','Salt, NaCl001','2026-02-24 02:09:47',0,NULL,NULL,0,NULL,NULL),(819,634,'sim-Line-3-2026-02-24-003-006-MIS-001','sim-Line-3-2026-02-24-003','MIS',1,1,591.625,591.65,591.65,NULL,NULL,'sim-Line-3-2026-02-24-003-006MIS001','MIS001','2026-02-24 02:09:47',1,NULL,NULL,0,NULL,NULL),(820,635,'sim-Line-3-2026-02-24-003-006-RO-Water-001','sim-Line-3-2026-02-24-003','RO-Water',1,6,25.0138,155.8,155.8,NULL,NULL,'sim-Line-3-2026-02-24-003-006RO-Water001','RO-Water001','2026-02-24 02:09:47',1,NULL,NULL,0,NULL,NULL),(821,635,'sim-Line-3-2026-02-24-003-006-RO-Water-002','sim-Line-3-2026-02-24-003','RO-Water',2,6,24.9503,155.8,155.8,NULL,NULL,'sim-Line-3-2026-02-24-003-006RO-Water002','RO-Water002','2026-02-24 02:09:48',1,NULL,NULL,0,NULL,NULL),(822,635,'sim-Line-3-2026-02-24-003-006-RO-Water-003','sim-Line-3-2026-02-24-003','RO-Water',3,6,25.0433,155.8,155.8,NULL,NULL,'sim-Line-3-2026-02-24-003-006RO-Water003','RO-Water003','2026-02-24 02:09:48',1,NULL,NULL,0,NULL,NULL),(823,635,'sim-Line-3-2026-02-24-003-006-RO-Water-004','sim-Line-3-2026-02-24-003','RO-Water',4,6,24.9573,155.8,155.8,NULL,NULL,'sim-Line-3-2026-02-24-003-006RO-Water004','RO-Water004','2026-02-24 02:09:48',1,NULL,NULL,1,'2026-02-24 09:09:48','simulator'),(824,635,'sim-Line-3-2026-02-24-003-006-RO-Water-005','sim-Line-3-2026-02-24-003','RO-Water',5,6,25.0474,155.8,155.8,NULL,NULL,'sim-Line-3-2026-02-24-003-006RO-Water005','RO-Water005','2026-02-24 02:09:48',1,NULL,NULL,0,NULL,NULL),(825,635,'sim-Line-3-2026-02-24-003-006-RO-Water-006','sim-Line-3-2026-02-24-003','RO-Water',6,6,30.8136,155.8,155.8,NULL,NULL,'sim-Line-3-2026-02-24-003-006RO-Water006','RO-Water006','2026-02-24 02:09:48',1,NULL,NULL,1,'2026-02-24 09:09:48','simulator'),(826,636,'sim-Line-3-2026-02-24-003-006-Liquid Glucose, กลูโคสเหลว 80 บริกซ์.-001','sim-Line-3-2026-02-24-003','Liquid Glucose, กลูโคสเหลว 80 บริกซ์.',1,2,84.9663,250,250,NULL,NULL,'sim-Line-3-2026-02-24-003-006Liquid Glucose, กลูโคสเหลว 80 บริกซ์.001','Liquid Glucose, กลูโคสเหลว 80 บริกซ์.001','2026-02-24 02:09:48',1,NULL,NULL,1,'2026-02-24 09:09:48','simulator'),(827,636,'sim-Line-3-2026-02-24-003-006-Liquid Glucose, กลูโคสเหลว 80 บริกซ์.-002','sim-Line-3-2026-02-24-003','Liquid Glucose, กลูโคสเหลว 80 บริกซ์.',2,2,164.959,250,250,NULL,NULL,'sim-Line-3-2026-02-24-003-006Liquid Glucose, กลูโคสเหลว 80 บริกซ์.002','Liquid Glucose, กลูโคสเหลว 80 บริกซ์.002','2026-02-24 02:09:48',1,NULL,NULL,1,'2026-02-24 09:09:48','simulator'),(828,637,'sim-Line-3-2026-02-24-003-006-Potassium Sorbate-001','sim-Line-3-2026-02-24-003','Potassium Sorbate',1,1,0.9774,0.95,0.95,NULL,NULL,'sim-Line-3-2026-02-24-003-006Potassium Sorbate001','Potassium Sorbate001','2026-02-24 02:09:48',1,NULL,NULL,0,NULL,NULL),(829,638,'sim-Line-3-2026-02-24-003-006-Salt, NaCl-001','sim-Line-3-2026-02-24-003','Salt, NaCl',1,1,1.0471,1.08,1.08,NULL,NULL,'sim-Line-3-2026-02-24-003-006Salt, NaCl001','Salt, NaCl001','2026-02-24 02:09:49',1,NULL,NULL,1,'2026-02-24 09:09:49','simulator'),(830,639,'sim-Line-3-2026-02-24-003-006-Citric Acid-001','sim-Line-3-2026-02-24-003','Citric Acid',1,1,0.4718,0.52,0.52,NULL,NULL,'sim-Line-3-2026-02-24-003-006Citric Acid001','Citric Acid001','2026-02-24 02:09:49',1,NULL,NULL,0,NULL,NULL),(831,641,'sim-Line-3-2026-02-24-003-007-RO-Water-001','sim-Line-3-2026-02-24-003','RO-Water',1,6,25.0472,155.8,155.8,NULL,NULL,'sim-Line-3-2026-02-24-003-007RO-Water001','RO-Water001','2026-02-24 02:09:49',0,NULL,NULL,0,NULL,NULL),(832,641,'sim-Line-3-2026-02-24-003-007-RO-Water-002','sim-Line-3-2026-02-24-003','RO-Water',2,6,24.9799,155.8,155.8,NULL,NULL,'sim-Line-3-2026-02-24-003-007RO-Water002','RO-Water002','2026-02-24 02:09:49',0,NULL,NULL,0,NULL,NULL),(833,641,'sim-Line-3-2026-02-24-003-007-RO-Water-003','sim-Line-3-2026-02-24-003','RO-Water',3,6,24.9529,155.8,155.8,NULL,NULL,'sim-Line-3-2026-02-24-003-007RO-Water003','RO-Water003','2026-02-24 02:09:49',0,NULL,NULL,1,'2026-02-24 09:09:49','simulator'),(834,641,'sim-Line-3-2026-02-24-003-007-RO-Water-004','sim-Line-3-2026-02-24-003','RO-Water',4,6,24.9967,155.8,155.8,NULL,NULL,'sim-Line-3-2026-02-24-003-007RO-Water004','RO-Water004','2026-02-24 02:09:49',0,NULL,NULL,1,'2026-02-24 09:09:49','simulator'),(835,641,'sim-Line-3-2026-02-24-003-007-RO-Water-005','sim-Line-3-2026-02-24-003','RO-Water',5,6,24.9763,155.8,155.8,NULL,NULL,'sim-Line-3-2026-02-24-003-007RO-Water005','RO-Water005','2026-02-24 02:09:49',0,NULL,NULL,0,NULL,NULL),(836,641,'sim-Line-3-2026-02-24-003-007-RO-Water-006','sim-Line-3-2026-02-24-003','RO-Water',6,6,30.7504,155.8,155.8,NULL,NULL,'sim-Line-3-2026-02-24-003-007RO-Water006','RO-Water006','2026-02-24 02:09:50',0,NULL,NULL,1,'2026-02-24 09:09:49','simulator'),(837,646,'sim-Line-3-2026-02-24-003-008-MIS-001','sim-Line-3-2026-02-24-003','MIS',1,1,591.628,591.65,591.65,NULL,NULL,'sim-Line-3-2026-02-24-003-008MIS001','MIS001','2026-02-24 02:09:50',1,NULL,NULL,1,'2026-02-24 09:09:51','simulator'),(838,647,'sim-Line-3-2026-02-24-003-008-RO-Water-001','sim-Line-3-2026-02-24-003','RO-Water',1,6,24.9608,155.8,155.8,NULL,NULL,'sim-Line-3-2026-02-24-003-008RO-Water001','RO-Water001','2026-02-24 02:09:51',1,NULL,NULL,1,'2026-02-24 09:09:51','simulator'),(839,647,'sim-Line-3-2026-02-24-003-008-RO-Water-002','sim-Line-3-2026-02-24-003','RO-Water',2,6,24.9874,155.8,155.8,NULL,NULL,'sim-Line-3-2026-02-24-003-008RO-Water002','RO-Water002','2026-02-24 02:09:51',1,NULL,NULL,1,'2026-02-24 09:09:51','simulator'),(840,647,'sim-Line-3-2026-02-24-003-008-RO-Water-003','sim-Line-3-2026-02-24-003','RO-Water',3,6,24.9687,155.8,155.8,NULL,NULL,'sim-Line-3-2026-02-24-003-008RO-Water003','RO-Water003','2026-02-24 02:09:51',1,NULL,NULL,0,NULL,NULL),(841,647,'sim-Line-3-2026-02-24-003-008-RO-Water-004','sim-Line-3-2026-02-24-003','RO-Water',4,6,24.9844,155.8,155.8,NULL,NULL,'sim-Line-3-2026-02-24-003-008RO-Water004','RO-Water004','2026-02-24 02:09:51',1,NULL,NULL,0,NULL,NULL),(842,647,'sim-Line-3-2026-02-24-003-008-RO-Water-005','sim-Line-3-2026-02-24-003','RO-Water',5,6,25.0163,155.8,155.8,NULL,NULL,'sim-Line-3-2026-02-24-003-008RO-Water005','RO-Water005','2026-02-24 02:09:51',1,NULL,NULL,1,'2026-02-24 09:09:51','simulator'),(843,647,'sim-Line-3-2026-02-24-003-008-RO-Water-006','sim-Line-3-2026-02-24-003','RO-Water',6,6,30.8479,155.8,155.8,NULL,NULL,'sim-Line-3-2026-02-24-003-008RO-Water006','RO-Water006','2026-02-24 02:09:51',1,NULL,NULL,0,NULL,NULL),(844,648,'sim-Line-3-2026-02-24-003-008-Liquid Glucose, กลูโคสเหลว 80 บริกซ์.-001','sim-Line-3-2026-02-24-003','Liquid Glucose, กลูโคสเหลว 80 บริกซ์.',1,2,84.9624,250,250,NULL,NULL,'sim-Line-3-2026-02-24-003-008Liquid Glucose, กลูโคสเหลว 80 บริกซ์.001','Liquid Glucose, กลูโคสเหลว 80 บริกซ์.001','2026-02-24 02:09:51',1,NULL,NULL,1,'2026-02-24 09:09:52','simulator'),(845,648,'sim-Line-3-2026-02-24-003-008-Liquid Glucose, กลูโคสเหลว 80 บริกซ์.-002','sim-Line-3-2026-02-24-003','Liquid Glucose, กลูโคสเหลว 80 บริกซ์.',2,2,165.025,250,250,NULL,NULL,'sim-Line-3-2026-02-24-003-008Liquid Glucose, กลูโคสเหลว 80 บริกซ์.002','Liquid Glucose, กลูโคสเหลว 80 บริกซ์.002','2026-02-24 02:09:52',1,NULL,NULL,0,NULL,NULL),(846,649,'sim-Line-3-2026-02-24-003-008-Potassium Sorbate-001','sim-Line-3-2026-02-24-003','Potassium Sorbate',1,1,0.9448,0.95,0.95,NULL,NULL,'sim-Line-3-2026-02-24-003-008Potassium Sorbate001','Potassium Sorbate001','2026-02-24 02:09:52',1,NULL,NULL,1,'2026-02-24 09:09:52','simulator'),(847,650,'sim-Line-3-2026-02-24-003-008-Salt, NaCl-001','sim-Line-3-2026-02-24-003','Salt, NaCl',1,1,1.0429,1.08,1.08,NULL,NULL,'sim-Line-3-2026-02-24-003-008Salt, NaCl001','Salt, NaCl001','2026-02-24 02:09:53',1,NULL,NULL,1,'2026-02-24 09:09:53','simulator'),(848,651,'sim-Line-3-2026-02-24-003-008-Citric Acid-001','sim-Line-3-2026-02-24-003','Citric Acid',1,1,0.5302,0.52,0.52,NULL,NULL,'sim-Line-3-2026-02-24-003-008Citric Acid001','Citric Acid001','2026-02-24 02:09:53',1,NULL,NULL,0,NULL,NULL),(849,653,'sim-Line-3-2026-02-24-003-009-RO-Water-001','sim-Line-3-2026-02-24-003','RO-Water',1,6,25.037,155.8,155.8,NULL,NULL,'sim-Line-3-2026-02-24-003-009RO-Water001','RO-Water001','2026-02-24 02:09:54',0,NULL,NULL,0,NULL,NULL),(850,653,'sim-Line-3-2026-02-24-003-009-RO-Water-002','sim-Line-3-2026-02-24-003','RO-Water',2,6,24.9642,155.8,155.8,NULL,NULL,'sim-Line-3-2026-02-24-003-009RO-Water002','RO-Water002','2026-02-24 02:09:55',0,NULL,NULL,0,NULL,NULL),(851,653,'sim-Line-3-2026-02-24-003-009-RO-Water-003','sim-Line-3-2026-02-24-003','RO-Water',3,6,24.9998,155.8,155.8,NULL,NULL,'sim-Line-3-2026-02-24-003-009RO-Water003','RO-Water003','2026-02-24 02:09:55',0,NULL,NULL,1,'2026-02-24 09:09:54','simulator'),(852,653,'sim-Line-3-2026-02-24-003-009-RO-Water-004','sim-Line-3-2026-02-24-003','RO-Water',4,6,25.047,155.8,155.8,NULL,NULL,'sim-Line-3-2026-02-24-003-009RO-Water004','RO-Water004','2026-02-24 02:09:55',0,NULL,NULL,1,'2026-02-24 09:09:54','simulator'),(853,653,'sim-Line-3-2026-02-24-003-009-RO-Water-005','sim-Line-3-2026-02-24-003','RO-Water',5,6,25.0063,155.8,155.8,NULL,NULL,'sim-Line-3-2026-02-24-003-009RO-Water005','RO-Water005','2026-02-24 02:09:55',0,NULL,NULL,0,NULL,NULL),(854,653,'sim-Line-3-2026-02-24-003-009-RO-Water-006','sim-Line-3-2026-02-24-003','RO-Water',6,6,30.8267,155.8,155.8,NULL,NULL,'sim-Line-3-2026-02-24-003-009RO-Water006','RO-Water006','2026-02-24 02:09:56',0,NULL,NULL,0,NULL,NULL),(855,654,'sim-Line-3-2026-02-24-003-009-Liquid Glucose, กลูโคสเหลว 80 บริกซ์.-001','sim-Line-3-2026-02-24-003','Liquid Glucose, กลูโคสเหลว 80 บริกซ์.',1,2,84.9683,250,250,NULL,NULL,'sim-Line-3-2026-02-24-003-009Liquid Glucose, กลูโคสเหลว 80 บริกซ์.001','Liquid Glucose, กลูโคสเหลว 80 บริกซ์.001','2026-02-24 02:09:56',0,NULL,NULL,0,NULL,NULL),(856,654,'sim-Line-3-2026-02-24-003-009-Liquid Glucose, กลูโคสเหลว 80 บริกซ์.-002','sim-Line-3-2026-02-24-003','Liquid Glucose, กลูโคสเหลว 80 บริกซ์.',2,2,165.034,250,250,NULL,NULL,'sim-Line-3-2026-02-24-003-009Liquid Glucose, กลูโคสเหลว 80 บริกซ์.002','Liquid Glucose, กลูโคสเหลว 80 บริกซ์.002','2026-02-24 02:09:56',0,NULL,NULL,1,'2026-02-24 09:09:57','simulator'),(857,655,'sim-Line-3-2026-02-24-003-009-Potassium Sorbate-001','sim-Line-3-2026-02-24-003','Potassium Sorbate',1,1,0.9715,0.95,0.95,NULL,NULL,'sim-Line-3-2026-02-24-003-009Potassium Sorbate001','Potassium Sorbate001','2026-02-24 02:09:57',0,NULL,NULL,0,NULL,NULL),(858,658,'sim-Line-3-2026-02-24-003-010-MIS-001','sim-Line-3-2026-02-24-003','MIS',1,1,591.665,591.65,591.65,NULL,NULL,'sim-Line-3-2026-02-24-003-010MIS001','MIS001','2026-02-24 02:09:58',0,NULL,NULL,0,NULL,NULL),(859,659,'sim-Line-3-2026-02-24-003-010-RO-Water-001','sim-Line-3-2026-02-24-003','RO-Water',1,6,24.9606,155.8,155.8,NULL,NULL,'sim-Line-3-2026-02-24-003-010RO-Water001','RO-Water001','2026-02-24 02:09:58',0,NULL,NULL,0,NULL,NULL),(860,659,'sim-Line-3-2026-02-24-003-010-RO-Water-002','sim-Line-3-2026-02-24-003','RO-Water',2,6,24.9773,155.8,155.8,NULL,NULL,'sim-Line-3-2026-02-24-003-010RO-Water002','RO-Water002','2026-02-24 02:09:58',0,NULL,NULL,0,NULL,NULL),(861,659,'sim-Line-3-2026-02-24-003-010-RO-Water-003','sim-Line-3-2026-02-24-003','RO-Water',3,6,24.9895,155.8,155.8,NULL,NULL,'sim-Line-3-2026-02-24-003-010RO-Water003','RO-Water003','2026-02-24 02:09:58',0,NULL,NULL,0,NULL,NULL),(862,659,'sim-Line-3-2026-02-24-003-010-RO-Water-004','sim-Line-3-2026-02-24-003','RO-Water',4,6,24.9515,155.8,155.8,NULL,NULL,'sim-Line-3-2026-02-24-003-010RO-Water004','RO-Water004','2026-02-24 02:09:58',0,NULL,NULL,0,NULL,NULL),(863,659,'sim-Line-3-2026-02-24-003-010-RO-Water-005','sim-Line-3-2026-02-24-003','RO-Water',5,6,24.9634,155.8,155.8,NULL,NULL,'sim-Line-3-2026-02-24-003-010RO-Water005','RO-Water005','2026-02-24 02:09:58',0,NULL,NULL,1,'2026-02-24 09:09:58','simulator'),(864,659,'sim-Line-3-2026-02-24-003-010-RO-Water-006','sim-Line-3-2026-02-24-003','RO-Water',6,6,30.8078,155.8,155.8,NULL,NULL,'sim-Line-3-2026-02-24-003-010RO-Water006','RO-Water006','2026-02-24 02:09:58',0,NULL,NULL,0,NULL,NULL),(865,661,'sim-Line-3-2026-02-24-003-010-Potassium Sorbate-001','sim-Line-3-2026-02-24-003','Potassium Sorbate',1,1,0.9596,0.95,0.95,NULL,NULL,'sim-Line-3-2026-02-24-003-010Potassium Sorbate001','Potassium Sorbate001','2026-02-24 02:09:59',0,NULL,NULL,1,'2026-02-24 09:09:59','simulator'),(866,662,'sim-Line-3-2026-02-24-003-010-Salt, NaCl-001','sim-Line-3-2026-02-24-003','Salt, NaCl',1,1,1.0627,1.08,1.08,NULL,NULL,'sim-Line-3-2026-02-24-003-010Salt, NaCl001','Salt, NaCl001','2026-02-24 02:09:59',0,NULL,NULL,1,'2026-02-24 09:09:59','simulator'),(927,700,'PL-PKL-TEST-001-001-CL001A-001','PL-PKL-TEST-001','CL001A',1,2,6.792,6.792,13.14,NULL,NULL,'PL-PKL-TEST-001-001CL001A001','001','2026-02-24 15:58:06',1,NULL,NULL,1,NULL,NULL),(928,700,'PL-PKL-TEST-001-001-CL001A-002','PL-PKL-TEST-001','CL001A',2,2,6.598,6.598,13.14,NULL,NULL,'PL-PKL-TEST-001-001CL001A002','002','2026-02-24 15:58:06',1,NULL,NULL,1,NULL,NULL),(929,701,'PL-PKL-TEST-001-001-CL002A-001','PL-PKL-TEST-001','CL002A',1,2,4.56,4.56,10.09,NULL,NULL,'PL-PKL-TEST-001-001CL002A001','001','2026-02-24 15:58:06',1,NULL,NULL,1,NULL,NULL),(930,701,'PL-PKL-TEST-001-001-CL002A-002','PL-PKL-TEST-001','CL002A',2,2,5.251,5.251,10.09,NULL,NULL,'PL-PKL-TEST-001-001CL002A002','002','2026-02-24 15:58:06',1,NULL,NULL,1,NULL,NULL),(931,702,'PL-PKL-TEST-001-001-CL003A-001','PL-PKL-TEST-001','CL003A',1,3,1.792,1.792,5.69,NULL,NULL,'PL-PKL-TEST-001-001CL003A001','001','2026-02-24 15:58:06',1,NULL,NULL,1,NULL,NULL),(932,702,'PL-PKL-TEST-001-001-CL003A-002','PL-PKL-TEST-001','CL003A',2,3,2.392,2.392,5.69,NULL,NULL,'PL-PKL-TEST-001-001CL003A002','002','2026-02-24 15:58:06',1,NULL,NULL,1,NULL,NULL),(933,702,'PL-PKL-TEST-001-001-CL003A-003','PL-PKL-TEST-001','CL003A',3,3,2.03,2.03,5.69,NULL,NULL,'PL-PKL-TEST-001-001CL003A003','003','2026-02-24 15:58:06',1,NULL,NULL,1,NULL,NULL),(934,703,'PL-PKL-TEST-001-001-Potassium Sorbate-001','PL-PKL-TEST-001','Potassium Sorbate',1,2,2.038,2.038,4.03,NULL,NULL,'PL-PKL-TEST-001-001Potassium Sorbate001','001','2026-02-24 15:58:06',1,NULL,NULL,1,NULL,NULL),(935,703,'PL-PKL-TEST-001-001-Potassium Sorbate-002','PL-PKL-TEST-001','Potassium Sorbate',2,2,1.808,1.808,4.03,NULL,NULL,'PL-PKL-TEST-001-001Potassium Sorbate002','002','2026-02-24 15:58:07',1,NULL,NULL,1,NULL,NULL),(936,704,'PL-PKL-TEST-001-001-Citric Acid-001','PL-PKL-TEST-001','Citric Acid',1,2,7.329,7.329,14.06,NULL,NULL,'PL-PKL-TEST-001-001Citric Acid001','001','2026-02-24 15:58:07',1,NULL,NULL,1,NULL,NULL),(937,704,'PL-PKL-TEST-001-001-Citric Acid-002','PL-PKL-TEST-001','Citric Acid',2,2,6.715,6.715,14.06,NULL,NULL,'PL-PKL-TEST-001-001Citric Acid002','002','2026-02-24 15:58:07',1,NULL,NULL,1,NULL,NULL),(938,705,'PL-PKL-TEST-001-001-Sodium Benzoate-001','PL-PKL-TEST-001','Sodium Benzoate',1,3,2.347,2.347,8.19,NULL,NULL,'PL-PKL-TEST-001-001Sodium Benzoate001','001','2026-02-24 15:58:07',1,NULL,NULL,1,NULL,NULL),(939,705,'PL-PKL-TEST-001-001-Sodium Benzoate-002','PL-PKL-TEST-001','Sodium Benzoate',2,3,3.145,3.145,8.19,NULL,NULL,'PL-PKL-TEST-001-001Sodium Benzoate002','002','2026-02-24 15:58:07',1,NULL,NULL,1,NULL,NULL),(940,705,'PL-PKL-TEST-001-001-Sodium Benzoate-003','PL-PKL-TEST-001','Sodium Benzoate',3,3,2.522,2.522,8.19,NULL,NULL,'PL-PKL-TEST-001-001Sodium Benzoate003','003','2026-02-24 15:58:07',1,NULL,NULL,1,NULL,NULL),(941,706,'PL-PKL-TEST-001-002-CL001A-001','PL-PKL-TEST-001','CL001A',1,3,4.273,4.273,13.87,NULL,NULL,'PL-PKL-TEST-001-002CL001A001','001','2026-02-24 15:58:07',1,NULL,NULL,1,NULL,NULL),(942,706,'PL-PKL-TEST-001-002-CL001A-002','PL-PKL-TEST-001','CL001A',2,3,4.385,4.385,13.87,NULL,NULL,'PL-PKL-TEST-001-002CL001A002','002','2026-02-24 15:58:07',1,NULL,NULL,1,NULL,NULL),(943,706,'PL-PKL-TEST-001-002-CL001A-003','PL-PKL-TEST-001','CL001A',3,3,4.89,4.89,13.87,NULL,NULL,'PL-PKL-TEST-001-002CL001A003','003','2026-02-24 15:58:07',1,NULL,NULL,1,NULL,NULL),(944,707,'PL-PKL-TEST-001-002-CL002A-001','PL-PKL-TEST-001','CL002A',1,3,2.606,2.606,7.28,NULL,NULL,'PL-PKL-TEST-001-002CL002A001','001','2026-02-24 15:58:07',1,NULL,NULL,1,NULL,NULL),(945,707,'PL-PKL-TEST-001-002-CL002A-002','PL-PKL-TEST-001','CL002A',2,3,1.985,1.985,7.28,NULL,NULL,'PL-PKL-TEST-001-002CL002A002','002','2026-02-24 15:58:07',1,NULL,NULL,1,NULL,NULL),(946,707,'PL-PKL-TEST-001-002-CL002A-003','PL-PKL-TEST-001','CL002A',3,3,2.426,2.426,7.28,NULL,NULL,'PL-PKL-TEST-001-002CL002A003','003','2026-02-24 15:58:07',1,NULL,NULL,1,NULL,NULL),(947,708,'PL-PKL-TEST-001-002-CL003A-001','PL-PKL-TEST-001','CL003A',1,2,2.582,2.582,5.52,NULL,NULL,'PL-PKL-TEST-001-002CL003A001','001','2026-02-24 15:58:07',1,NULL,NULL,1,NULL,NULL),(948,708,'PL-PKL-TEST-001-002-CL003A-002','PL-PKL-TEST-001','CL003A',2,2,3.037,3.037,5.52,NULL,NULL,'PL-PKL-TEST-001-002CL003A002','002','2026-02-24 15:58:07',1,NULL,NULL,1,NULL,NULL),(949,709,'PL-PKL-TEST-001-002-Potassium Sorbate-001','PL-PKL-TEST-001','Potassium Sorbate',1,3,4.248,4.248,14.23,NULL,NULL,'PL-PKL-TEST-001-002Potassium Sorbate001','001','2026-02-24 15:58:07',1,NULL,NULL,1,NULL,NULL),(950,709,'PL-PKL-TEST-001-002-Potassium Sorbate-002','PL-PKL-TEST-001','Potassium Sorbate',2,3,4.737,4.737,14.23,NULL,NULL,'PL-PKL-TEST-001-002Potassium Sorbate002','002','2026-02-24 15:58:07',1,NULL,NULL,1,NULL,NULL),(951,709,'PL-PKL-TEST-001-002-Potassium Sorbate-003','PL-PKL-TEST-001','Potassium Sorbate',3,3,5.122,5.122,14.23,NULL,NULL,'PL-PKL-TEST-001-002Potassium Sorbate003','003','2026-02-24 15:58:07',1,NULL,NULL,1,NULL,NULL),(952,710,'PL-PKL-TEST-001-002-Citric Acid-001','PL-PKL-TEST-001','Citric Acid',1,2,1.51,1.51,2.45,NULL,NULL,'PL-PKL-TEST-001-002Citric Acid001','001','2026-02-24 15:58:07',1,NULL,NULL,1,NULL,NULL),(953,710,'PL-PKL-TEST-001-002-Citric Acid-002','PL-PKL-TEST-001','Citric Acid',2,2,1.484,1.484,2.45,NULL,NULL,'PL-PKL-TEST-001-002Citric Acid002','002','2026-02-24 15:58:07',1,NULL,NULL,1,NULL,NULL),(954,711,'PL-PKL-TEST-001-002-Sodium Benzoate-001','PL-PKL-TEST-001','Sodium Benzoate',1,2,2.805,2.805,5.15,NULL,NULL,'PL-PKL-TEST-001-002Sodium Benzoate001','001','2026-02-24 15:58:07',1,NULL,NULL,1,NULL,NULL),(955,711,'PL-PKL-TEST-001-002-Sodium Benzoate-002','PL-PKL-TEST-001','Sodium Benzoate',2,2,2.221,2.221,5.15,NULL,NULL,'PL-PKL-TEST-001-002Sodium Benzoate002','002','2026-02-24 15:58:07',1,NULL,NULL,1,NULL,NULL),(956,712,'PL-PKL-TEST-001-003-CL001A-001','PL-PKL-TEST-001','CL001A',1,1,6.488,6.488,6.57,NULL,NULL,'PL-PKL-TEST-001-003CL001A001','001','2026-02-24 15:58:08',1,NULL,NULL,1,NULL,NULL),(957,713,'PL-PKL-TEST-001-003-CL002A-001','PL-PKL-TEST-001','CL002A',1,1,7.357,7.357,7.65,NULL,NULL,'PL-PKL-TEST-001-003CL002A001','001','2026-02-24 15:58:08',0,NULL,NULL,1,'2026-02-25 03:23:19','operator'),(958,714,'PL-PKL-TEST-001-003-CL003A-001','PL-PKL-TEST-001','CL003A',1,2,5.267,5.267,9.76,NULL,NULL,'PL-PKL-TEST-001-003CL003A001','001','2026-02-24 15:58:08',0,NULL,NULL,0,NULL,NULL),(959,714,'PL-PKL-TEST-001-003-CL003A-002','PL-PKL-TEST-001','CL003A',2,2,4.948,4.948,9.76,NULL,NULL,'PL-PKL-TEST-001-003CL003A002','002','2026-02-24 15:58:08',1,NULL,NULL,1,'2026-02-25 03:24:08','operator'),(960,715,'PL-PKL-TEST-001-003-Potassium Sorbate-001','PL-PKL-TEST-001','Potassium Sorbate',1,2,6.936,6.936,14.3,NULL,NULL,'PL-PKL-TEST-001-003Potassium Sorbate001','001','2026-02-24 15:58:08',1,NULL,NULL,0,NULL,NULL),(961,715,'PL-PKL-TEST-001-003-Potassium Sorbate-002','PL-PKL-TEST-001','Potassium Sorbate',2,2,7.53,7.53,14.3,NULL,NULL,'PL-PKL-TEST-001-003Potassium Sorbate002','002','2026-02-24 15:58:08',1,NULL,NULL,0,NULL,NULL),(962,716,'PL-PKL-TEST-001-003-Citric Acid-001','PL-PKL-TEST-001','Citric Acid',1,2,2.349,2.349,5.38,NULL,NULL,'PL-PKL-TEST-001-003Citric Acid001','001','2026-02-24 15:58:08',1,NULL,NULL,0,NULL,NULL),(963,716,'PL-PKL-TEST-001-003-Citric Acid-002','PL-PKL-TEST-001','Citric Acid',2,2,2.58,2.58,5.38,NULL,NULL,'PL-PKL-TEST-001-003Citric Acid002','002','2026-02-24 15:58:08',0,NULL,NULL,1,NULL,NULL),(964,717,'PL-PKL-TEST-001-003-Sodium Benzoate-001','PL-PKL-TEST-001','Sodium Benzoate',1,2,0.467,0.467,1.16,NULL,NULL,'PL-PKL-TEST-001-003Sodium Benzoate001','001','2026-02-24 15:58:08',0,NULL,NULL,0,NULL,NULL),(965,717,'PL-PKL-TEST-001-003-Sodium Benzoate-002','PL-PKL-TEST-001','Sodium Benzoate',2,2,0.127,0.127,1.16,NULL,NULL,'PL-PKL-TEST-001-003Sodium Benzoate002','002','2026-02-24 15:58:08',0,NULL,NULL,0,NULL,NULL),(966,718,'PL-PKL-TEST-001-004-CL001A-001','PL-PKL-TEST-001','CL001A',1,2,3.36,3.36,6.25,NULL,NULL,'PL-PKL-TEST-001-004CL001A001','001','2026-02-24 15:58:08',0,NULL,NULL,0,NULL,NULL),(967,718,'PL-PKL-TEST-001-004-CL001A-002','PL-PKL-TEST-001','CL001A',2,2,2.722,2.722,6.25,NULL,NULL,'PL-PKL-TEST-001-004CL001A002','002','2026-02-24 15:58:08',0,NULL,NULL,1,NULL,NULL),(968,719,'PL-PKL-TEST-001-004-CL002A-001','PL-PKL-TEST-001','CL002A',1,1,5.979,5.979,6.33,NULL,NULL,'PL-PKL-TEST-001-004CL002A001','001','2026-02-24 15:58:08',0,NULL,NULL,1,NULL,NULL),(969,720,'PL-PKL-TEST-001-004-CL003A-001','PL-PKL-TEST-001','CL003A',1,1,13.089,13.089,13.46,NULL,NULL,'PL-PKL-TEST-001-004CL003A001','001','2026-02-24 15:58:08',1,NULL,NULL,1,NULL,NULL),(970,721,'PL-PKL-TEST-001-004-Potassium Sorbate-001','PL-PKL-TEST-001','Potassium Sorbate',1,1,3.923,3.923,4.39,NULL,NULL,'PL-PKL-TEST-001-004Potassium Sorbate001','001','2026-02-24 15:58:08',1,NULL,NULL,1,NULL,NULL),(971,722,'PL-PKL-TEST-001-004-Citric Acid-001','PL-PKL-TEST-001','Citric Acid',1,1,1.503,1.503,1.65,NULL,NULL,'PL-PKL-TEST-001-004Citric Acid001','001','2026-02-24 15:58:08',0,NULL,NULL,0,NULL,NULL),(972,723,'PL-PKL-TEST-001-004-Sodium Benzoate-001','PL-PKL-TEST-001','Sodium Benzoate',1,1,1.663,1.663,1.97,NULL,NULL,'PL-PKL-TEST-001-004Sodium Benzoate001','001','2026-02-24 15:58:09',1,NULL,NULL,0,NULL,NULL),(973,726,'PL-PKL-TEST-001-005-CL003A-001','PL-PKL-TEST-001','CL003A',1,1,13.982,13.982,13.97,NULL,NULL,'PL-PKL-TEST-001-005CL003A001','001','2026-02-24 15:58:09',0,NULL,NULL,0,NULL,NULL),(974,728,'PL-PKL-TEST-001-005-Citric Acid-001','PL-PKL-TEST-001','Citric Acid',1,2,4.01,4.01,8.81,NULL,NULL,'PL-PKL-TEST-001-005Citric Acid001','001','2026-02-24 15:58:09',0,NULL,NULL,0,NULL,NULL),(975,728,'PL-PKL-TEST-001-005-Citric Acid-002','PL-PKL-TEST-001','Citric Acid',2,2,4.548,4.548,8.81,NULL,NULL,'PL-PKL-TEST-001-005Citric Acid002','002','2026-02-24 15:58:09',0,NULL,NULL,0,NULL,NULL);
/*!40000 ALTER TABLE `prebatch_recs` ENABLE KEYS */;
UNLOCK TABLES;

--
-- Table structure for table `prebatch_reqs`
--

DROP TABLE IF EXISTS `prebatch_reqs`;
/*!40101 SET @saved_cs_client     = @@character_set_client */;
/*!50503 SET character_set_client = utf8mb4 */;
CREATE TABLE `prebatch_reqs` (
  `id` int NOT NULL AUTO_INCREMENT,
  `batch_db_id` int NOT NULL,
  `plan_id` varchar(50) DEFAULT NULL,
  `batch_id` varchar(100) DEFAULT NULL,
  `re_code` varchar(50) DEFAULT NULL,
  `ingredient_name` varchar(200) DEFAULT NULL,
  `required_volume` float DEFAULT NULL,
  `wh` varchar(50) DEFAULT NULL,
  `status` int DEFAULT NULL,
  `created_at` timestamp NULL DEFAULT CURRENT_TIMESTAMP,
  `updated_at` timestamp NULL DEFAULT CURRENT_TIMESTAMP,
  `prebatch_ingredient_req_id` varchar(100) DEFAULT NULL,
  PRIMARY KEY (`id`),
  KEY `batch_db_id` (`batch_db_id`),
  KEY `ix_prebatch_reqs_id` (`id`),
  KEY `ix_prebatch_reqs_plan_id` (`plan_id`),
  KEY `ix_prebatch_reqs_re_code` (`re_code`),
  KEY `ix_prebatch_reqs_batch_id` (`batch_id`),
  CONSTRAINT `prebatch_reqs_ibfk_1` FOREIGN KEY (`batch_db_id`) REFERENCES `production_batches` (`id`)
) ENGINE=InnoDB AUTO_INCREMENT=730 DEFAULT CHARSET=utf8mb4 COLLATE=utf8mb4_0900_ai_ci;
/*!40101 SET character_set_client = @saved_cs_client */;

--
-- Dumping data for table `prebatch_reqs`
--

LOCK TABLES `prebatch_reqs` WRITE;
/*!40000 ALTER TABLE `prebatch_reqs` DISABLE KEYS */;
INSERT INTO `prebatch_reqs` VALUES (1,5,'plan-Line-1-2026-02-23-001','plan-Line-1-2026-02-23-001-001','LS in Line','LS in Line',1179.96,'SPP',0,'2026-02-22 17:15:31','2026-02-22 17:15:31',NULL),(2,5,'plan-Line-1-2026-02-23-001','plan-Line-1-2026-02-23-001-001','RO-Water','RO-Water',18.24,'MIX',0,'2026-02-22 17:15:32','2026-02-22 17:15:32',NULL),(3,5,'plan-Line-1-2026-02-23-001','plan-Line-1-2026-02-23-001-001','Potassium Sorbate','Potassium Sorbate, 25 kgs/bag.',0.96,'SPP',0,'2026-02-22 17:15:32','2026-02-22 17:15:32',NULL),(4,5,'plan-Line-1-2026-02-23-001','plan-Line-1-2026-02-23-001-001','Sodium Benzoate','Sodium Benzoate, 25 kgs/bag',0.24,'SPP',0,'2026-02-22 17:15:32','2026-02-22 17:15:32',NULL),(5,5,'plan-Line-1-2026-02-23-001','plan-Line-1-2026-02-23-001-001','Citric Acid','Citric Acid',0.6,'SPP',0,'2026-02-22 17:15:32','2026-02-22 17:15:32',NULL),(6,6,'plan-Line-1-2026-02-23-001','plan-Line-1-2026-02-23-001-002','LS in Line','LS in Line',1179.96,'SPP',0,'2026-02-22 17:15:32','2026-02-22 17:15:32',NULL),(7,6,'plan-Line-1-2026-02-23-001','plan-Line-1-2026-02-23-001-002','RO-Water','RO-Water',18.24,'MIX',0,'2026-02-22 17:15:32','2026-02-22 17:15:32',NULL),(8,6,'plan-Line-1-2026-02-23-001','plan-Line-1-2026-02-23-001-002','Potassium Sorbate','Potassium Sorbate, 25 kgs/bag.',0.96,'SPP',0,'2026-02-22 17:15:32','2026-02-22 17:15:32',NULL),(9,6,'plan-Line-1-2026-02-23-001','plan-Line-1-2026-02-23-001-002','Sodium Benzoate','Sodium Benzoate, 25 kgs/bag',0.24,'SPP',0,'2026-02-22 17:15:32','2026-02-22 17:15:32',NULL),(10,6,'plan-Line-1-2026-02-23-001','plan-Line-1-2026-02-23-001-002','Citric Acid','Citric Acid',0.6,'SPP',0,'2026-02-22 17:15:32','2026-02-22 17:15:32',NULL),(11,7,'plan-Line-1-2026-02-23-001','plan-Line-1-2026-02-23-001-003','LS in Line','LS in Line',1179.96,'SPP',0,'2026-02-22 17:15:33','2026-02-22 17:15:33',NULL),(12,7,'plan-Line-1-2026-02-23-001','plan-Line-1-2026-02-23-001-003','RO-Water','RO-Water',18.24,'MIX',0,'2026-02-22 17:15:33','2026-02-22 17:15:33',NULL),(13,7,'plan-Line-1-2026-02-23-001','plan-Line-1-2026-02-23-001-003','Potassium Sorbate','Potassium Sorbate, 25 kgs/bag.',0.96,'SPP',0,'2026-02-22 17:15:33','2026-02-22 17:15:33',NULL),(14,7,'plan-Line-1-2026-02-23-001','plan-Line-1-2026-02-23-001-003','Sodium Benzoate','Sodium Benzoate, 25 kgs/bag',0.24,'SPP',0,'2026-02-22 17:15:33','2026-02-22 17:15:33',NULL),(15,7,'plan-Line-1-2026-02-23-001','plan-Line-1-2026-02-23-001-003','Citric Acid','Citric Acid',0.6,'SPP',0,'2026-02-22 17:15:33','2026-02-22 17:15:33',NULL),(16,8,'plan-Line-1-2026-02-23-001','plan-Line-1-2026-02-23-001-004','LS in Line','LS in Line',1179.96,'SPP',0,'2026-02-22 17:15:33','2026-02-22 17:15:33',NULL),(17,8,'plan-Line-1-2026-02-23-001','plan-Line-1-2026-02-23-001-004','RO-Water','RO-Water',18.24,'MIX',0,'2026-02-22 17:15:33','2026-02-22 17:15:33',NULL),(18,8,'plan-Line-1-2026-02-23-001','plan-Line-1-2026-02-23-001-004','Potassium Sorbate','Potassium Sorbate, 25 kgs/bag.',0.96,'SPP',0,'2026-02-22 17:15:33','2026-02-22 17:15:33',NULL),(19,8,'plan-Line-1-2026-02-23-001','plan-Line-1-2026-02-23-001-004','Sodium Benzoate','Sodium Benzoate, 25 kgs/bag',0.24,'SPP',0,'2026-02-22 17:15:33','2026-02-22 17:15:33',NULL),(20,8,'plan-Line-1-2026-02-23-001','plan-Line-1-2026-02-23-001-004','Citric Acid','Citric Acid',0.6,'SPP',0,'2026-02-22 17:15:34','2026-02-22 17:15:34',NULL),(21,9,'plan-Line-1-2026-02-23-001','plan-Line-1-2026-02-23-001-005','LS in Line','LS in Line',1179.96,'SPP',0,'2026-02-22 17:15:34','2026-02-22 17:15:34',NULL),(22,9,'plan-Line-1-2026-02-23-001','plan-Line-1-2026-02-23-001-005','RO-Water','RO-Water',18.24,'MIX',0,'2026-02-22 17:15:34','2026-02-22 17:15:34',NULL),(23,9,'plan-Line-1-2026-02-23-001','plan-Line-1-2026-02-23-001-005','Potassium Sorbate','Potassium Sorbate, 25 kgs/bag.',0.96,'SPP',0,'2026-02-22 17:15:34','2026-02-22 17:15:34',NULL),(24,9,'plan-Line-1-2026-02-23-001','plan-Line-1-2026-02-23-001-005','Sodium Benzoate','Sodium Benzoate, 25 kgs/bag',0.24,'SPP',0,'2026-02-22 17:15:34','2026-02-22 17:15:34',NULL),(25,9,'plan-Line-1-2026-02-23-001','plan-Line-1-2026-02-23-001-005','Citric Acid','Citric Acid',0.6,'SPP',0,'2026-02-22 17:15:34','2026-02-22 17:15:34',NULL),(26,10,'plan-Line-1-2026-02-23-001','plan-Line-1-2026-02-23-001-006','LS in Line','LS in Line',1179.96,'SPP',0,'2026-02-22 17:15:35','2026-02-22 17:15:35',NULL),(27,10,'plan-Line-1-2026-02-23-001','plan-Line-1-2026-02-23-001-006','RO-Water','RO-Water',18.24,'MIX',0,'2026-02-22 17:15:35','2026-02-22 17:15:35',NULL),(28,10,'plan-Line-1-2026-02-23-001','plan-Line-1-2026-02-23-001-006','Potassium Sorbate','Potassium Sorbate, 25 kgs/bag.',0.96,'SPP',0,'2026-02-22 17:15:35','2026-02-22 17:15:35',NULL),(29,10,'plan-Line-1-2026-02-23-001','plan-Line-1-2026-02-23-001-006','Sodium Benzoate','Sodium Benzoate, 25 kgs/bag',0.24,'SPP',0,'2026-02-22 17:15:35','2026-02-22 17:15:35',NULL),(30,10,'plan-Line-1-2026-02-23-001','plan-Line-1-2026-02-23-001-006','Citric Acid','Citric Acid',0.6,'SPP',0,'2026-02-22 17:15:35','2026-02-22 17:15:35',NULL),(31,11,'plan-Line-1-2026-02-23-001','plan-Line-1-2026-02-23-001-007','LS in Line','LS in Line',1179.96,'SPP',0,'2026-02-22 17:15:35','2026-02-22 17:15:35',NULL),(32,11,'plan-Line-1-2026-02-23-001','plan-Line-1-2026-02-23-001-007','RO-Water','RO-Water',18.24,'MIX',0,'2026-02-22 17:15:35','2026-02-22 17:15:35',NULL),(33,11,'plan-Line-1-2026-02-23-001','plan-Line-1-2026-02-23-001-007','Potassium Sorbate','Potassium Sorbate, 25 kgs/bag.',0.96,'SPP',0,'2026-02-22 17:15:35','2026-02-22 17:15:35',NULL),(34,11,'plan-Line-1-2026-02-23-001','plan-Line-1-2026-02-23-001-007','Sodium Benzoate','Sodium Benzoate, 25 kgs/bag',0.24,'SPP',0,'2026-02-22 17:15:35','2026-02-22 17:15:35',NULL),(35,11,'plan-Line-1-2026-02-23-001','plan-Line-1-2026-02-23-001-007','Citric Acid','Citric Acid',0.6,'SPP',0,'2026-02-22 17:15:35','2026-02-22 17:15:35',NULL),(36,12,'plan-Line-1-2026-02-23-001','plan-Line-1-2026-02-23-001-008','LS in Line','LS in Line',1179.96,'SPP',0,'2026-02-22 17:15:36','2026-02-22 17:15:36',NULL),(37,12,'plan-Line-1-2026-02-23-001','plan-Line-1-2026-02-23-001-008','RO-Water','RO-Water',18.24,'MIX',0,'2026-02-22 17:15:36','2026-02-22 17:15:36',NULL),(38,12,'plan-Line-1-2026-02-23-001','plan-Line-1-2026-02-23-001-008','Potassium Sorbate','Potassium Sorbate, 25 kgs/bag.',0.96,'SPP',0,'2026-02-22 17:15:36','2026-02-22 17:15:36',NULL),(39,12,'plan-Line-1-2026-02-23-001','plan-Line-1-2026-02-23-001-008','Sodium Benzoate','Sodium Benzoate, 25 kgs/bag',0.24,'SPP',0,'2026-02-22 17:15:36','2026-02-22 17:15:36',NULL),(40,12,'plan-Line-1-2026-02-23-001','plan-Line-1-2026-02-23-001-008','Citric Acid','Citric Acid',0.6,'SPP',0,'2026-02-22 17:15:36','2026-02-22 17:15:36',NULL),(41,13,'plan-Line-1-2026-02-23-001','plan-Line-1-2026-02-23-001-009','LS in Line','LS in Line',1179.96,'SPP',0,'2026-02-22 17:15:36','2026-02-22 17:15:36',NULL),(42,13,'plan-Line-1-2026-02-23-001','plan-Line-1-2026-02-23-001-009','RO-Water','RO-Water',18.24,'MIX',0,'2026-02-22 17:15:36','2026-02-22 17:15:36',NULL),(43,13,'plan-Line-1-2026-02-23-001','plan-Line-1-2026-02-23-001-009','Potassium Sorbate','Potassium Sorbate, 25 kgs/bag.',0.96,'SPP',0,'2026-02-22 17:15:36','2026-02-22 17:15:36',NULL),(44,13,'plan-Line-1-2026-02-23-001','plan-Line-1-2026-02-23-001-009','Sodium Benzoate','Sodium Benzoate, 25 kgs/bag',0.24,'SPP',0,'2026-02-22 17:15:36','2026-02-22 17:15:36',NULL),(45,13,'plan-Line-1-2026-02-23-001','plan-Line-1-2026-02-23-001-009','Citric Acid','Citric Acid',0.6,'SPP',0,'2026-02-22 17:15:36','2026-02-22 17:15:36',NULL),(46,16,'plan-Line-1-2026-02-23-002','plan-Line-1-2026-02-23-002-001','LS in Line','LS in Line',1179.96,'SPP',0,'2026-02-22 20:24:52','2026-02-22 20:24:52',NULL),(47,16,'plan-Line-1-2026-02-23-002','plan-Line-1-2026-02-23-002-001','RO-Water','RO-Water',18.24,'MIX',0,'2026-02-22 20:24:53','2026-02-22 20:24:53',NULL),(48,16,'plan-Line-1-2026-02-23-002','plan-Line-1-2026-02-23-002-001','Potassium Sorbate','Potassium Sorbate, 25 kgs/bag.',0.96,'SPP',0,'2026-02-22 20:24:53','2026-02-22 20:24:53',NULL),(49,16,'plan-Line-1-2026-02-23-002','plan-Line-1-2026-02-23-002-001','Sodium Benzoate','Sodium Benzoate, 25 kgs/bag',0.24,'SPP',0,'2026-02-22 20:24:53','2026-02-22 20:24:53',NULL),(50,16,'plan-Line-1-2026-02-23-002','plan-Line-1-2026-02-23-002-001','Citric Acid','Citric Acid',0.6,'SPP',0,'2026-02-22 20:24:53','2026-02-22 20:24:53',NULL),(51,17,'plan-Line-1-2026-02-23-002','plan-Line-1-2026-02-23-002-002','LS in Line','LS in Line',1179.96,'SPP',0,'2026-02-22 20:24:53','2026-02-22 20:24:53',NULL),(52,17,'plan-Line-1-2026-02-23-002','plan-Line-1-2026-02-23-002-002','RO-Water','RO-Water',18.24,'MIX',0,'2026-02-22 20:24:53','2026-02-22 20:24:53',NULL),(53,17,'plan-Line-1-2026-02-23-002','plan-Line-1-2026-02-23-002-002','Potassium Sorbate','Potassium Sorbate, 25 kgs/bag.',0.96,'SPP',0,'2026-02-22 20:24:53','2026-02-22 20:24:53',NULL),(54,17,'plan-Line-1-2026-02-23-002','plan-Line-1-2026-02-23-002-002','Sodium Benzoate','Sodium Benzoate, 25 kgs/bag',0.24,'SPP',0,'2026-02-22 20:24:54','2026-02-22 20:24:54',NULL),(55,17,'plan-Line-1-2026-02-23-002','plan-Line-1-2026-02-23-002-002','Citric Acid','Citric Acid',0.6,'SPP',0,'2026-02-22 20:24:54','2026-02-22 20:24:54',NULL),(56,18,'plan-Line-1-2026-02-23-002','plan-Line-1-2026-02-23-002-003','LS in Line','LS in Line',1179.96,'SPP',0,'2026-02-22 20:24:54','2026-02-22 20:24:54',NULL),(57,18,'plan-Line-1-2026-02-23-002','plan-Line-1-2026-02-23-002-003','RO-Water','RO-Water',18.24,'MIX',0,'2026-02-22 20:24:54','2026-02-22 20:24:54',NULL),(58,18,'plan-Line-1-2026-02-23-002','plan-Line-1-2026-02-23-002-003','Potassium Sorbate','Potassium Sorbate, 25 kgs/bag.',0.96,'SPP',0,'2026-02-22 20:24:54','2026-02-22 20:24:54',NULL),(59,18,'plan-Line-1-2026-02-23-002','plan-Line-1-2026-02-23-002-003','Sodium Benzoate','Sodium Benzoate, 25 kgs/bag',0.24,'SPP',0,'2026-02-22 20:24:54','2026-02-22 20:24:54',NULL),(60,18,'plan-Line-1-2026-02-23-002','plan-Line-1-2026-02-23-002-003','Citric Acid','Citric Acid',0.6,'SPP',0,'2026-02-22 20:24:55','2026-02-22 20:24:55',NULL),(61,19,'plan-Line-1-2026-02-23-002','plan-Line-1-2026-02-23-002-004','LS in Line','LS in Line',1179.96,'SPP',0,'2026-02-22 20:24:55','2026-02-22 20:24:55',NULL),(62,19,'plan-Line-1-2026-02-23-002','plan-Line-1-2026-02-23-002-004','RO-Water','RO-Water',18.24,'MIX',0,'2026-02-22 20:24:55','2026-02-22 20:24:55',NULL),(63,19,'plan-Line-1-2026-02-23-002','plan-Line-1-2026-02-23-002-004','Potassium Sorbate','Potassium Sorbate, 25 kgs/bag.',0.96,'SPP',0,'2026-02-22 20:24:55','2026-02-22 20:24:55',NULL),(64,19,'plan-Line-1-2026-02-23-002','plan-Line-1-2026-02-23-002-004','Sodium Benzoate','Sodium Benzoate, 25 kgs/bag',0.24,'SPP',0,'2026-02-22 20:24:55','2026-02-22 20:24:55',NULL),(65,19,'plan-Line-1-2026-02-23-002','plan-Line-1-2026-02-23-002-004','Citric Acid','Citric Acid',0.6,'SPP',0,'2026-02-22 20:24:55','2026-02-22 20:24:55',NULL),(66,20,'plan-Line-1-2026-02-23-002','plan-Line-1-2026-02-23-002-005','LS in Line','LS in Line',1179.96,'SPP',0,'2026-02-22 20:24:56','2026-02-22 20:24:56',NULL),(67,20,'plan-Line-1-2026-02-23-002','plan-Line-1-2026-02-23-002-005','RO-Water','RO-Water',18.24,'MIX',0,'2026-02-22 20:24:56','2026-02-22 20:24:56',NULL),(68,20,'plan-Line-1-2026-02-23-002','plan-Line-1-2026-02-23-002-005','Potassium Sorbate','Potassium Sorbate, 25 kgs/bag.',0.96,'SPP',0,'2026-02-22 20:24:56','2026-02-22 20:24:56',NULL),(69,20,'plan-Line-1-2026-02-23-002','plan-Line-1-2026-02-23-002-005','Sodium Benzoate','Sodium Benzoate, 25 kgs/bag',0.24,'SPP',0,'2026-02-22 20:24:56','2026-02-22 20:24:56',NULL),(70,20,'plan-Line-1-2026-02-23-002','plan-Line-1-2026-02-23-002-005','Citric Acid','Citric Acid',0.6,'SPP',0,'2026-02-22 20:24:56','2026-02-22 20:24:56',NULL),(71,21,'plan-Line-1-2026-02-23-002','plan-Line-1-2026-02-23-002-006','LS in Line','LS in Line',1179.96,'SPP',0,'2026-02-22 20:24:57','2026-02-22 20:24:57',NULL),(72,21,'plan-Line-1-2026-02-23-002','plan-Line-1-2026-02-23-002-006','RO-Water','RO-Water',18.24,'MIX',0,'2026-02-22 20:24:57','2026-02-22 20:24:57',NULL),(73,21,'plan-Line-1-2026-02-23-002','plan-Line-1-2026-02-23-002-006','Potassium Sorbate','Potassium Sorbate, 25 kgs/bag.',0.96,'SPP',0,'2026-02-22 20:24:57','2026-02-22 20:24:57',NULL),(74,21,'plan-Line-1-2026-02-23-002','plan-Line-1-2026-02-23-002-006','Sodium Benzoate','Sodium Benzoate, 25 kgs/bag',0.24,'SPP',0,'2026-02-22 20:24:57','2026-02-22 20:24:57',NULL),(75,21,'plan-Line-1-2026-02-23-002','plan-Line-1-2026-02-23-002-006','Citric Acid','Citric Acid',0.6,'SPP',0,'2026-02-22 20:24:57','2026-02-22 20:24:57',NULL),(76,22,'plan-Line-1-2026-02-23-002','plan-Line-1-2026-02-23-002-007','LS in Line','LS in Line',1179.96,'SPP',0,'2026-02-22 20:24:58','2026-02-22 20:24:58',NULL),(77,22,'plan-Line-1-2026-02-23-002','plan-Line-1-2026-02-23-002-007','RO-Water','RO-Water',18.24,'MIX',0,'2026-02-22 20:24:58','2026-02-22 20:24:58',NULL),(78,22,'plan-Line-1-2026-02-23-002','plan-Line-1-2026-02-23-002-007','Potassium Sorbate','Potassium Sorbate, 25 kgs/bag.',0.96,'SPP',0,'2026-02-22 20:24:58','2026-02-22 20:24:58',NULL),(79,22,'plan-Line-1-2026-02-23-002','plan-Line-1-2026-02-23-002-007','Sodium Benzoate','Sodium Benzoate, 25 kgs/bag',0.24,'SPP',0,'2026-02-22 20:24:58','2026-02-22 20:24:58',NULL),(80,22,'plan-Line-1-2026-02-23-002','plan-Line-1-2026-02-23-002-007','Citric Acid','Citric Acid',0.6,'SPP',0,'2026-02-22 20:24:58','2026-02-22 20:24:58',NULL),(81,23,'plan-Line-1-2026-02-23-002','plan-Line-1-2026-02-23-002-008','LS in Line','LS in Line',1179.96,'SPP',0,'2026-02-22 20:24:59','2026-02-22 20:24:59',NULL),(82,23,'plan-Line-1-2026-02-23-002','plan-Line-1-2026-02-23-002-008','RO-Water','RO-Water',18.24,'MIX',0,'2026-02-22 20:24:59','2026-02-22 20:24:59',NULL),(83,23,'plan-Line-1-2026-02-23-002','plan-Line-1-2026-02-23-002-008','Potassium Sorbate','Potassium Sorbate, 25 kgs/bag.',0.96,'SPP',0,'2026-02-22 20:24:59','2026-02-22 20:24:59',NULL),(84,23,'plan-Line-1-2026-02-23-002','plan-Line-1-2026-02-23-002-008','Sodium Benzoate','Sodium Benzoate, 25 kgs/bag',0.24,'SPP',0,'2026-02-22 20:24:59','2026-02-22 20:24:59',NULL),(85,23,'plan-Line-1-2026-02-23-002','plan-Line-1-2026-02-23-002-008','Citric Acid','Citric Acid',0.6,'SPP',0,'2026-02-22 20:24:59','2026-02-22 20:24:59',NULL),(86,24,'plan-Line-1-2026-02-23-002','plan-Line-1-2026-02-23-002-009','LS in Line','LS in Line',1179.96,'SPP',0,'2026-02-22 20:25:00','2026-02-22 20:25:00',NULL),(87,24,'plan-Line-1-2026-02-23-002','plan-Line-1-2026-02-23-002-009','RO-Water','RO-Water',18.24,'MIX',0,'2026-02-22 20:25:00','2026-02-22 20:25:00',NULL),(88,24,'plan-Line-1-2026-02-23-002','plan-Line-1-2026-02-23-002-009','Potassium Sorbate','Potassium Sorbate, 25 kgs/bag.',0.96,'SPP',0,'2026-02-22 20:25:00','2026-02-22 20:25:00',NULL),(89,24,'plan-Line-1-2026-02-23-002','plan-Line-1-2026-02-23-002-009','Sodium Benzoate','Sodium Benzoate, 25 kgs/bag',0.24,'SPP',0,'2026-02-22 20:25:00','2026-02-22 20:25:00',NULL),(90,24,'plan-Line-1-2026-02-23-002','plan-Line-1-2026-02-23-002-009','Citric Acid','Citric Acid',0.6,'SPP',0,'2026-02-22 20:25:00','2026-02-22 20:25:00',NULL),(91,25,'plan-Line-2-2026-02-23-001','plan-Line-2-2026-02-23-001-001','MIS','MIS',944.423,'MIX',0,'2026-02-22 20:25:49','2026-02-22 20:25:49',NULL),(92,25,'plan-Line-2-2026-02-23-001','plan-Line-2-2026-02-23-001-001','RO-Water','RO-Water',168,'MIX',0,'2026-02-22 20:25:49','2026-02-22 20:25:49',NULL),(93,25,'plan-Line-2-2026-02-23-001','plan-Line-2-2026-02-23-001-001','CPK Keltrol','CPK Keltrol',0.24,'SPP',0,'2026-02-22 20:25:49','2026-02-22 20:25:49',NULL),(94,25,'plan-Line-2-2026-02-23-001','plan-Line-2-2026-02-23-001-001','W100 CG 50 kg','W100 CG 50 kg',1.2,'SPP',0,'2026-02-22 20:25:49','2026-02-22 20:25:49',NULL),(95,25,'plan-Line-2-2026-02-23-001','plan-Line-2-2026-02-23-001-001','Potassium Sorbate','Potassium Sorbate, 25 kgs/bag.',0.6,'SPP',0,'2026-02-22 20:25:49','2026-02-22 20:25:49',NULL),(96,25,'plan-Line-2-2026-02-23-001','plan-Line-2-2026-02-23-001-001','Sodium Benzoate','Sodium Benzoate, 25 kgs/bag',0.6,'SPP',0,'2026-02-22 20:25:49','2026-02-22 20:25:49',NULL),(97,25,'plan-Line-2-2026-02-23-001','plan-Line-2-2026-02-23-001-001','Trisodium Citrate','Trisodium Citrate',3.6,'SPP',0,'2026-02-22 20:25:49','2026-02-22 20:25:49',NULL),(98,25,'plan-Line-2-2026-02-23-001','plan-Line-2-2026-02-23-001-001','Citric Acid','Citric Acid',12,'SPP',0,'2026-02-22 20:25:49','2026-02-22 20:25:49',NULL),(99,25,'plan-Line-2-2026-02-23-001','plan-Line-2-2026-02-23-001-001','CL004A','Eurocert Carmoisine',0.336,'FH',0,'2026-02-22 20:25:49','2026-02-22 20:25:49',NULL),(100,25,'plan-Line-2-2026-02-23-001','plan-Line-2-2026-02-23-001-001','CL005A','FD&C BLUE NO.1 (Brilliant Blue Colour).',0.0017,'FH',0,'2026-02-22 20:25:49','2026-02-22 20:25:49',NULL),(101,25,'plan-Line-2-2026-02-23-001','plan-Line-2-2026-02-23-001-001','Mixed Berry Concentrate','Mixed Berry Concentrate',24,'MIX',0,'2026-02-22 20:25:49','2026-02-22 20:25:49',NULL),(102,25,'plan-Line-2-2026-02-23-001','plan-Line-2-2026-02-23-001-001','Frozen Pomegranate Concentrate (DKSH)','Frozen Pomegranate Concentrate (DKSH)',36,'MIX',0,'2026-02-22 20:25:49','2026-02-22 20:25:49',NULL),(103,25,'plan-Line-2-2026-02-23-001','plan-Line-2-2026-02-23-001-001','FV059A','Natural Pomegranate Flavor 001772',6,'FH',0,'2026-02-22 20:25:49','2026-02-22 20:25:49',NULL),(104,25,'plan-Line-2-2026-02-23-001','plan-Line-2-2026-02-23-001-001','FV064A','Natural Grenadine Flavor T10116600',2.4,'FH',0,'2026-02-22 20:25:49','2026-02-22 20:25:49',NULL),(105,26,'plan-Line-2-2026-02-23-001','plan-Line-2-2026-02-23-001-002','MIS','MIS',944.423,'MIX',0,'2026-02-22 20:25:51','2026-02-22 20:25:51',NULL),(106,26,'plan-Line-2-2026-02-23-001','plan-Line-2-2026-02-23-001-002','RO-Water','RO-Water',168,'MIX',0,'2026-02-22 20:25:51','2026-02-22 20:25:51',NULL),(107,26,'plan-Line-2-2026-02-23-001','plan-Line-2-2026-02-23-001-002','CPK Keltrol','CPK Keltrol',0.24,'SPP',0,'2026-02-22 20:25:51','2026-02-22 20:25:51',NULL),(108,26,'plan-Line-2-2026-02-23-001','plan-Line-2-2026-02-23-001-002','W100 CG 50 kg','W100 CG 50 kg',1.2,'SPP',0,'2026-02-22 20:25:51','2026-02-22 20:25:51',NULL),(109,26,'plan-Line-2-2026-02-23-001','plan-Line-2-2026-02-23-001-002','Potassium Sorbate','Potassium Sorbate, 25 kgs/bag.',0.6,'SPP',0,'2026-02-22 20:25:51','2026-02-22 20:25:51',NULL),(110,26,'plan-Line-2-2026-02-23-001','plan-Line-2-2026-02-23-001-002','Sodium Benzoate','Sodium Benzoate, 25 kgs/bag',0.6,'SPP',0,'2026-02-22 20:25:51','2026-02-22 20:25:51',NULL),(111,26,'plan-Line-2-2026-02-23-001','plan-Line-2-2026-02-23-001-002','Trisodium Citrate','Trisodium Citrate',3.6,'SPP',0,'2026-02-22 20:25:51','2026-02-22 20:25:51',NULL),(112,26,'plan-Line-2-2026-02-23-001','plan-Line-2-2026-02-23-001-002','Citric Acid','Citric Acid',12,'SPP',0,'2026-02-22 20:25:51','2026-02-22 20:25:51',NULL),(113,26,'plan-Line-2-2026-02-23-001','plan-Line-2-2026-02-23-001-002','CL004A','Eurocert Carmoisine',0.336,'FH',0,'2026-02-22 20:25:51','2026-02-22 20:25:51',NULL),(114,26,'plan-Line-2-2026-02-23-001','plan-Line-2-2026-02-23-001-002','CL005A','FD&C BLUE NO.1 (Brilliant Blue Colour).',0.0017,'FH',0,'2026-02-22 20:25:51','2026-02-22 20:25:51',NULL),(115,26,'plan-Line-2-2026-02-23-001','plan-Line-2-2026-02-23-001-002','Mixed Berry Concentrate','Mixed Berry Concentrate',24,'MIX',0,'2026-02-22 20:25:51','2026-02-22 20:25:51',NULL),(116,26,'plan-Line-2-2026-02-23-001','plan-Line-2-2026-02-23-001-002','Frozen Pomegranate Concentrate (DKSH)','Frozen Pomegranate Concentrate (DKSH)',36,'MIX',0,'2026-02-22 20:25:52','2026-02-22 20:25:52',NULL),(117,26,'plan-Line-2-2026-02-23-001','plan-Line-2-2026-02-23-001-002','FV059A','Natural Pomegranate Flavor 001772',6,'FH',0,'2026-02-22 20:25:52','2026-02-22 20:25:52',NULL),(118,26,'plan-Line-2-2026-02-23-001','plan-Line-2-2026-02-23-001-002','FV064A','Natural Grenadine Flavor T10116600',2.4,'FH',0,'2026-02-22 20:25:52','2026-02-22 20:25:52',NULL),(119,27,'plan-Line-2-2026-02-23-001','plan-Line-2-2026-02-23-001-003','MIS','MIS',944.423,'MIX',0,'2026-02-22 20:25:53','2026-02-22 20:25:53',NULL),(120,27,'plan-Line-2-2026-02-23-001','plan-Line-2-2026-02-23-001-003','RO-Water','RO-Water',168,'MIX',0,'2026-02-22 20:25:54','2026-02-22 20:25:54',NULL),(121,27,'plan-Line-2-2026-02-23-001','plan-Line-2-2026-02-23-001-003','CPK Keltrol','CPK Keltrol',0.24,'SPP',0,'2026-02-22 20:25:54','2026-02-22 20:25:54',NULL),(122,27,'plan-Line-2-2026-02-23-001','plan-Line-2-2026-02-23-001-003','W100 CG 50 kg','W100 CG 50 kg',1.2,'SPP',0,'2026-02-22 20:25:54','2026-02-22 20:25:54',NULL),(123,27,'plan-Line-2-2026-02-23-001','plan-Line-2-2026-02-23-001-003','Potassium Sorbate','Potassium Sorbate, 25 kgs/bag.',0.6,'SPP',0,'2026-02-22 20:25:54','2026-02-22 20:25:54',NULL),(124,27,'plan-Line-2-2026-02-23-001','plan-Line-2-2026-02-23-001-003','Sodium Benzoate','Sodium Benzoate, 25 kgs/bag',0.6,'SPP',0,'2026-02-22 20:25:54','2026-02-22 20:25:54',NULL),(125,27,'plan-Line-2-2026-02-23-001','plan-Line-2-2026-02-23-001-003','Trisodium Citrate','Trisodium Citrate',3.6,'SPP',0,'2026-02-22 20:25:54','2026-02-22 20:25:54',NULL),(126,27,'plan-Line-2-2026-02-23-001','plan-Line-2-2026-02-23-001-003','Citric Acid','Citric Acid',12,'SPP',0,'2026-02-22 20:25:54','2026-02-22 20:25:54',NULL),(127,27,'plan-Line-2-2026-02-23-001','plan-Line-2-2026-02-23-001-003','CL004A','Eurocert Carmoisine',0.336,'FH',0,'2026-02-22 20:25:54','2026-02-22 20:25:54',NULL),(128,27,'plan-Line-2-2026-02-23-001','plan-Line-2-2026-02-23-001-003','CL005A','FD&C BLUE NO.1 (Brilliant Blue Colour).',0.0017,'FH',0,'2026-02-22 20:25:54','2026-02-22 20:25:54',NULL),(129,27,'plan-Line-2-2026-02-23-001','plan-Line-2-2026-02-23-001-003','Mixed Berry Concentrate','Mixed Berry Concentrate',24,'MIX',0,'2026-02-22 20:25:54','2026-02-22 20:25:54',NULL),(130,27,'plan-Line-2-2026-02-23-001','plan-Line-2-2026-02-23-001-003','Frozen Pomegranate Concentrate (DKSH)','Frozen Pomegranate Concentrate (DKSH)',36,'MIX',0,'2026-02-22 20:25:54','2026-02-22 20:25:54',NULL),(131,27,'plan-Line-2-2026-02-23-001','plan-Line-2-2026-02-23-001-003','FV059A','Natural Pomegranate Flavor 001772',6,'FH',0,'2026-02-22 20:25:54','2026-02-22 20:25:54',NULL),(132,27,'plan-Line-2-2026-02-23-001','plan-Line-2-2026-02-23-001-003','FV064A','Natural Grenadine Flavor T10116600',2.4,'FH',0,'2026-02-22 20:25:54','2026-02-22 20:25:54',NULL),(133,28,'plan-Line-2-2026-02-23-001','plan-Line-2-2026-02-23-001-004','MIS','MIS',944.423,'MIX',0,'2026-02-22 20:25:56','2026-02-22 20:25:56',NULL),(134,28,'plan-Line-2-2026-02-23-001','plan-Line-2-2026-02-23-001-004','RO-Water','RO-Water',168,'MIX',0,'2026-02-22 20:25:56','2026-02-22 20:25:56',NULL),(135,28,'plan-Line-2-2026-02-23-001','plan-Line-2-2026-02-23-001-004','CPK Keltrol','CPK Keltrol',0.24,'SPP',0,'2026-02-22 20:25:56','2026-02-22 20:25:56',NULL),(136,28,'plan-Line-2-2026-02-23-001','plan-Line-2-2026-02-23-001-004','W100 CG 50 kg','W100 CG 50 kg',1.2,'SPP',0,'2026-02-22 20:25:56','2026-02-22 20:25:56',NULL),(137,28,'plan-Line-2-2026-02-23-001','plan-Line-2-2026-02-23-001-004','Potassium Sorbate','Potassium Sorbate, 25 kgs/bag.',0.6,'SPP',0,'2026-02-22 20:25:56','2026-02-22 20:25:56',NULL),(138,28,'plan-Line-2-2026-02-23-001','plan-Line-2-2026-02-23-001-004','Sodium Benzoate','Sodium Benzoate, 25 kgs/bag',0.6,'SPP',0,'2026-02-22 20:25:56','2026-02-22 20:25:56',NULL),(139,28,'plan-Line-2-2026-02-23-001','plan-Line-2-2026-02-23-001-004','Trisodium Citrate','Trisodium Citrate',3.6,'SPP',0,'2026-02-22 20:25:56','2026-02-22 20:25:56',NULL),(140,28,'plan-Line-2-2026-02-23-001','plan-Line-2-2026-02-23-001-004','Citric Acid','Citric Acid',12,'SPP',0,'2026-02-22 20:25:56','2026-02-22 20:25:56',NULL),(141,28,'plan-Line-2-2026-02-23-001','plan-Line-2-2026-02-23-001-004','CL004A','Eurocert Carmoisine',0.336,'FH',0,'2026-02-22 20:25:56','2026-02-22 20:25:56',NULL),(142,28,'plan-Line-2-2026-02-23-001','plan-Line-2-2026-02-23-001-004','CL005A','FD&C BLUE NO.1 (Brilliant Blue Colour).',0.0017,'FH',0,'2026-02-22 20:25:56','2026-02-22 20:25:56',NULL),(143,28,'plan-Line-2-2026-02-23-001','plan-Line-2-2026-02-23-001-004','Mixed Berry Concentrate','Mixed Berry Concentrate',24,'MIX',0,'2026-02-22 20:25:56','2026-02-22 20:25:56',NULL),(144,28,'plan-Line-2-2026-02-23-001','plan-Line-2-2026-02-23-001-004','Frozen Pomegranate Concentrate (DKSH)','Frozen Pomegranate Concentrate (DKSH)',36,'MIX',0,'2026-02-22 20:25:57','2026-02-22 20:25:57',NULL),(145,28,'plan-Line-2-2026-02-23-001','plan-Line-2-2026-02-23-001-004','FV059A','Natural Pomegranate Flavor 001772',6,'FH',0,'2026-02-22 20:25:57','2026-02-22 20:25:57',NULL),(146,28,'plan-Line-2-2026-02-23-001','plan-Line-2-2026-02-23-001-004','FV064A','Natural Grenadine Flavor T10116600',2.4,'FH',0,'2026-02-22 20:25:57','2026-02-22 20:25:57',NULL),(147,29,'plan-Line-2-2026-02-23-001','plan-Line-2-2026-02-23-001-005','MIS','MIS',944.423,'MIX',0,'2026-02-22 20:25:58','2026-02-22 20:25:58',NULL),(148,29,'plan-Line-2-2026-02-23-001','plan-Line-2-2026-02-23-001-005','RO-Water','RO-Water',168,'MIX',0,'2026-02-22 20:25:58','2026-02-22 20:25:58',NULL),(149,29,'plan-Line-2-2026-02-23-001','plan-Line-2-2026-02-23-001-005','CPK Keltrol','CPK Keltrol',0.24,'SPP',0,'2026-02-22 20:25:58','2026-02-22 20:25:58',NULL),(150,29,'plan-Line-2-2026-02-23-001','plan-Line-2-2026-02-23-001-005','W100 CG 50 kg','W100 CG 50 kg',1.2,'SPP',0,'2026-02-22 20:25:58','2026-02-22 20:25:58',NULL),(151,29,'plan-Line-2-2026-02-23-001','plan-Line-2-2026-02-23-001-005','Potassium Sorbate','Potassium Sorbate, 25 kgs/bag.',0.6,'SPP',0,'2026-02-22 20:25:58','2026-02-22 20:25:58',NULL),(152,29,'plan-Line-2-2026-02-23-001','plan-Line-2-2026-02-23-001-005','Sodium Benzoate','Sodium Benzoate, 25 kgs/bag',0.6,'SPP',0,'2026-02-22 20:25:59','2026-02-22 20:25:59',NULL),(153,29,'plan-Line-2-2026-02-23-001','plan-Line-2-2026-02-23-001-005','Trisodium Citrate','Trisodium Citrate',3.6,'SPP',0,'2026-02-22 20:25:59','2026-02-22 20:25:59',NULL),(154,29,'plan-Line-2-2026-02-23-001','plan-Line-2-2026-02-23-001-005','Citric Acid','Citric Acid',12,'SPP',0,'2026-02-22 20:25:59','2026-02-22 20:25:59',NULL),(155,29,'plan-Line-2-2026-02-23-001','plan-Line-2-2026-02-23-001-005','CL004A','Eurocert Carmoisine',0.336,'FH',0,'2026-02-22 20:25:59','2026-02-22 20:25:59',NULL),(156,29,'plan-Line-2-2026-02-23-001','plan-Line-2-2026-02-23-001-005','CL005A','FD&C BLUE NO.1 (Brilliant Blue Colour).',0.0017,'FH',0,'2026-02-22 20:25:59','2026-02-22 20:25:59',NULL),(157,29,'plan-Line-2-2026-02-23-001','plan-Line-2-2026-02-23-001-005','Mixed Berry Concentrate','Mixed Berry Concentrate',24,'MIX',0,'2026-02-22 20:25:59','2026-02-22 20:25:59',NULL),(158,29,'plan-Line-2-2026-02-23-001','plan-Line-2-2026-02-23-001-005','Frozen Pomegranate Concentrate (DKSH)','Frozen Pomegranate Concentrate (DKSH)',36,'MIX',0,'2026-02-22 20:25:59','2026-02-22 20:25:59',NULL),(159,29,'plan-Line-2-2026-02-23-001','plan-Line-2-2026-02-23-001-005','FV059A','Natural Pomegranate Flavor 001772',6,'FH',0,'2026-02-22 20:25:59','2026-02-22 20:25:59',NULL),(160,29,'plan-Line-2-2026-02-23-001','plan-Line-2-2026-02-23-001-005','FV064A','Natural Grenadine Flavor T10116600',2.4,'FH',0,'2026-02-22 20:25:59','2026-02-22 20:25:59',NULL),(161,30,'plan-Line-2-2026-02-23-001','plan-Line-2-2026-02-23-001-006','MIS','MIS',944.423,'MIX',0,'2026-02-22 20:26:01','2026-02-22 20:26:01',NULL),(162,30,'plan-Line-2-2026-02-23-001','plan-Line-2-2026-02-23-001-006','RO-Water','RO-Water',168,'MIX',0,'2026-02-22 20:26:01','2026-02-22 20:26:01',NULL),(163,30,'plan-Line-2-2026-02-23-001','plan-Line-2-2026-02-23-001-006','CPK Keltrol','CPK Keltrol',0.24,'SPP',0,'2026-02-22 20:26:01','2026-02-22 20:26:01',NULL),(164,30,'plan-Line-2-2026-02-23-001','plan-Line-2-2026-02-23-001-006','W100 CG 50 kg','W100 CG 50 kg',1.2,'SPP',0,'2026-02-22 20:26:01','2026-02-22 20:26:01',NULL),(165,30,'plan-Line-2-2026-02-23-001','plan-Line-2-2026-02-23-001-006','Potassium Sorbate','Potassium Sorbate, 25 kgs/bag.',0.6,'SPP',0,'2026-02-22 20:26:01','2026-02-22 20:26:01',NULL),(166,30,'plan-Line-2-2026-02-23-001','plan-Line-2-2026-02-23-001-006','Sodium Benzoate','Sodium Benzoate, 25 kgs/bag',0.6,'SPP',0,'2026-02-22 20:26:01','2026-02-22 20:26:01',NULL),(167,30,'plan-Line-2-2026-02-23-001','plan-Line-2-2026-02-23-001-006','Trisodium Citrate','Trisodium Citrate',3.6,'SPP',0,'2026-02-22 20:26:01','2026-02-22 20:26:01',NULL),(168,30,'plan-Line-2-2026-02-23-001','plan-Line-2-2026-02-23-001-006','Citric Acid','Citric Acid',12,'SPP',0,'2026-02-22 20:26:01','2026-02-22 20:26:01',NULL),(169,30,'plan-Line-2-2026-02-23-001','plan-Line-2-2026-02-23-001-006','CL004A','Eurocert Carmoisine',0.336,'FH',0,'2026-02-22 20:26:01','2026-02-22 20:26:01',NULL),(170,30,'plan-Line-2-2026-02-23-001','plan-Line-2-2026-02-23-001-006','CL005A','FD&C BLUE NO.1 (Brilliant Blue Colour).',0.0017,'FH',0,'2026-02-22 20:26:01','2026-02-22 20:26:01',NULL),(171,30,'plan-Line-2-2026-02-23-001','plan-Line-2-2026-02-23-001-006','Mixed Berry Concentrate','Mixed Berry Concentrate',24,'MIX',0,'2026-02-22 20:26:01','2026-02-22 20:26:01',NULL),(172,30,'plan-Line-2-2026-02-23-001','plan-Line-2-2026-02-23-001-006','Frozen Pomegranate Concentrate (DKSH)','Frozen Pomegranate Concentrate (DKSH)',36,'MIX',0,'2026-02-22 20:26:01','2026-02-22 20:26:01',NULL),(173,30,'plan-Line-2-2026-02-23-001','plan-Line-2-2026-02-23-001-006','FV059A','Natural Pomegranate Flavor 001772',6,'FH',0,'2026-02-22 20:26:01','2026-02-22 20:26:01',NULL),(174,30,'plan-Line-2-2026-02-23-001','plan-Line-2-2026-02-23-001-006','FV064A','Natural Grenadine Flavor T10116600',2.4,'FH',0,'2026-02-22 20:26:01','2026-02-22 20:26:01',NULL),(175,31,'plan-Line-2-2026-02-23-001','plan-Line-2-2026-02-23-001-007','MIS','MIS',944.423,'MIX',0,'2026-02-22 20:26:03','2026-02-22 20:26:03',NULL),(176,31,'plan-Line-2-2026-02-23-001','plan-Line-2-2026-02-23-001-007','RO-Water','RO-Water',168,'MIX',0,'2026-02-22 20:26:03','2026-02-22 20:26:03',NULL),(177,31,'plan-Line-2-2026-02-23-001','plan-Line-2-2026-02-23-001-007','CPK Keltrol','CPK Keltrol',0.24,'SPP',0,'2026-02-22 20:26:03','2026-02-22 20:26:03',NULL),(178,31,'plan-Line-2-2026-02-23-001','plan-Line-2-2026-02-23-001-007','W100 CG 50 kg','W100 CG 50 kg',1.2,'SPP',0,'2026-02-22 20:26:03','2026-02-22 20:26:03',NULL),(179,31,'plan-Line-2-2026-02-23-001','plan-Line-2-2026-02-23-001-007','Potassium Sorbate','Potassium Sorbate, 25 kgs/bag.',0.6,'SPP',0,'2026-02-22 20:26:03','2026-02-22 20:26:03',NULL),(180,31,'plan-Line-2-2026-02-23-001','plan-Line-2-2026-02-23-001-007','Sodium Benzoate','Sodium Benzoate, 25 kgs/bag',0.6,'SPP',0,'2026-02-22 20:26:03','2026-02-22 20:26:03',NULL),(181,31,'plan-Line-2-2026-02-23-001','plan-Line-2-2026-02-23-001-007','Trisodium Citrate','Trisodium Citrate',3.6,'SPP',0,'2026-02-22 20:26:03','2026-02-22 20:26:03',NULL),(182,31,'plan-Line-2-2026-02-23-001','plan-Line-2-2026-02-23-001-007','Citric Acid','Citric Acid',12,'SPP',0,'2026-02-22 20:26:03','2026-02-22 20:26:03',NULL),(183,31,'plan-Line-2-2026-02-23-001','plan-Line-2-2026-02-23-001-007','CL004A','Eurocert Carmoisine',0.336,'FH',0,'2026-02-22 20:26:03','2026-02-22 20:26:03',NULL),(184,31,'plan-Line-2-2026-02-23-001','plan-Line-2-2026-02-23-001-007','CL005A','FD&C BLUE NO.1 (Brilliant Blue Colour).',0.0017,'FH',0,'2026-02-22 20:26:03','2026-02-22 20:26:03',NULL),(185,31,'plan-Line-2-2026-02-23-001','plan-Line-2-2026-02-23-001-007','Mixed Berry Concentrate','Mixed Berry Concentrate',24,'MIX',0,'2026-02-22 20:26:03','2026-02-22 20:26:03',NULL),(186,31,'plan-Line-2-2026-02-23-001','plan-Line-2-2026-02-23-001-007','Frozen Pomegranate Concentrate (DKSH)','Frozen Pomegranate Concentrate (DKSH)',36,'MIX',0,'2026-02-22 20:26:04','2026-02-22 20:26:04',NULL),(187,31,'plan-Line-2-2026-02-23-001','plan-Line-2-2026-02-23-001-007','FV059A','Natural Pomegranate Flavor 001772',6,'FH',0,'2026-02-22 20:26:04','2026-02-22 20:26:04',NULL),(188,31,'plan-Line-2-2026-02-23-001','plan-Line-2-2026-02-23-001-007','FV064A','Natural Grenadine Flavor T10116600',2.4,'FH',0,'2026-02-22 20:26:04','2026-02-22 20:26:04',NULL),(189,32,'plan-Line-2-2026-02-23-001','plan-Line-2-2026-02-23-001-008','MIS','MIS',944.423,'MIX',0,'2026-02-22 20:26:05','2026-02-22 20:26:05',NULL),(190,32,'plan-Line-2-2026-02-23-001','plan-Line-2-2026-02-23-001-008','RO-Water','RO-Water',168,'MIX',0,'2026-02-22 20:26:05','2026-02-22 20:26:05',NULL),(191,32,'plan-Line-2-2026-02-23-001','plan-Line-2-2026-02-23-001-008','CPK Keltrol','CPK Keltrol',0.24,'SPP',0,'2026-02-22 20:26:05','2026-02-22 20:26:05',NULL),(192,32,'plan-Line-2-2026-02-23-001','plan-Line-2-2026-02-23-001-008','W100 CG 50 kg','W100 CG 50 kg',1.2,'SPP',0,'2026-02-22 20:26:05','2026-02-22 20:26:05',NULL),(193,32,'plan-Line-2-2026-02-23-001','plan-Line-2-2026-02-23-001-008','Potassium Sorbate','Potassium Sorbate, 25 kgs/bag.',0.6,'SPP',0,'2026-02-22 20:26:05','2026-02-22 20:26:05',NULL),(194,32,'plan-Line-2-2026-02-23-001','plan-Line-2-2026-02-23-001-008','Sodium Benzoate','Sodium Benzoate, 25 kgs/bag',0.6,'SPP',0,'2026-02-22 20:26:06','2026-02-22 20:26:06',NULL),(195,32,'plan-Line-2-2026-02-23-001','plan-Line-2-2026-02-23-001-008','Trisodium Citrate','Trisodium Citrate',3.6,'SPP',0,'2026-02-22 20:26:06','2026-02-22 20:26:06',NULL),(196,32,'plan-Line-2-2026-02-23-001','plan-Line-2-2026-02-23-001-008','Citric Acid','Citric Acid',12,'SPP',0,'2026-02-22 20:26:06','2026-02-22 20:26:06',NULL),(197,32,'plan-Line-2-2026-02-23-001','plan-Line-2-2026-02-23-001-008','CL004A','Eurocert Carmoisine',0.336,'FH',0,'2026-02-22 20:26:06','2026-02-22 20:26:06',NULL),(198,32,'plan-Line-2-2026-02-23-001','plan-Line-2-2026-02-23-001-008','CL005A','FD&C BLUE NO.1 (Brilliant Blue Colour).',0.0017,'FH',0,'2026-02-22 20:26:06','2026-02-22 20:26:06',NULL),(199,32,'plan-Line-2-2026-02-23-001','plan-Line-2-2026-02-23-001-008','Mixed Berry Concentrate','Mixed Berry Concentrate',24,'MIX',0,'2026-02-22 20:26:06','2026-02-22 20:26:06',NULL),(200,32,'plan-Line-2-2026-02-23-001','plan-Line-2-2026-02-23-001-008','Frozen Pomegranate Concentrate (DKSH)','Frozen Pomegranate Concentrate (DKSH)',36,'MIX',0,'2026-02-22 20:26:06','2026-02-22 20:26:06',NULL),(201,32,'plan-Line-2-2026-02-23-001','plan-Line-2-2026-02-23-001-008','FV059A','Natural Pomegranate Flavor 001772',6,'FH',0,'2026-02-22 20:26:06','2026-02-22 20:26:06',NULL),(202,32,'plan-Line-2-2026-02-23-001','plan-Line-2-2026-02-23-001-008','FV064A','Natural Grenadine Flavor T10116600',2.4,'FH',0,'2026-02-22 20:26:06','2026-02-22 20:26:06',NULL),(203,33,'plan-Line-2-2026-02-23-001','plan-Line-2-2026-02-23-001-009','MIS','MIS',944.423,'MIX',0,'2026-02-22 20:26:08','2026-02-22 20:26:08',NULL),(204,33,'plan-Line-2-2026-02-23-001','plan-Line-2-2026-02-23-001-009','RO-Water','RO-Water',168,'MIX',0,'2026-02-22 20:26:08','2026-02-22 20:26:08',NULL),(205,33,'plan-Line-2-2026-02-23-001','plan-Line-2-2026-02-23-001-009','CPK Keltrol','CPK Keltrol',0.24,'SPP',0,'2026-02-22 20:26:08','2026-02-22 20:26:08',NULL),(206,33,'plan-Line-2-2026-02-23-001','plan-Line-2-2026-02-23-001-009','W100 CG 50 kg','W100 CG 50 kg',1.2,'SPP',0,'2026-02-22 20:26:08','2026-02-22 20:26:08',NULL),(207,33,'plan-Line-2-2026-02-23-001','plan-Line-2-2026-02-23-001-009','Potassium Sorbate','Potassium Sorbate, 25 kgs/bag.',0.6,'SPP',0,'2026-02-22 20:26:08','2026-02-22 20:26:08',NULL),(208,33,'plan-Line-2-2026-02-23-001','plan-Line-2-2026-02-23-001-009','Sodium Benzoate','Sodium Benzoate, 25 kgs/bag',0.6,'SPP',0,'2026-02-22 20:26:08','2026-02-22 20:26:08',NULL),(209,33,'plan-Line-2-2026-02-23-001','plan-Line-2-2026-02-23-001-009','Trisodium Citrate','Trisodium Citrate',3.6,'SPP',0,'2026-02-22 20:26:08','2026-02-22 20:26:08',NULL),(210,33,'plan-Line-2-2026-02-23-001','plan-Line-2-2026-02-23-001-009','Citric Acid','Citric Acid',12,'SPP',0,'2026-02-22 20:26:08','2026-02-22 20:26:08',NULL),(211,33,'plan-Line-2-2026-02-23-001','plan-Line-2-2026-02-23-001-009','CL004A','Eurocert Carmoisine',0.336,'FH',0,'2026-02-22 20:26:08','2026-02-22 20:26:08',NULL),(212,33,'plan-Line-2-2026-02-23-001','plan-Line-2-2026-02-23-001-009','CL005A','FD&C BLUE NO.1 (Brilliant Blue Colour).',0.0017,'FH',0,'2026-02-22 20:26:08','2026-02-22 20:26:08',NULL),(213,33,'plan-Line-2-2026-02-23-001','plan-Line-2-2026-02-23-001-009','Mixed Berry Concentrate','Mixed Berry Concentrate',24,'MIX',0,'2026-02-22 20:26:08','2026-02-22 20:26:08',NULL),(214,33,'plan-Line-2-2026-02-23-001','plan-Line-2-2026-02-23-001-009','Frozen Pomegranate Concentrate (DKSH)','Frozen Pomegranate Concentrate (DKSH)',36,'MIX',0,'2026-02-22 20:26:08','2026-02-22 20:26:08',NULL),(215,33,'plan-Line-2-2026-02-23-001','plan-Line-2-2026-02-23-001-009','FV059A','Natural Pomegranate Flavor 001772',6,'FH',0,'2026-02-22 20:26:08','2026-02-22 20:26:08',NULL),(216,33,'plan-Line-2-2026-02-23-001','plan-Line-2-2026-02-23-001-009','FV064A','Natural Grenadine Flavor T10116600',2.4,'FH',0,'2026-02-22 20:26:08','2026-02-22 20:26:08',NULL),(217,34,'plan-Line-1-2026-02-23-003','plan-Line-1-2026-02-23-003-001','MIS','MIS',709.98,'MIX',0,'2026-02-22 20:32:47','2026-02-22 20:32:47',NULL),(218,34,'plan-Line-1-2026-02-23-003','plan-Line-1-2026-02-23-003-001','RO-Water','RO-Water',186.96,'MIX',0,'2026-02-22 20:32:47','2026-02-22 20:32:47',NULL),(219,34,'plan-Line-1-2026-02-23-003','plan-Line-1-2026-02-23-003-001','Liquid Glucose, กลูโคสเหลว 80 บริกซ์.','Liquid Glucose, กลูโคสเหลว 80 บริกซ์.',300,'SPP',0,'2026-02-22 20:32:47','2026-02-22 20:32:47',NULL),(220,34,'plan-Line-1-2026-02-23-003','plan-Line-1-2026-02-23-003-001','Potassium Sorbate','Potassium Sorbate, 25 kgs/bag.',1.14,'SPP',0,'2026-02-22 20:32:47','2026-02-22 20:32:47',NULL),(221,34,'plan-Line-1-2026-02-23-003','plan-Line-1-2026-02-23-003-001','Salt, NaCl','Salt, NaCl, เกลือ บรรจุ 400 g,25 kg/bag.',1.296,'SPP',0,'2026-02-22 20:32:47','2026-02-22 20:32:47',NULL),(222,34,'plan-Line-1-2026-02-23-003','plan-Line-1-2026-02-23-003-001','Citric Acid','Citric Acid',0.624,'SPP',0,'2026-02-22 20:32:47','2026-02-22 20:32:47',NULL),(223,35,'plan-Line-1-2026-02-23-003','plan-Line-1-2026-02-23-003-002','MIS','MIS',709.98,'MIX',0,'2026-02-22 20:32:48','2026-02-22 20:32:48',NULL),(224,35,'plan-Line-1-2026-02-23-003','plan-Line-1-2026-02-23-003-002','RO-Water','RO-Water',186.96,'MIX',0,'2026-02-22 20:32:48','2026-02-22 20:32:48',NULL),(225,35,'plan-Line-1-2026-02-23-003','plan-Line-1-2026-02-23-003-002','Liquid Glucose, กลูโคสเหลว 80 บริกซ์.','Liquid Glucose, กลูโคสเหลว 80 บริกซ์.',300,'SPP',2,'2026-02-22 20:32:48','2026-02-22 22:03:44',NULL),(226,35,'plan-Line-1-2026-02-23-003','plan-Line-1-2026-02-23-003-002','Potassium Sorbate','Potassium Sorbate, 25 kgs/bag.',1.14,'SPP',0,'2026-02-22 20:32:48','2026-02-22 20:32:48',NULL),(227,35,'plan-Line-1-2026-02-23-003','plan-Line-1-2026-02-23-003-002','Salt, NaCl','Salt, NaCl, เกลือ บรรจุ 400 g,25 kg/bag.',1.296,'SPP',0,'2026-02-22 20:32:48','2026-02-22 20:32:48',NULL),(228,35,'plan-Line-1-2026-02-23-003','plan-Line-1-2026-02-23-003-002','Citric Acid','Citric Acid',0.624,'SPP',0,'2026-02-22 20:32:48','2026-02-22 20:32:48',NULL),(229,36,'plan-Line-1-2026-02-23-003','plan-Line-1-2026-02-23-003-003','MIS','MIS',709.98,'MIX',0,'2026-02-22 20:32:49','2026-02-22 20:32:49',NULL),(230,36,'plan-Line-1-2026-02-23-003','plan-Line-1-2026-02-23-003-003','RO-Water','RO-Water',186.96,'MIX',0,'2026-02-22 20:32:49','2026-02-22 20:32:49',NULL),(231,36,'plan-Line-1-2026-02-23-003','plan-Line-1-2026-02-23-003-003','Liquid Glucose, กลูโคสเหลว 80 บริกซ์.','Liquid Glucose, กลูโคสเหลว 80 บริกซ์.',300,'SPP',2,'2026-02-22 20:32:49','2026-02-23 17:46:30',NULL),(232,36,'plan-Line-1-2026-02-23-003','plan-Line-1-2026-02-23-003-003','Potassium Sorbate','Potassium Sorbate, 25 kgs/bag.',1.14,'SPP',0,'2026-02-22 20:32:49','2026-02-22 20:32:49',NULL),(233,36,'plan-Line-1-2026-02-23-003','plan-Line-1-2026-02-23-003-003','Salt, NaCl','Salt, NaCl, เกลือ บรรจุ 400 g,25 kg/bag.',1.296,'SPP',0,'2026-02-22 20:32:49','2026-02-22 20:32:49',NULL),(234,36,'plan-Line-1-2026-02-23-003','plan-Line-1-2026-02-23-003-003','Citric Acid','Citric Acid',0.624,'SPP',0,'2026-02-22 20:32:49','2026-02-22 20:32:49',NULL),(235,37,'plan-Line-1-2026-02-23-003','plan-Line-1-2026-02-23-003-004','MIS','MIS',709.98,'MIX',0,'2026-02-22 20:32:50','2026-02-22 20:32:50',NULL),(236,37,'plan-Line-1-2026-02-23-003','plan-Line-1-2026-02-23-003-004','RO-Water','RO-Water',186.96,'MIX',0,'2026-02-22 20:32:50','2026-02-22 20:32:50',NULL),(237,37,'plan-Line-1-2026-02-23-003','plan-Line-1-2026-02-23-003-004','Liquid Glucose, กลูโคสเหลว 80 บริกซ์.','Liquid Glucose, กลูโคสเหลว 80 บริกซ์.',300,'SPP',2,'2026-02-22 20:32:50','2026-02-23 17:49:36',NULL),(238,37,'plan-Line-1-2026-02-23-003','plan-Line-1-2026-02-23-003-004','Potassium Sorbate','Potassium Sorbate, 25 kgs/bag.',1.14,'SPP',0,'2026-02-22 20:32:50','2026-02-22 20:32:50',NULL),(239,37,'plan-Line-1-2026-02-23-003','plan-Line-1-2026-02-23-003-004','Salt, NaCl','Salt, NaCl, เกลือ บรรจุ 400 g,25 kg/bag.',1.296,'SPP',0,'2026-02-22 20:32:50','2026-02-22 20:32:50',NULL),(240,37,'plan-Line-1-2026-02-23-003','plan-Line-1-2026-02-23-003-004','Citric Acid','Citric Acid',0.624,'SPP',0,'2026-02-22 20:32:50','2026-02-22 20:32:50',NULL),(241,38,'plan-Line-1-2026-02-23-003','plan-Line-1-2026-02-23-003-005','MIS','MIS',709.98,'MIX',0,'2026-02-22 20:32:51','2026-02-22 20:32:51',NULL),(242,38,'plan-Line-1-2026-02-23-003','plan-Line-1-2026-02-23-003-005','RO-Water','RO-Water',186.96,'MIX',0,'2026-02-22 20:32:51','2026-02-22 20:32:51',NULL),(243,38,'plan-Line-1-2026-02-23-003','plan-Line-1-2026-02-23-003-005','Liquid Glucose, กลูโคสเหลว 80 บริกซ์.','Liquid Glucose, กลูโคสเหลว 80 บริกซ์.',300,'SPP',0,'2026-02-22 20:32:51','2026-02-22 20:32:51',NULL),(244,38,'plan-Line-1-2026-02-23-003','plan-Line-1-2026-02-23-003-005','Potassium Sorbate','Potassium Sorbate, 25 kgs/bag.',1.14,'SPP',0,'2026-02-22 20:32:51','2026-02-22 20:32:51',NULL),(245,38,'plan-Line-1-2026-02-23-003','plan-Line-1-2026-02-23-003-005','Salt, NaCl','Salt, NaCl, เกลือ บรรจุ 400 g,25 kg/bag.',1.296,'SPP',0,'2026-02-22 20:32:51','2026-02-22 20:32:51',NULL),(246,38,'plan-Line-1-2026-02-23-003','plan-Line-1-2026-02-23-003-005','Citric Acid','Citric Acid',0.624,'SPP',0,'2026-02-22 20:32:51','2026-02-22 20:32:51',NULL),(247,39,'plan-Line-1-2026-02-23-003','plan-Line-1-2026-02-23-003-006','MIS','MIS',709.98,'MIX',0,'2026-02-22 20:32:52','2026-02-22 20:32:52',NULL),(248,39,'plan-Line-1-2026-02-23-003','plan-Line-1-2026-02-23-003-006','RO-Water','RO-Water',186.96,'MIX',0,'2026-02-22 20:32:52','2026-02-22 20:32:52',NULL),(249,39,'plan-Line-1-2026-02-23-003','plan-Line-1-2026-02-23-003-006','Liquid Glucose, กลูโคสเหลว 80 บริกซ์.','Liquid Glucose, กลูโคสเหลว 80 บริกซ์.',300,'SPP',0,'2026-02-22 20:32:52','2026-02-22 20:32:52',NULL),(250,39,'plan-Line-1-2026-02-23-003','plan-Line-1-2026-02-23-003-006','Potassium Sorbate','Potassium Sorbate, 25 kgs/bag.',1.14,'SPP',0,'2026-02-22 20:32:52','2026-02-22 20:32:52',NULL),(251,39,'plan-Line-1-2026-02-23-003','plan-Line-1-2026-02-23-003-006','Salt, NaCl','Salt, NaCl, เกลือ บรรจุ 400 g,25 kg/bag.',1.296,'SPP',0,'2026-02-22 20:32:52','2026-02-22 20:32:52',NULL),(252,39,'plan-Line-1-2026-02-23-003','plan-Line-1-2026-02-23-003-006','Citric Acid','Citric Acid',0.624,'SPP',0,'2026-02-22 20:32:52','2026-02-22 20:32:52',NULL),(253,40,'plan-Line-1-2026-02-23-003','plan-Line-1-2026-02-23-003-007','MIS','MIS',709.98,'MIX',0,'2026-02-22 20:32:53','2026-02-22 20:32:53',NULL),(254,40,'plan-Line-1-2026-02-23-003','plan-Line-1-2026-02-23-003-007','RO-Water','RO-Water',186.96,'MIX',0,'2026-02-22 20:32:53','2026-02-22 20:32:53',NULL),(255,40,'plan-Line-1-2026-02-23-003','plan-Line-1-2026-02-23-003-007','Liquid Glucose, กลูโคสเหลว 80 บริกซ์.','Liquid Glucose, กลูโคสเหลว 80 บริกซ์.',300,'SPP',0,'2026-02-22 20:32:53','2026-02-22 20:32:53',NULL),(256,40,'plan-Line-1-2026-02-23-003','plan-Line-1-2026-02-23-003-007','Potassium Sorbate','Potassium Sorbate, 25 kgs/bag.',1.14,'SPP',0,'2026-02-22 20:32:53','2026-02-22 20:32:53',NULL),(257,40,'plan-Line-1-2026-02-23-003','plan-Line-1-2026-02-23-003-007','Salt, NaCl','Salt, NaCl, เกลือ บรรจุ 400 g,25 kg/bag.',1.296,'SPP',0,'2026-02-22 20:32:53','2026-02-22 20:32:53',NULL),(258,40,'plan-Line-1-2026-02-23-003','plan-Line-1-2026-02-23-003-007','Citric Acid','Citric Acid',0.624,'SPP',0,'2026-02-22 20:32:53','2026-02-22 20:32:53',NULL),(259,41,'plan-Line-1-2026-02-23-003','plan-Line-1-2026-02-23-003-008','MIS','MIS',709.98,'MIX',0,'2026-02-22 20:32:54','2026-02-22 20:32:54',NULL),(260,41,'plan-Line-1-2026-02-23-003','plan-Line-1-2026-02-23-003-008','RO-Water','RO-Water',186.96,'MIX',0,'2026-02-22 20:32:54','2026-02-22 20:32:54',NULL),(261,41,'plan-Line-1-2026-02-23-003','plan-Line-1-2026-02-23-003-008','Liquid Glucose, กลูโคสเหลว 80 บริกซ์.','Liquid Glucose, กลูโคสเหลว 80 บริกซ์.',300,'SPP',0,'2026-02-22 20:32:54','2026-02-22 20:32:54',NULL),(262,41,'plan-Line-1-2026-02-23-003','plan-Line-1-2026-02-23-003-008','Potassium Sorbate','Potassium Sorbate, 25 kgs/bag.',1.14,'SPP',0,'2026-02-22 20:32:54','2026-02-22 20:32:54',NULL),(263,41,'plan-Line-1-2026-02-23-003','plan-Line-1-2026-02-23-003-008','Salt, NaCl','Salt, NaCl, เกลือ บรรจุ 400 g,25 kg/bag.',1.296,'SPP',0,'2026-02-22 20:32:54','2026-02-22 20:32:54',NULL),(264,41,'plan-Line-1-2026-02-23-003','plan-Line-1-2026-02-23-003-008','Citric Acid','Citric Acid',0.624,'SPP',0,'2026-02-22 20:32:54','2026-02-22 20:32:54',NULL),(265,42,'plan-Line-1-2026-02-23-003','plan-Line-1-2026-02-23-003-009','MIS','MIS',709.98,'MIX',0,'2026-02-22 20:32:55','2026-02-22 20:32:55',NULL),(266,42,'plan-Line-1-2026-02-23-003','plan-Line-1-2026-02-23-003-009','RO-Water','RO-Water',186.96,'MIX',0,'2026-02-22 20:32:55','2026-02-22 20:32:55',NULL),(267,42,'plan-Line-1-2026-02-23-003','plan-Line-1-2026-02-23-003-009','Liquid Glucose, กลูโคสเหลว 80 บริกซ์.','Liquid Glucose, กลูโคสเหลว 80 บริกซ์.',300,'SPP',0,'2026-02-22 20:32:55','2026-02-22 20:32:55',NULL),(268,42,'plan-Line-1-2026-02-23-003','plan-Line-1-2026-02-23-003-009','Potassium Sorbate','Potassium Sorbate, 25 kgs/bag.',1.14,'SPP',0,'2026-02-22 20:32:55','2026-02-22 20:32:55',NULL),(269,42,'plan-Line-1-2026-02-23-003','plan-Line-1-2026-02-23-003-009','Salt, NaCl','Salt, NaCl, เกลือ บรรจุ 400 g,25 kg/bag.',1.296,'SPP',0,'2026-02-22 20:32:55','2026-02-22 20:32:55',NULL),(270,42,'plan-Line-1-2026-02-23-003','plan-Line-1-2026-02-23-003-009','Citric Acid','Citric Acid',0.624,'SPP',0,'2026-02-22 20:32:55','2026-02-22 20:32:55',NULL),(297,55,'sim-Line-1-2026-02-24-001','sim-Line-1-2026-02-24-001-001','LS in Line','LS in Line',371.71,'SPP',2,'2026-02-24 02:07:11','2026-02-24 02:07:11',NULL),(298,55,'sim-Line-1-2026-02-24-001','sim-Line-1-2026-02-24-001-001','RO-Water','RO-Water',376.87,'MIX',2,'2026-02-24 02:07:11','2026-02-24 02:07:11',NULL),(299,55,'sim-Line-1-2026-02-24-001','sim-Line-1-2026-02-24-001-001','White Sugar W150 1000kg For Repack','White Sugar W150 1000kg For Repack',250,'SPP',2,'2026-02-24 02:07:12','2026-02-24 02:07:12',NULL),(300,55,'sim-Line-1-2026-02-24-001','sim-Line-1-2026-02-24-001-001','Potassium Sorbate','Potassium Sorbate, 25 kgs/bag.',0.8,'SPP',2,'2026-02-24 02:07:14','2026-02-24 02:07:14',NULL),(301,55,'sim-Line-1-2026-02-24-001','sim-Line-1-2026-02-24-001-001','Sodium Benzoate','Sodium Benzoate, 25 kgs/bag',0.2,'SPP',2,'2026-02-24 02:07:16','2026-02-24 02:07:16',NULL),(302,55,'sim-Line-1-2026-02-24-001','sim-Line-1-2026-02-24-001-001','Malic Acid, 25 kgs/bag.','Malic Acid, 25 kgs/bag.',0.115,'SPP',2,'2026-02-24 02:07:16','2026-02-24 02:07:16',NULL),(303,55,'sim-Line-1-2026-02-24-001','sim-Line-1-2026-02-24-001-001','CL001A','Caramel Colour Class III (INS 150c).',0.2,'FH',2,'2026-02-24 02:07:17','2026-02-24 02:07:17',NULL),(304,56,'sim-Line-1-2026-02-24-001','sim-Line-1-2026-02-24-001-002','LS in Line','LS in Line',371.71,'SPP',0,'2026-02-24 02:07:18','2026-02-24 02:07:18',NULL),(305,56,'sim-Line-1-2026-02-24-001','sim-Line-1-2026-02-24-001-002','RO-Water','RO-Water',376.87,'MIX',1,'2026-02-24 02:07:18','2026-02-24 02:07:18',NULL),(306,56,'sim-Line-1-2026-02-24-001','sim-Line-1-2026-02-24-001-002','White Sugar W150 1000kg For Repack','White Sugar W150 1000kg For Repack',250,'SPP',1,'2026-02-24 02:07:18','2026-02-24 02:07:18',NULL),(307,56,'sim-Line-1-2026-02-24-001','sim-Line-1-2026-02-24-001-002','Potassium Sorbate','Potassium Sorbate, 25 kgs/bag.',0.8,'SPP',0,'2026-02-24 02:07:19','2026-02-24 02:07:19',NULL),(308,56,'sim-Line-1-2026-02-24-001','sim-Line-1-2026-02-24-001-002','Sodium Benzoate','Sodium Benzoate, 25 kgs/bag',0.2,'SPP',1,'2026-02-24 02:07:20','2026-02-24 02:07:20',NULL),(309,56,'sim-Line-1-2026-02-24-001','sim-Line-1-2026-02-24-001-002','Malic Acid, 25 kgs/bag.','Malic Acid, 25 kgs/bag.',0.115,'SPP',1,'2026-02-24 02:07:21','2026-02-24 02:07:21',NULL),(310,56,'sim-Line-1-2026-02-24-001','sim-Line-1-2026-02-24-001-002','CL001A','Caramel Colour Class III (INS 150c).',0.2,'FH',1,'2026-02-24 02:07:21','2026-02-24 02:07:21',NULL),(311,57,'sim-Line-1-2026-02-24-001','sim-Line-1-2026-02-24-001-003','LS in Line','LS in Line',371.71,'SPP',0,'2026-02-24 02:07:21','2026-02-24 02:07:21',NULL),(312,57,'sim-Line-1-2026-02-24-001','sim-Line-1-2026-02-24-001-003','RO-Water','RO-Water',376.87,'MIX',0,'2026-02-24 02:07:22','2026-02-24 02:07:22',NULL),(313,57,'sim-Line-1-2026-02-24-001','sim-Line-1-2026-02-24-001-003','White Sugar W150 1000kg For Repack','White Sugar W150 1000kg For Repack',250,'SPP',1,'2026-02-24 02:07:22','2026-02-24 02:07:22',NULL),(314,57,'sim-Line-1-2026-02-24-001','sim-Line-1-2026-02-24-001-003','Potassium Sorbate','Potassium Sorbate, 25 kgs/bag.',0.8,'SPP',1,'2026-02-24 02:07:22','2026-02-24 02:07:22',NULL),(315,57,'sim-Line-1-2026-02-24-001','sim-Line-1-2026-02-24-001-003','Sodium Benzoate','Sodium Benzoate, 25 kgs/bag',0.2,'SPP',0,'2026-02-24 02:07:24','2026-02-24 02:07:24',NULL),(316,57,'sim-Line-1-2026-02-24-001','sim-Line-1-2026-02-24-001-003','Malic Acid, 25 kgs/bag.','Malic Acid, 25 kgs/bag.',0.115,'SPP',1,'2026-02-24 02:07:24','2026-02-24 02:07:24',NULL),(317,57,'sim-Line-1-2026-02-24-001','sim-Line-1-2026-02-24-001-003','CL001A','Caramel Colour Class III (INS 150c).',0.2,'FH',1,'2026-02-24 02:07:24','2026-02-24 02:07:24',NULL),(318,58,'sim-Line-1-2026-02-24-001','sim-Line-1-2026-02-24-001-004','LS in Line','LS in Line',371.71,'SPP',2,'2026-02-24 02:07:25','2026-02-24 02:07:25',NULL),(319,58,'sim-Line-1-2026-02-24-001','sim-Line-1-2026-02-24-001-004','RO-Water','RO-Water',376.87,'MIX',2,'2026-02-24 02:07:25','2026-02-24 02:07:25',NULL),(320,58,'sim-Line-1-2026-02-24-001','sim-Line-1-2026-02-24-001-004','White Sugar W150 1000kg For Repack','White Sugar W150 1000kg For Repack',250,'SPP',2,'2026-02-24 02:07:25','2026-02-24 02:07:25',NULL),(321,58,'sim-Line-1-2026-02-24-001','sim-Line-1-2026-02-24-001-004','Potassium Sorbate','Potassium Sorbate, 25 kgs/bag.',0.8,'SPP',2,'2026-02-24 02:07:28','2026-02-24 02:07:28',NULL),(322,58,'sim-Line-1-2026-02-24-001','sim-Line-1-2026-02-24-001-004','Sodium Benzoate','Sodium Benzoate, 25 kgs/bag',0.2,'SPP',2,'2026-02-24 02:07:30','2026-02-24 02:07:30',NULL),(323,58,'sim-Line-1-2026-02-24-001','sim-Line-1-2026-02-24-001-004','Malic Acid, 25 kgs/bag.','Malic Acid, 25 kgs/bag.',0.115,'SPP',2,'2026-02-24 02:07:30','2026-02-24 02:07:30',NULL),(324,58,'sim-Line-1-2026-02-24-001','sim-Line-1-2026-02-24-001-004','CL001A','Caramel Colour Class III (INS 150c).',0.2,'FH',2,'2026-02-24 02:07:31','2026-02-24 02:07:31',NULL),(325,59,'sim-Line-1-2026-02-24-001','sim-Line-1-2026-02-24-001-005','LS in Line','LS in Line',371.71,'SPP',0,'2026-02-24 02:07:31','2026-02-24 02:07:31',NULL),(326,59,'sim-Line-1-2026-02-24-001','sim-Line-1-2026-02-24-001-005','RO-Water','RO-Water',376.87,'MIX',1,'2026-02-24 02:07:32','2026-02-24 02:07:32',NULL),(327,59,'sim-Line-1-2026-02-24-001','sim-Line-1-2026-02-24-001-005','White Sugar W150 1000kg For Repack','White Sugar W150 1000kg For Repack',250,'SPP',0,'2026-02-24 02:07:32','2026-02-24 02:07:32',NULL),(328,59,'sim-Line-1-2026-02-24-001','sim-Line-1-2026-02-24-001-005','Potassium Sorbate','Potassium Sorbate, 25 kgs/bag.',0.8,'SPP',0,'2026-02-24 02:07:33','2026-02-24 02:07:33',NULL),(329,59,'sim-Line-1-2026-02-24-001','sim-Line-1-2026-02-24-001-005','Sodium Benzoate','Sodium Benzoate, 25 kgs/bag',0.2,'SPP',0,'2026-02-24 02:07:33','2026-02-24 02:07:33',NULL),(330,59,'sim-Line-1-2026-02-24-001','sim-Line-1-2026-02-24-001-005','Malic Acid, 25 kgs/bag.','Malic Acid, 25 kgs/bag.',0.115,'SPP',1,'2026-02-24 02:07:33','2026-02-24 02:07:33',NULL),(331,59,'sim-Line-1-2026-02-24-001','sim-Line-1-2026-02-24-001-005','CL001A','Caramel Colour Class III (INS 150c).',0.2,'FH',0,'2026-02-24 02:07:33','2026-02-24 02:07:33',NULL),(332,60,'sim-Line-1-2026-02-24-001','sim-Line-1-2026-02-24-001-006','LS in Line','LS in Line',371.71,'SPP',2,'2026-02-24 02:07:34','2026-02-24 02:07:34',NULL),(333,60,'sim-Line-1-2026-02-24-001','sim-Line-1-2026-02-24-001-006','RO-Water','RO-Water',376.87,'MIX',2,'2026-02-24 02:07:34','2026-02-24 02:07:34',NULL),(334,60,'sim-Line-1-2026-02-24-001','sim-Line-1-2026-02-24-001-006','White Sugar W150 1000kg For Repack','White Sugar W150 1000kg For Repack',250,'SPP',2,'2026-02-24 02:07:34','2026-02-24 02:07:34',NULL),(335,60,'sim-Line-1-2026-02-24-001','sim-Line-1-2026-02-24-001-006','Potassium Sorbate','Potassium Sorbate, 25 kgs/bag.',0.8,'SPP',2,'2026-02-24 02:07:35','2026-02-24 02:07:35',NULL),(336,60,'sim-Line-1-2026-02-24-001','sim-Line-1-2026-02-24-001-006','Sodium Benzoate','Sodium Benzoate, 25 kgs/bag',0.2,'SPP',2,'2026-02-24 02:07:37','2026-02-24 02:07:37',NULL),(337,60,'sim-Line-1-2026-02-24-001','sim-Line-1-2026-02-24-001-006','Malic Acid, 25 kgs/bag.','Malic Acid, 25 kgs/bag.',0.115,'SPP',2,'2026-02-24 02:07:37','2026-02-24 02:07:37',NULL),(338,60,'sim-Line-1-2026-02-24-001','sim-Line-1-2026-02-24-001-006','CL001A','Caramel Colour Class III (INS 150c).',0.2,'FH',2,'2026-02-24 02:07:38','2026-02-24 02:07:38',NULL),(339,61,'sim-Line-1-2026-02-24-001','sim-Line-1-2026-02-24-001-007','LS in Line','LS in Line',371.71,'SPP',2,'2026-02-24 02:07:38','2026-02-24 02:07:38',NULL),(340,61,'sim-Line-1-2026-02-24-001','sim-Line-1-2026-02-24-001-007','RO-Water','RO-Water',376.87,'MIX',2,'2026-02-24 02:07:38','2026-02-24 02:07:38',NULL),(341,61,'sim-Line-1-2026-02-24-001','sim-Line-1-2026-02-24-001-007','White Sugar W150 1000kg For Repack','White Sugar W150 1000kg For Repack',250,'SPP',2,'2026-02-24 02:07:39','2026-02-24 02:07:39',NULL),(342,61,'sim-Line-1-2026-02-24-001','sim-Line-1-2026-02-24-001-007','Potassium Sorbate','Potassium Sorbate, 25 kgs/bag.',0.8,'SPP',2,'2026-02-24 02:07:41','2026-02-24 02:07:41',NULL),(343,61,'sim-Line-1-2026-02-24-001','sim-Line-1-2026-02-24-001-007','Sodium Benzoate','Sodium Benzoate, 25 kgs/bag',0.2,'SPP',2,'2026-02-24 02:07:42','2026-02-24 02:07:42',NULL),(344,61,'sim-Line-1-2026-02-24-001','sim-Line-1-2026-02-24-001-007','Malic Acid, 25 kgs/bag.','Malic Acid, 25 kgs/bag.',0.115,'SPP',2,'2026-02-24 02:07:42','2026-02-24 02:07:42',NULL),(345,61,'sim-Line-1-2026-02-24-001','sim-Line-1-2026-02-24-001-007','CL001A','Caramel Colour Class III (INS 150c).',0.2,'FH',2,'2026-02-24 02:07:42','2026-02-24 02:07:42',NULL),(346,62,'sim-Line-1-2026-02-24-001','sim-Line-1-2026-02-24-001-008','LS in Line','LS in Line',371.71,'SPP',1,'2026-02-24 02:07:43','2026-02-24 02:07:43',NULL),(347,62,'sim-Line-1-2026-02-24-001','sim-Line-1-2026-02-24-001-008','RO-Water','RO-Water',376.87,'MIX',0,'2026-02-24 02:07:43','2026-02-24 02:07:43',NULL),(348,62,'sim-Line-1-2026-02-24-001','sim-Line-1-2026-02-24-001-008','White Sugar W150 1000kg For Repack','White Sugar W150 1000kg For Repack',250,'SPP',1,'2026-02-24 02:07:43','2026-02-24 02:07:43',NULL),(349,62,'sim-Line-1-2026-02-24-001','sim-Line-1-2026-02-24-001-008','Potassium Sorbate','Potassium Sorbate, 25 kgs/bag.',0.8,'SPP',1,'2026-02-24 02:07:43','2026-02-24 02:07:43',NULL),(350,62,'sim-Line-1-2026-02-24-001','sim-Line-1-2026-02-24-001-008','Sodium Benzoate','Sodium Benzoate, 25 kgs/bag',0.2,'SPP',1,'2026-02-24 02:07:45','2026-02-24 02:07:45',NULL),(351,62,'sim-Line-1-2026-02-24-001','sim-Line-1-2026-02-24-001-008','Malic Acid, 25 kgs/bag.','Malic Acid, 25 kgs/bag.',0.115,'SPP',0,'2026-02-24 02:07:46','2026-02-24 02:07:46',NULL),(352,62,'sim-Line-1-2026-02-24-001','sim-Line-1-2026-02-24-001-008','CL001A','Caramel Colour Class III (INS 150c).',0.2,'FH',1,'2026-02-24 02:07:46','2026-02-24 02:07:46',NULL),(353,63,'sim-Line-1-2026-02-24-001','sim-Line-1-2026-02-24-001-009','LS in Line','LS in Line',371.71,'SPP',0,'2026-02-24 02:07:46','2026-02-24 02:07:46',NULL),(354,63,'sim-Line-1-2026-02-24-001','sim-Line-1-2026-02-24-001-009','RO-Water','RO-Water',376.87,'MIX',1,'2026-02-24 02:07:46','2026-02-24 02:07:46',NULL),(355,63,'sim-Line-1-2026-02-24-001','sim-Line-1-2026-02-24-001-009','White Sugar W150 1000kg For Repack','White Sugar W150 1000kg For Repack',250,'SPP',0,'2026-02-24 02:07:46','2026-02-24 02:07:46',NULL),(356,63,'sim-Line-1-2026-02-24-001','sim-Line-1-2026-02-24-001-009','Potassium Sorbate','Potassium Sorbate, 25 kgs/bag.',0.8,'SPP',0,'2026-02-24 02:07:49','2026-02-24 02:07:49',NULL),(357,63,'sim-Line-1-2026-02-24-001','sim-Line-1-2026-02-24-001-009','Sodium Benzoate','Sodium Benzoate, 25 kgs/bag',0.2,'SPP',1,'2026-02-24 02:07:49','2026-02-24 02:07:49',NULL),(358,63,'sim-Line-1-2026-02-24-001','sim-Line-1-2026-02-24-001-009','Malic Acid, 25 kgs/bag.','Malic Acid, 25 kgs/bag.',0.115,'SPP',0,'2026-02-24 02:07:49','2026-02-24 02:07:49',NULL),(359,63,'sim-Line-1-2026-02-24-001','sim-Line-1-2026-02-24-001-009','CL001A','Caramel Colour Class III (INS 150c).',0.2,'FH',1,'2026-02-24 02:07:49','2026-02-24 02:07:49',NULL),(360,64,'sim-Line-1-2026-02-24-003','sim-Line-1-2026-02-24-003-001','LS in Line','LS in Line',371.71,'SPP',0,'2026-02-24 02:07:50','2026-02-24 02:07:50',NULL),(361,64,'sim-Line-1-2026-02-24-003','sim-Line-1-2026-02-24-003-001','RO-Water','RO-Water',376.87,'MIX',0,'2026-02-24 02:07:50','2026-02-24 02:07:50',NULL),(362,64,'sim-Line-1-2026-02-24-003','sim-Line-1-2026-02-24-003-001','White Sugar W150 1000kg For Repack','White Sugar W150 1000kg For Repack',250,'SPP',0,'2026-02-24 02:07:50','2026-02-24 02:07:50',NULL),(363,64,'sim-Line-1-2026-02-24-003','sim-Line-1-2026-02-24-003-001','Potassium Sorbate','Potassium Sorbate, 25 kgs/bag.',0.8,'SPP',1,'2026-02-24 02:07:50','2026-02-24 02:07:50',NULL),(364,64,'sim-Line-1-2026-02-24-003','sim-Line-1-2026-02-24-003-001','Sodium Benzoate','Sodium Benzoate, 25 kgs/bag',0.2,'SPP',1,'2026-02-24 02:07:50','2026-02-24 02:07:50',NULL),(365,64,'sim-Line-1-2026-02-24-003','sim-Line-1-2026-02-24-003-001','Malic Acid, 25 kgs/bag.','Malic Acid, 25 kgs/bag.',0.115,'SPP',1,'2026-02-24 02:07:51','2026-02-24 02:07:51',NULL),(366,64,'sim-Line-1-2026-02-24-003','sim-Line-1-2026-02-24-003-001','CL001A','Caramel Colour Class III (INS 150c).',0.2,'FH',0,'2026-02-24 02:07:51','2026-02-24 02:07:51',NULL),(367,65,'sim-Line-1-2026-02-24-003','sim-Line-1-2026-02-24-003-002','LS in Line','LS in Line',371.71,'SPP',1,'2026-02-24 02:07:51','2026-02-24 02:07:51',NULL),(368,65,'sim-Line-1-2026-02-24-003','sim-Line-1-2026-02-24-003-002','RO-Water','RO-Water',376.87,'MIX',1,'2026-02-24 02:07:51','2026-02-24 02:07:51',NULL),(369,65,'sim-Line-1-2026-02-24-003','sim-Line-1-2026-02-24-003-002','White Sugar W150 1000kg For Repack','White Sugar W150 1000kg For Repack',250,'SPP',1,'2026-02-24 02:07:52','2026-02-24 02:07:52',NULL),(370,65,'sim-Line-1-2026-02-24-003','sim-Line-1-2026-02-24-003-002','Potassium Sorbate','Potassium Sorbate, 25 kgs/bag.',0.8,'SPP',1,'2026-02-24 02:07:53','2026-02-24 02:07:53',NULL),(371,65,'sim-Line-1-2026-02-24-003','sim-Line-1-2026-02-24-003-002','Sodium Benzoate','Sodium Benzoate, 25 kgs/bag',0.2,'SPP',1,'2026-02-24 02:07:54','2026-02-24 02:07:54',NULL),(372,65,'sim-Line-1-2026-02-24-003','sim-Line-1-2026-02-24-003-002','Malic Acid, 25 kgs/bag.','Malic Acid, 25 kgs/bag.',0.115,'SPP',0,'2026-02-24 02:07:55','2026-02-24 02:07:55',NULL),(373,65,'sim-Line-1-2026-02-24-003','sim-Line-1-2026-02-24-003-002','CL001A','Caramel Colour Class III (INS 150c).',0.2,'FH',1,'2026-02-24 02:07:55','2026-02-24 02:07:55',NULL),(374,66,'sim-Line-1-2026-02-24-003','sim-Line-1-2026-02-24-003-003','LS in Line','LS in Line',371.71,'SPP',0,'2026-02-24 02:07:56','2026-02-24 02:07:56',NULL),(375,66,'sim-Line-1-2026-02-24-003','sim-Line-1-2026-02-24-003-003','RO-Water','RO-Water',376.87,'MIX',1,'2026-02-24 02:07:56','2026-02-24 02:07:56',NULL),(376,66,'sim-Line-1-2026-02-24-003','sim-Line-1-2026-02-24-003-003','White Sugar W150 1000kg For Repack','White Sugar W150 1000kg For Repack',250,'SPP',0,'2026-02-24 02:07:56','2026-02-24 02:07:56',NULL),(377,66,'sim-Line-1-2026-02-24-003','sim-Line-1-2026-02-24-003-003','Potassium Sorbate','Potassium Sorbate, 25 kgs/bag.',0.8,'SPP',1,'2026-02-24 02:07:58','2026-02-24 02:07:58',NULL),(378,66,'sim-Line-1-2026-02-24-003','sim-Line-1-2026-02-24-003-003','Sodium Benzoate','Sodium Benzoate, 25 kgs/bag',0.2,'SPP',1,'2026-02-24 02:07:58','2026-02-24 02:07:58',NULL),(379,66,'sim-Line-1-2026-02-24-003','sim-Line-1-2026-02-24-003-003','Malic Acid, 25 kgs/bag.','Malic Acid, 25 kgs/bag.',0.115,'SPP',1,'2026-02-24 02:07:58','2026-02-24 02:07:58',NULL),(380,66,'sim-Line-1-2026-02-24-003','sim-Line-1-2026-02-24-003-003','CL001A','Caramel Colour Class III (INS 150c).',0.2,'FH',1,'2026-02-24 02:07:58','2026-02-24 02:07:58',NULL),(381,67,'sim-Line-1-2026-02-24-003','sim-Line-1-2026-02-24-003-004','LS in Line','LS in Line',371.71,'SPP',2,'2026-02-24 02:07:59','2026-02-24 02:07:59',NULL),(382,67,'sim-Line-1-2026-02-24-003','sim-Line-1-2026-02-24-003-004','RO-Water','RO-Water',376.87,'MIX',2,'2026-02-24 02:07:59','2026-02-24 02:07:59',NULL),(383,67,'sim-Line-1-2026-02-24-003','sim-Line-1-2026-02-24-003-004','White Sugar W150 1000kg For Repack','White Sugar W150 1000kg For Repack',250,'SPP',2,'2026-02-24 02:07:59','2026-02-24 02:07:59',NULL),(384,67,'sim-Line-1-2026-02-24-003','sim-Line-1-2026-02-24-003-004','Potassium Sorbate','Potassium Sorbate, 25 kgs/bag.',0.8,'SPP',2,'2026-02-24 02:08:01','2026-02-24 02:08:01',NULL),(385,67,'sim-Line-1-2026-02-24-003','sim-Line-1-2026-02-24-003-004','Sodium Benzoate','Sodium Benzoate, 25 kgs/bag',0.2,'SPP',2,'2026-02-24 02:08:03','2026-02-24 02:08:03',NULL),(386,67,'sim-Line-1-2026-02-24-003','sim-Line-1-2026-02-24-003-004','Malic Acid, 25 kgs/bag.','Malic Acid, 25 kgs/bag.',0.115,'SPP',2,'2026-02-24 02:08:03','2026-02-24 02:08:03',NULL),(387,67,'sim-Line-1-2026-02-24-003','sim-Line-1-2026-02-24-003-004','CL001A','Caramel Colour Class III (INS 150c).',0.2,'FH',2,'2026-02-24 02:08:03','2026-02-24 02:08:03',NULL),(388,68,'sim-Line-1-2026-02-24-003','sim-Line-1-2026-02-24-003-005','LS in Line','LS in Line',371.71,'SPP',1,'2026-02-24 02:08:03','2026-02-24 02:08:03',NULL),(389,68,'sim-Line-1-2026-02-24-003','sim-Line-1-2026-02-24-003-005','RO-Water','RO-Water',376.87,'MIX',1,'2026-02-24 02:08:04','2026-02-24 02:08:04',NULL),(390,68,'sim-Line-1-2026-02-24-003','sim-Line-1-2026-02-24-003-005','White Sugar W150 1000kg For Repack','White Sugar W150 1000kg For Repack',250,'SPP',0,'2026-02-24 02:08:04','2026-02-24 02:08:04',NULL),(391,68,'sim-Line-1-2026-02-24-003','sim-Line-1-2026-02-24-003-005','Potassium Sorbate','Potassium Sorbate, 25 kgs/bag.',0.8,'SPP',1,'2026-02-24 02:08:06','2026-02-24 02:08:06',NULL),(392,68,'sim-Line-1-2026-02-24-003','sim-Line-1-2026-02-24-003-005','Sodium Benzoate','Sodium Benzoate, 25 kgs/bag',0.2,'SPP',0,'2026-02-24 02:08:06','2026-02-24 02:08:06',NULL),(393,68,'sim-Line-1-2026-02-24-003','sim-Line-1-2026-02-24-003-005','Malic Acid, 25 kgs/bag.','Malic Acid, 25 kgs/bag.',0.115,'SPP',1,'2026-02-24 02:08:06','2026-02-24 02:08:06',NULL),(394,68,'sim-Line-1-2026-02-24-003','sim-Line-1-2026-02-24-003-005','CL001A','Caramel Colour Class III (INS 150c).',0.2,'FH',1,'2026-02-24 02:08:06','2026-02-24 02:08:06',NULL),(395,69,'sim-Line-1-2026-02-24-003','sim-Line-1-2026-02-24-003-006','LS in Line','LS in Line',371.71,'SPP',2,'2026-02-24 02:08:07','2026-02-24 02:08:07',NULL),(396,69,'sim-Line-1-2026-02-24-003','sim-Line-1-2026-02-24-003-006','RO-Water','RO-Water',376.87,'MIX',2,'2026-02-24 02:08:07','2026-02-24 02:08:07',NULL),(397,69,'sim-Line-1-2026-02-24-003','sim-Line-1-2026-02-24-003-006','White Sugar W150 1000kg For Repack','White Sugar W150 1000kg For Repack',250,'SPP',2,'2026-02-24 02:08:07','2026-02-24 02:08:07',NULL),(398,69,'sim-Line-1-2026-02-24-003','sim-Line-1-2026-02-24-003-006','Potassium Sorbate','Potassium Sorbate, 25 kgs/bag.',0.8,'SPP',2,'2026-02-24 02:08:09','2026-02-24 02:08:09',NULL),(399,69,'sim-Line-1-2026-02-24-003','sim-Line-1-2026-02-24-003-006','Sodium Benzoate','Sodium Benzoate, 25 kgs/bag',0.2,'SPP',2,'2026-02-24 02:08:10','2026-02-24 02:08:10',NULL),(400,69,'sim-Line-1-2026-02-24-003','sim-Line-1-2026-02-24-003-006','Malic Acid, 25 kgs/bag.','Malic Acid, 25 kgs/bag.',0.115,'SPP',2,'2026-02-24 02:08:10','2026-02-24 02:08:10',NULL),(401,69,'sim-Line-1-2026-02-24-003','sim-Line-1-2026-02-24-003-006','CL001A','Caramel Colour Class III (INS 150c).',0.2,'FH',2,'2026-02-24 02:08:11','2026-02-24 02:08:11',NULL),(402,70,'sim-Line-1-2026-02-24-003','sim-Line-1-2026-02-24-003-007','LS in Line','LS in Line',371.71,'SPP',2,'2026-02-24 02:08:11','2026-02-24 02:08:11',NULL),(403,70,'sim-Line-1-2026-02-24-003','sim-Line-1-2026-02-24-003-007','RO-Water','RO-Water',376.87,'MIX',2,'2026-02-24 02:08:11','2026-02-24 02:08:11',NULL),(404,70,'sim-Line-1-2026-02-24-003','sim-Line-1-2026-02-24-003-007','White Sugar W150 1000kg For Repack','White Sugar W150 1000kg For Repack',250,'SPP',2,'2026-02-24 02:08:12','2026-02-24 02:08:12',NULL),(405,70,'sim-Line-1-2026-02-24-003','sim-Line-1-2026-02-24-003-007','Potassium Sorbate','Potassium Sorbate, 25 kgs/bag.',0.8,'SPP',2,'2026-02-24 02:08:14','2026-02-24 02:08:14',NULL),(406,70,'sim-Line-1-2026-02-24-003','sim-Line-1-2026-02-24-003-007','Sodium Benzoate','Sodium Benzoate, 25 kgs/bag',0.2,'SPP',2,'2026-02-24 02:08:16','2026-02-24 02:08:16',NULL),(407,70,'sim-Line-1-2026-02-24-003','sim-Line-1-2026-02-24-003-007','Malic Acid, 25 kgs/bag.','Malic Acid, 25 kgs/bag.',0.115,'SPP',2,'2026-02-24 02:08:17','2026-02-24 02:08:17',NULL),(408,70,'sim-Line-1-2026-02-24-003','sim-Line-1-2026-02-24-003-007','CL001A','Caramel Colour Class III (INS 150c).',0.2,'FH',2,'2026-02-24 02:08:17','2026-02-24 02:08:17',NULL),(409,71,'sim-Line-1-2026-02-24-003','sim-Line-1-2026-02-24-003-008','LS in Line','LS in Line',371.71,'SPP',0,'2026-02-24 02:08:18','2026-02-24 02:08:18',NULL),(410,71,'sim-Line-1-2026-02-24-003','sim-Line-1-2026-02-24-003-008','RO-Water','RO-Water',376.87,'MIX',1,'2026-02-24 02:08:18','2026-02-24 02:08:18',NULL),(411,71,'sim-Line-1-2026-02-24-003','sim-Line-1-2026-02-24-003-008','White Sugar W150 1000kg For Repack','White Sugar W150 1000kg For Repack',250,'SPP',0,'2026-02-24 02:08:18','2026-02-24 02:08:18',NULL),(412,71,'sim-Line-1-2026-02-24-003','sim-Line-1-2026-02-24-003-008','Potassium Sorbate','Potassium Sorbate, 25 kgs/bag.',0.8,'SPP',0,'2026-02-24 02:08:20','2026-02-24 02:08:20',NULL),(413,71,'sim-Line-1-2026-02-24-003','sim-Line-1-2026-02-24-003-008','Sodium Benzoate','Sodium Benzoate, 25 kgs/bag',0.2,'SPP',1,'2026-02-24 02:08:20','2026-02-24 02:08:20',NULL),(414,71,'sim-Line-1-2026-02-24-003','sim-Line-1-2026-02-24-003-008','Malic Acid, 25 kgs/bag.','Malic Acid, 25 kgs/bag.',0.115,'SPP',1,'2026-02-24 02:08:20','2026-02-24 02:08:20',NULL),(415,71,'sim-Line-1-2026-02-24-003','sim-Line-1-2026-02-24-003-008','CL001A','Caramel Colour Class III (INS 150c).',0.2,'FH',0,'2026-02-24 02:08:20','2026-02-24 02:08:20',NULL),(416,72,'sim-Line-1-2026-02-24-003','sim-Line-1-2026-02-24-003-009','LS in Line','LS in Line',371.71,'SPP',0,'2026-02-24 02:08:20','2026-02-24 02:08:20',NULL),(417,72,'sim-Line-1-2026-02-24-003','sim-Line-1-2026-02-24-003-009','RO-Water','RO-Water',376.87,'MIX',1,'2026-02-24 02:08:20','2026-02-24 02:08:20',NULL),(418,72,'sim-Line-1-2026-02-24-003','sim-Line-1-2026-02-24-003-009','White Sugar W150 1000kg For Repack','White Sugar W150 1000kg For Repack',250,'SPP',1,'2026-02-24 02:08:21','2026-02-24 02:08:21',NULL),(419,72,'sim-Line-1-2026-02-24-003','sim-Line-1-2026-02-24-003-009','Potassium Sorbate','Potassium Sorbate, 25 kgs/bag.',0.8,'SPP',1,'2026-02-24 02:08:22','2026-02-24 02:08:22',NULL),(420,72,'sim-Line-1-2026-02-24-003','sim-Line-1-2026-02-24-003-009','Sodium Benzoate','Sodium Benzoate, 25 kgs/bag',0.2,'SPP',1,'2026-02-24 02:08:23','2026-02-24 02:08:23',NULL),(421,72,'sim-Line-1-2026-02-24-003','sim-Line-1-2026-02-24-003-009','Malic Acid, 25 kgs/bag.','Malic Acid, 25 kgs/bag.',0.115,'SPP',1,'2026-02-24 02:08:23','2026-02-24 02:08:23',NULL),(422,72,'sim-Line-1-2026-02-24-003','sim-Line-1-2026-02-24-003-009','CL001A','Caramel Colour Class III (INS 150c).',0.2,'FH',1,'2026-02-24 02:08:24','2026-02-24 02:08:24',NULL),(423,73,'sim-Line-1-2026-02-24-003','sim-Line-1-2026-02-24-003-010','LS in Line','LS in Line',371.71,'SPP',1,'2026-02-24 02:08:24','2026-02-24 02:08:24',NULL),(424,73,'sim-Line-1-2026-02-24-003','sim-Line-1-2026-02-24-003-010','RO-Water','RO-Water',376.87,'MIX',1,'2026-02-24 02:08:24','2026-02-24 02:08:24',NULL),(425,73,'sim-Line-1-2026-02-24-003','sim-Line-1-2026-02-24-003-010','White Sugar W150 1000kg For Repack','White Sugar W150 1000kg For Repack',250,'SPP',1,'2026-02-24 02:08:24','2026-02-24 02:08:24',NULL),(426,73,'sim-Line-1-2026-02-24-003','sim-Line-1-2026-02-24-003-010','Potassium Sorbate','Potassium Sorbate, 25 kgs/bag.',0.8,'SPP',0,'2026-02-24 02:08:26','2026-02-24 02:08:26',NULL),(427,73,'sim-Line-1-2026-02-24-003','sim-Line-1-2026-02-24-003-010','Sodium Benzoate','Sodium Benzoate, 25 kgs/bag',0.2,'SPP',0,'2026-02-24 02:08:28','2026-02-24 02:08:28',NULL),(428,73,'sim-Line-1-2026-02-24-003','sim-Line-1-2026-02-24-003-010','Malic Acid, 25 kgs/bag.','Malic Acid, 25 kgs/bag.',0.115,'SPP',1,'2026-02-24 02:08:28','2026-02-24 02:08:28',NULL),(429,73,'sim-Line-1-2026-02-24-003','sim-Line-1-2026-02-24-003-010','CL001A','Caramel Colour Class III (INS 150c).',0.2,'FH',1,'2026-02-24 02:08:28','2026-02-24 02:08:28',NULL),(430,74,'sim-Line-2-2026-02-24-001','sim-Line-2-2026-02-24-001-001','MIS','MIS',787.019,'MIX',2,'2026-02-24 02:08:31','2026-02-24 02:08:31',NULL),(431,74,'sim-Line-2-2026-02-24-001','sim-Line-2-2026-02-24-001-001','RO-Water','RO-Water',140,'MIX',2,'2026-02-24 02:08:31','2026-02-24 02:08:31',NULL),(432,74,'sim-Line-2-2026-02-24-001','sim-Line-2-2026-02-24-001-001','CPK Keltrol','CPK Keltrol',0.2,'SPP',2,'2026-02-24 02:08:31','2026-02-24 02:08:31',NULL),(433,74,'sim-Line-2-2026-02-24-001','sim-Line-2-2026-02-24-001-001','W100 CG 50 kg','W100 CG 50 kg',1,'SPP',2,'2026-02-24 02:08:32','2026-02-24 02:08:32',NULL),(434,74,'sim-Line-2-2026-02-24-001','sim-Line-2-2026-02-24-001-001','Potassium Sorbate','Potassium Sorbate, 25 kgs/bag.',0.5,'SPP',2,'2026-02-24 02:08:32','2026-02-24 02:08:32',NULL),(435,74,'sim-Line-2-2026-02-24-001','sim-Line-2-2026-02-24-001-001','Sodium Benzoate','Sodium Benzoate, 25 kgs/bag',0.5,'SPP',2,'2026-02-24 02:08:32','2026-02-24 02:08:32',NULL),(436,74,'sim-Line-2-2026-02-24-001','sim-Line-2-2026-02-24-001-001','Trisodium Citrate','Trisodium Citrate',3,'SPP',2,'2026-02-24 02:08:32','2026-02-24 02:08:32',NULL),(437,74,'sim-Line-2-2026-02-24-001','sim-Line-2-2026-02-24-001-001','Citric Acid','Citric Acid',10,'SPP',2,'2026-02-24 02:08:33','2026-02-24 02:08:33',NULL),(438,74,'sim-Line-2-2026-02-24-001','sim-Line-2-2026-02-24-001-001','CL004A','Eurocert Carmoisine',0.28,'FH',2,'2026-02-24 02:08:33','2026-02-24 02:08:33',NULL),(439,74,'sim-Line-2-2026-02-24-001','sim-Line-2-2026-02-24-001-001','CL005A','FD&C BLUE NO.1 (Brilliant Blue Colour).',0.0014,'FH',2,'2026-02-24 02:08:33','2026-02-24 02:08:33',NULL),(440,74,'sim-Line-2-2026-02-24-001','sim-Line-2-2026-02-24-001-001','Mixed Berry Concentrate','Mixed Berry Concentrate',20,'MIX',2,'2026-02-24 02:08:34','2026-02-24 02:08:34',NULL),(441,74,'sim-Line-2-2026-02-24-001','sim-Line-2-2026-02-24-001-001','Frozen Pomegranate Concentrate (DKSH)','Frozen Pomegranate Concentrate (DKSH)',30,'MIX',2,'2026-02-24 02:08:34','2026-02-24 02:08:34',NULL),(442,74,'sim-Line-2-2026-02-24-001','sim-Line-2-2026-02-24-001-001','FV059A','Natural Pomegranate Flavor 001772',5,'FH',2,'2026-02-24 02:08:34','2026-02-24 02:08:34',NULL),(443,74,'sim-Line-2-2026-02-24-001','sim-Line-2-2026-02-24-001-001','FV064A','Natural Grenadine Flavor T10116600',2,'FH',2,'2026-02-24 02:08:34','2026-02-24 02:08:34',NULL),(444,75,'sim-Line-2-2026-02-24-001','sim-Line-2-2026-02-24-001-002','MIS','MIS',787.019,'MIX',1,'2026-02-24 02:08:35','2026-02-24 02:08:35',NULL),(445,75,'sim-Line-2-2026-02-24-001','sim-Line-2-2026-02-24-001-002','RO-Water','RO-Water',140,'MIX',0,'2026-02-24 02:08:35','2026-02-24 02:08:35',NULL),(446,75,'sim-Line-2-2026-02-24-001','sim-Line-2-2026-02-24-001-002','CPK Keltrol','CPK Keltrol',0.2,'SPP',0,'2026-02-24 02:08:35','2026-02-24 02:08:35',NULL),(447,75,'sim-Line-2-2026-02-24-001','sim-Line-2-2026-02-24-001-002','W100 CG 50 kg','W100 CG 50 kg',1,'SPP',1,'2026-02-24 02:08:35','2026-02-24 02:08:35',NULL),(448,75,'sim-Line-2-2026-02-24-001','sim-Line-2-2026-02-24-001-002','Potassium Sorbate','Potassium Sorbate, 25 kgs/bag.',0.5,'SPP',1,'2026-02-24 02:08:36','2026-02-24 02:08:36',NULL),(449,75,'sim-Line-2-2026-02-24-001','sim-Line-2-2026-02-24-001-002','Sodium Benzoate','Sodium Benzoate, 25 kgs/bag',0.5,'SPP',1,'2026-02-24 02:08:36','2026-02-24 02:08:36',NULL),(450,75,'sim-Line-2-2026-02-24-001','sim-Line-2-2026-02-24-001-002','Trisodium Citrate','Trisodium Citrate',3,'SPP',1,'2026-02-24 02:08:36','2026-02-24 02:08:36',NULL),(451,75,'sim-Line-2-2026-02-24-001','sim-Line-2-2026-02-24-001-002','Citric Acid','Citric Acid',10,'SPP',1,'2026-02-24 02:08:37','2026-02-24 02:08:37',NULL),(452,75,'sim-Line-2-2026-02-24-001','sim-Line-2-2026-02-24-001-002','CL004A','Eurocert Carmoisine',0.28,'FH',0,'2026-02-24 02:08:38','2026-02-24 02:08:38',NULL),(453,75,'sim-Line-2-2026-02-24-001','sim-Line-2-2026-02-24-001-002','CL005A','FD&C BLUE NO.1 (Brilliant Blue Colour).',0.0014,'FH',1,'2026-02-24 02:08:39','2026-02-24 02:08:39',NULL),(454,75,'sim-Line-2-2026-02-24-001','sim-Line-2-2026-02-24-001-002','Mixed Berry Concentrate','Mixed Berry Concentrate',20,'MIX',1,'2026-02-24 02:08:39','2026-02-24 02:08:39',NULL),(455,75,'sim-Line-2-2026-02-24-001','sim-Line-2-2026-02-24-001-002','Frozen Pomegranate Concentrate (DKSH)','Frozen Pomegranate Concentrate (DKSH)',30,'MIX',1,'2026-02-24 02:08:39','2026-02-24 02:08:39',NULL),(456,75,'sim-Line-2-2026-02-24-001','sim-Line-2-2026-02-24-001-002','FV059A','Natural Pomegranate Flavor 001772',5,'FH',1,'2026-02-24 02:08:39','2026-02-24 02:08:39',NULL),(457,75,'sim-Line-2-2026-02-24-001','sim-Line-2-2026-02-24-001-002','FV064A','Natural Grenadine Flavor T10116600',2,'FH',1,'2026-02-24 02:08:39','2026-02-24 02:08:39',NULL),(458,76,'sim-Line-2-2026-02-24-001','sim-Line-2-2026-02-24-001-003','MIS','MIS',787.019,'MIX',2,'2026-02-24 02:08:40','2026-02-24 02:08:40',NULL),(459,76,'sim-Line-2-2026-02-24-001','sim-Line-2-2026-02-24-001-003','RO-Water','RO-Water',140,'MIX',2,'2026-02-24 02:08:40','2026-02-24 02:08:40',NULL),(460,76,'sim-Line-2-2026-02-24-001','sim-Line-2-2026-02-24-001-003','CPK Keltrol','CPK Keltrol',0.2,'SPP',2,'2026-02-24 02:08:40','2026-02-24 02:08:40',NULL),(461,76,'sim-Line-2-2026-02-24-001','sim-Line-2-2026-02-24-001-003','W100 CG 50 kg','W100 CG 50 kg',1,'SPP',2,'2026-02-24 02:08:41','2026-02-24 02:08:41',NULL),(462,76,'sim-Line-2-2026-02-24-001','sim-Line-2-2026-02-24-001-003','Potassium Sorbate','Potassium Sorbate, 25 kgs/bag.',0.5,'SPP',2,'2026-02-24 02:08:41','2026-02-24 02:08:41',NULL),(463,76,'sim-Line-2-2026-02-24-001','sim-Line-2-2026-02-24-001-003','Sodium Benzoate','Sodium Benzoate, 25 kgs/bag',0.5,'SPP',2,'2026-02-24 02:08:41','2026-02-24 02:08:41',NULL),(464,76,'sim-Line-2-2026-02-24-001','sim-Line-2-2026-02-24-001-003','Trisodium Citrate','Trisodium Citrate',3,'SPP',2,'2026-02-24 02:08:41','2026-02-24 02:08:41',NULL),(465,76,'sim-Line-2-2026-02-24-001','sim-Line-2-2026-02-24-001-003','Citric Acid','Citric Acid',10,'SPP',2,'2026-02-24 02:08:42','2026-02-24 02:08:42',NULL),(466,76,'sim-Line-2-2026-02-24-001','sim-Line-2-2026-02-24-001-003','CL004A','Eurocert Carmoisine',0.28,'FH',2,'2026-02-24 02:08:42','2026-02-24 02:08:42',NULL),(467,76,'sim-Line-2-2026-02-24-001','sim-Line-2-2026-02-24-001-003','CL005A','FD&C BLUE NO.1 (Brilliant Blue Colour).',0.0014,'FH',2,'2026-02-24 02:08:42','2026-02-24 02:08:42',NULL),(468,76,'sim-Line-2-2026-02-24-001','sim-Line-2-2026-02-24-001-003','Mixed Berry Concentrate','Mixed Berry Concentrate',20,'MIX',2,'2026-02-24 02:08:42','2026-02-24 02:08:42',NULL),(469,76,'sim-Line-2-2026-02-24-001','sim-Line-2-2026-02-24-001-003','Frozen Pomegranate Concentrate (DKSH)','Frozen Pomegranate Concentrate (DKSH)',30,'MIX',2,'2026-02-24 02:08:43','2026-02-24 02:08:43',NULL),(470,76,'sim-Line-2-2026-02-24-001','sim-Line-2-2026-02-24-001-003','FV059A','Natural Pomegranate Flavor 001772',5,'FH',2,'2026-02-24 02:08:44','2026-02-24 02:08:44',NULL),(471,76,'sim-Line-2-2026-02-24-001','sim-Line-2-2026-02-24-001-003','FV064A','Natural Grenadine Flavor T10116600',2,'FH',2,'2026-02-24 02:08:44','2026-02-24 02:08:44',NULL),(472,77,'sim-Line-2-2026-02-24-001','sim-Line-2-2026-02-24-001-004','MIS','MIS',787.019,'MIX',1,'2026-02-24 02:08:44','2026-02-24 02:08:44',NULL),(473,77,'sim-Line-2-2026-02-24-001','sim-Line-2-2026-02-24-001-004','RO-Water','RO-Water',140,'MIX',1,'2026-02-24 02:08:44','2026-02-24 02:08:44',NULL),(474,77,'sim-Line-2-2026-02-24-001','sim-Line-2-2026-02-24-001-004','CPK Keltrol','CPK Keltrol',0.2,'SPP',0,'2026-02-24 02:08:45','2026-02-24 02:08:45',NULL),(475,77,'sim-Line-2-2026-02-24-001','sim-Line-2-2026-02-24-001-004','W100 CG 50 kg','W100 CG 50 kg',1,'SPP',1,'2026-02-24 02:08:45','2026-02-24 02:08:45',NULL),(476,77,'sim-Line-2-2026-02-24-001','sim-Line-2-2026-02-24-001-004','Potassium Sorbate','Potassium Sorbate, 25 kgs/bag.',0.5,'SPP',1,'2026-02-24 02:08:46','2026-02-24 02:08:46',NULL),(477,77,'sim-Line-2-2026-02-24-001','sim-Line-2-2026-02-24-001-004','Sodium Benzoate','Sodium Benzoate, 25 kgs/bag',0.5,'SPP',1,'2026-02-24 02:08:46','2026-02-24 02:08:46',NULL),(478,77,'sim-Line-2-2026-02-24-001','sim-Line-2-2026-02-24-001-004','Trisodium Citrate','Trisodium Citrate',3,'SPP',1,'2026-02-24 02:08:46','2026-02-24 02:08:46',NULL),(479,77,'sim-Line-2-2026-02-24-001','sim-Line-2-2026-02-24-001-004','Citric Acid','Citric Acid',10,'SPP',0,'2026-02-24 02:08:46','2026-02-24 02:08:46',NULL),(480,77,'sim-Line-2-2026-02-24-001','sim-Line-2-2026-02-24-001-004','CL004A','Eurocert Carmoisine',0.28,'FH',0,'2026-02-24 02:08:46','2026-02-24 02:08:46',NULL),(481,77,'sim-Line-2-2026-02-24-001','sim-Line-2-2026-02-24-001-004','CL005A','FD&C BLUE NO.1 (Brilliant Blue Colour).',0.0014,'FH',1,'2026-02-24 02:08:47','2026-02-24 02:08:47',NULL),(482,77,'sim-Line-2-2026-02-24-001','sim-Line-2-2026-02-24-001-004','Mixed Berry Concentrate','Mixed Berry Concentrate',20,'MIX',1,'2026-02-24 02:08:47','2026-02-24 02:08:47',NULL),(483,77,'sim-Line-2-2026-02-24-001','sim-Line-2-2026-02-24-001-004','Frozen Pomegranate Concentrate (DKSH)','Frozen Pomegranate Concentrate (DKSH)',30,'MIX',0,'2026-02-24 02:08:47','2026-02-24 02:08:47',NULL),(484,77,'sim-Line-2-2026-02-24-001','sim-Line-2-2026-02-24-001-004','FV059A','Natural Pomegranate Flavor 001772',5,'FH',1,'2026-02-24 02:08:47','2026-02-24 02:08:47',NULL),(485,77,'sim-Line-2-2026-02-24-001','sim-Line-2-2026-02-24-001-004','FV064A','Natural Grenadine Flavor T10116600',2,'FH',1,'2026-02-24 02:08:47','2026-02-24 02:08:47',NULL),(486,78,'sim-Line-2-2026-02-24-003','sim-Line-2-2026-02-24-003-001','RO-Water','RO-Water',700,'MIX',0,'2026-02-24 02:08:48','2026-02-24 02:08:48',NULL),(487,78,'sim-Line-2-2026-02-24-003','sim-Line-2-2026-02-24-003-001','MIS','MIS',400,'MIX',1,'2026-02-24 02:08:48','2026-02-24 02:08:48',NULL),(488,79,'sim-Line-2-2026-02-24-003','sim-Line-2-2026-02-24-003-002','RO-Water','RO-Water',700,'MIX',0,'2026-02-24 02:08:49','2026-02-24 02:08:49',NULL),(489,79,'sim-Line-2-2026-02-24-003','sim-Line-2-2026-02-24-003-002','MIS','MIS',400,'MIX',1,'2026-02-24 02:08:49','2026-02-24 02:08:49',NULL),(490,80,'sim-Line-2-2026-02-24-003','sim-Line-2-2026-02-24-003-003','RO-Water','RO-Water',700,'MIX',0,'2026-02-24 02:08:49','2026-02-24 02:08:49',NULL),(491,80,'sim-Line-2-2026-02-24-003','sim-Line-2-2026-02-24-003-003','MIS','MIS',400,'MIX',1,'2026-02-24 02:08:49','2026-02-24 02:08:49',NULL),(492,81,'sim-Line-2-2026-02-24-003','sim-Line-2-2026-02-24-003-004','RO-Water','RO-Water',700,'MIX',1,'2026-02-24 02:08:49','2026-02-24 02:08:49',NULL),(493,81,'sim-Line-2-2026-02-24-003','sim-Line-2-2026-02-24-003-004','MIS','MIS',400,'MIX',0,'2026-02-24 02:08:50','2026-02-24 02:08:50',NULL),(494,82,'sim-Line-2-2026-02-24-003','sim-Line-2-2026-02-24-003-005','RO-Water','RO-Water',700,'MIX',2,'2026-02-24 02:08:53','2026-02-24 02:08:53',NULL),(495,82,'sim-Line-2-2026-02-24-003','sim-Line-2-2026-02-24-003-005','MIS','MIS',400,'MIX',2,'2026-02-24 02:08:53','2026-02-24 02:08:53',NULL),(496,83,'sim-Line-2-2026-02-24-003','sim-Line-2-2026-02-24-003-006','RO-Water','RO-Water',700,'MIX',2,'2026-02-24 02:08:57','2026-02-24 02:08:57',NULL),(497,83,'sim-Line-2-2026-02-24-003','sim-Line-2-2026-02-24-003-006','MIS','MIS',400,'MIX',2,'2026-02-24 02:08:58','2026-02-24 02:08:58',NULL),(498,84,'sim-Line-2-2026-02-24-003','sim-Line-2-2026-02-24-003-007','RO-Water','RO-Water',700,'MIX',0,'2026-02-24 02:09:02','2026-02-24 02:09:02',NULL),(499,84,'sim-Line-2-2026-02-24-003','sim-Line-2-2026-02-24-003-007','MIS','MIS',400,'MIX',1,'2026-02-24 02:09:02','2026-02-24 02:09:02',NULL),(500,85,'sim-Line-2-2026-02-24-003','sim-Line-2-2026-02-24-003-008','RO-Water','RO-Water',700,'MIX',0,'2026-02-24 02:09:02','2026-02-24 02:09:02',NULL),(501,85,'sim-Line-2-2026-02-24-003','sim-Line-2-2026-02-24-003-008','MIS','MIS',400,'MIX',0,'2026-02-24 02:09:02','2026-02-24 02:09:02',NULL),(502,86,'sim-Line-2-2026-02-24-003','sim-Line-2-2026-02-24-003-009','RO-Water','RO-Water',700,'MIX',1,'2026-02-24 02:09:02','2026-02-24 02:09:02',NULL),(503,86,'sim-Line-2-2026-02-24-003','sim-Line-2-2026-02-24-003-009','MIS','MIS',400,'MIX',0,'2026-02-24 02:09:02','2026-02-24 02:09:02',NULL),(504,87,'sim-Line-2-2026-02-24-003','sim-Line-2-2026-02-24-003-010','RO-Water','RO-Water',700,'MIX',1,'2026-02-24 02:09:06','2026-02-24 02:09:06',NULL),(505,87,'sim-Line-2-2026-02-24-003','sim-Line-2-2026-02-24-003-010','MIS','MIS',400,'MIX',1,'2026-02-24 02:09:06','2026-02-24 02:09:06',NULL),(506,88,'sim-Line-3-2026-02-24-001','sim-Line-3-2026-02-24-001-001','MIS','MIS',787.019,'MIX',1,'2026-02-24 02:09:13','2026-02-24 02:09:13',NULL),(507,88,'sim-Line-3-2026-02-24-001','sim-Line-3-2026-02-24-001-001','RO-Water','RO-Water',140,'MIX',1,'2026-02-24 02:09:13','2026-02-24 02:09:13',NULL),(508,88,'sim-Line-3-2026-02-24-001','sim-Line-3-2026-02-24-001-001','CPK Keltrol','CPK Keltrol',0.2,'SPP',1,'2026-02-24 02:09:13','2026-02-24 02:09:13',NULL),(509,88,'sim-Line-3-2026-02-24-001','sim-Line-3-2026-02-24-001-001','W100 CG 50 kg','W100 CG 50 kg',1,'SPP',1,'2026-02-24 02:09:13','2026-02-24 02:09:13',NULL),(510,88,'sim-Line-3-2026-02-24-001','sim-Line-3-2026-02-24-001-001','Potassium Sorbate','Potassium Sorbate, 25 kgs/bag.',0.5,'SPP',1,'2026-02-24 02:09:14','2026-02-24 02:09:14',NULL),(511,88,'sim-Line-3-2026-02-24-001','sim-Line-3-2026-02-24-001-001','Sodium Benzoate','Sodium Benzoate, 25 kgs/bag',0.5,'SPP',1,'2026-02-24 02:09:14','2026-02-24 02:09:14',NULL),(512,88,'sim-Line-3-2026-02-24-001','sim-Line-3-2026-02-24-001-001','Trisodium Citrate','Trisodium Citrate',3,'SPP',1,'2026-02-24 02:09:14','2026-02-24 02:09:14',NULL),(513,88,'sim-Line-3-2026-02-24-001','sim-Line-3-2026-02-24-001-001','Citric Acid','Citric Acid',10,'SPP',0,'2026-02-24 02:09:14','2026-02-24 02:09:14',NULL),(514,88,'sim-Line-3-2026-02-24-001','sim-Line-3-2026-02-24-001-001','CL004A','Eurocert Carmoisine',0.28,'FH',1,'2026-02-24 02:09:15','2026-02-24 02:09:15',NULL),(515,88,'sim-Line-3-2026-02-24-001','sim-Line-3-2026-02-24-001-001','CL005A','FD&C BLUE NO.1 (Brilliant Blue Colour).',0.0014,'FH',0,'2026-02-24 02:09:15','2026-02-24 02:09:15',NULL),(516,88,'sim-Line-3-2026-02-24-001','sim-Line-3-2026-02-24-001-001','Mixed Berry Concentrate','Mixed Berry Concentrate',20,'MIX',0,'2026-02-24 02:09:15','2026-02-24 02:09:15',NULL),(517,88,'sim-Line-3-2026-02-24-001','sim-Line-3-2026-02-24-001-001','Frozen Pomegranate Concentrate (DKSH)','Frozen Pomegranate Concentrate (DKSH)',30,'MIX',1,'2026-02-24 02:09:15','2026-02-24 02:09:15',NULL),(518,88,'sim-Line-3-2026-02-24-001','sim-Line-3-2026-02-24-001-001','FV059A','Natural Pomegranate Flavor 001772',5,'FH',1,'2026-02-24 02:09:15','2026-02-24 02:09:15',NULL),(519,88,'sim-Line-3-2026-02-24-001','sim-Line-3-2026-02-24-001-001','FV064A','Natural Grenadine Flavor T10116600',2,'FH',0,'2026-02-24 02:09:16','2026-02-24 02:09:16',NULL),(520,89,'sim-Line-3-2026-02-24-001','sim-Line-3-2026-02-24-001-002','MIS','MIS',787.019,'MIX',0,'2026-02-24 02:09:16','2026-02-24 02:09:16',NULL),(521,89,'sim-Line-3-2026-02-24-001','sim-Line-3-2026-02-24-001-002','RO-Water','RO-Water',140,'MIX',0,'2026-02-24 02:09:16','2026-02-24 02:09:16',NULL),(522,89,'sim-Line-3-2026-02-24-001','sim-Line-3-2026-02-24-001-002','CPK Keltrol','CPK Keltrol',0.2,'SPP',1,'2026-02-24 02:09:16','2026-02-24 02:09:16',NULL),(523,89,'sim-Line-3-2026-02-24-001','sim-Line-3-2026-02-24-001-002','W100 CG 50 kg','W100 CG 50 kg',1,'SPP',1,'2026-02-24 02:09:16','2026-02-24 02:09:16',NULL),(524,89,'sim-Line-3-2026-02-24-001','sim-Line-3-2026-02-24-001-002','Potassium Sorbate','Potassium Sorbate, 25 kgs/bag.',0.5,'SPP',1,'2026-02-24 02:09:16','2026-02-24 02:09:16',NULL),(525,89,'sim-Line-3-2026-02-24-001','sim-Line-3-2026-02-24-001-002','Sodium Benzoate','Sodium Benzoate, 25 kgs/bag',0.5,'SPP',1,'2026-02-24 02:09:16','2026-02-24 02:09:16',NULL),(526,89,'sim-Line-3-2026-02-24-001','sim-Line-3-2026-02-24-001-002','Trisodium Citrate','Trisodium Citrate',3,'SPP',1,'2026-02-24 02:09:17','2026-02-24 02:09:17',NULL),(527,89,'sim-Line-3-2026-02-24-001','sim-Line-3-2026-02-24-001-002','Citric Acid','Citric Acid',10,'SPP',0,'2026-02-24 02:09:17','2026-02-24 02:09:17',NULL),(528,89,'sim-Line-3-2026-02-24-001','sim-Line-3-2026-02-24-001-002','CL004A','Eurocert Carmoisine',0.28,'FH',1,'2026-02-24 02:09:17','2026-02-24 02:09:17',NULL),(529,89,'sim-Line-3-2026-02-24-001','sim-Line-3-2026-02-24-001-002','CL005A','FD&C BLUE NO.1 (Brilliant Blue Colour).',0.0014,'FH',0,'2026-02-24 02:09:17','2026-02-24 02:09:17',NULL),(530,89,'sim-Line-3-2026-02-24-001','sim-Line-3-2026-02-24-001-002','Mixed Berry Concentrate','Mixed Berry Concentrate',20,'MIX',1,'2026-02-24 02:09:18','2026-02-24 02:09:18',NULL),(531,89,'sim-Line-3-2026-02-24-001','sim-Line-3-2026-02-24-001-002','Frozen Pomegranate Concentrate (DKSH)','Frozen Pomegranate Concentrate (DKSH)',30,'MIX',1,'2026-02-24 02:09:18','2026-02-24 02:09:18',NULL),(532,89,'sim-Line-3-2026-02-24-001','sim-Line-3-2026-02-24-001-002','FV059A','Natural Pomegranate Flavor 001772',5,'FH',1,'2026-02-24 02:09:18','2026-02-24 02:09:18',NULL),(533,89,'sim-Line-3-2026-02-24-001','sim-Line-3-2026-02-24-001-002','FV064A','Natural Grenadine Flavor T10116600',2,'FH',1,'2026-02-24 02:09:18','2026-02-24 02:09:18',NULL),(534,90,'sim-Line-3-2026-02-24-001','sim-Line-3-2026-02-24-001-003','MIS','MIS',787.019,'MIX',2,'2026-02-24 02:09:18','2026-02-24 02:09:18',NULL),(535,90,'sim-Line-3-2026-02-24-001','sim-Line-3-2026-02-24-001-003','RO-Water','RO-Water',140,'MIX',2,'2026-02-24 02:09:18','2026-02-24 02:09:18',NULL),(536,90,'sim-Line-3-2026-02-24-001','sim-Line-3-2026-02-24-001-003','CPK Keltrol','CPK Keltrol',0.2,'SPP',2,'2026-02-24 02:09:19','2026-02-24 02:09:19',NULL),(537,90,'sim-Line-3-2026-02-24-001','sim-Line-3-2026-02-24-001-003','W100 CG 50 kg','W100 CG 50 kg',1,'SPP',2,'2026-02-24 02:09:19','2026-02-24 02:09:19',NULL),(538,90,'sim-Line-3-2026-02-24-001','sim-Line-3-2026-02-24-001-003','Potassium Sorbate','Potassium Sorbate, 25 kgs/bag.',0.5,'SPP',2,'2026-02-24 02:09:19','2026-02-24 02:09:19',NULL),(539,90,'sim-Line-3-2026-02-24-001','sim-Line-3-2026-02-24-001-003','Sodium Benzoate','Sodium Benzoate, 25 kgs/bag',0.5,'SPP',2,'2026-02-24 02:09:19','2026-02-24 02:09:19',NULL),(540,90,'sim-Line-3-2026-02-24-001','sim-Line-3-2026-02-24-001-003','Trisodium Citrate','Trisodium Citrate',3,'SPP',2,'2026-02-24 02:09:20','2026-02-24 02:09:20',NULL),(541,90,'sim-Line-3-2026-02-24-001','sim-Line-3-2026-02-24-001-003','Citric Acid','Citric Acid',10,'SPP',2,'2026-02-24 02:09:20','2026-02-24 02:09:20',NULL),(542,90,'sim-Line-3-2026-02-24-001','sim-Line-3-2026-02-24-001-003','CL004A','Eurocert Carmoisine',0.28,'FH',2,'2026-02-24 02:09:20','2026-02-24 02:09:20',NULL),(543,90,'sim-Line-3-2026-02-24-001','sim-Line-3-2026-02-24-001-003','CL005A','FD&C BLUE NO.1 (Brilliant Blue Colour).',0.0014,'FH',2,'2026-02-24 02:09:20','2026-02-24 02:09:20',NULL),(544,90,'sim-Line-3-2026-02-24-001','sim-Line-3-2026-02-24-001-003','Mixed Berry Concentrate','Mixed Berry Concentrate',20,'MIX',2,'2026-02-24 02:09:20','2026-02-24 02:09:20',NULL),(545,90,'sim-Line-3-2026-02-24-001','sim-Line-3-2026-02-24-001-003','Frozen Pomegranate Concentrate (DKSH)','Frozen Pomegranate Concentrate (DKSH)',30,'MIX',2,'2026-02-24 02:09:21','2026-02-24 02:09:21',NULL),(546,90,'sim-Line-3-2026-02-24-001','sim-Line-3-2026-02-24-001-003','FV059A','Natural Pomegranate Flavor 001772',5,'FH',2,'2026-02-24 02:09:21','2026-02-24 02:09:21',NULL),(547,90,'sim-Line-3-2026-02-24-001','sim-Line-3-2026-02-24-001-003','FV064A','Natural Grenadine Flavor T10116600',2,'FH',2,'2026-02-24 02:09:21','2026-02-24 02:09:21',NULL),(548,91,'sim-Line-3-2026-02-24-001','sim-Line-3-2026-02-24-001-004','MIS','MIS',787.019,'MIX',1,'2026-02-24 02:09:21','2026-02-24 02:09:21',NULL),(549,91,'sim-Line-3-2026-02-24-001','sim-Line-3-2026-02-24-001-004','RO-Water','RO-Water',140,'MIX',0,'2026-02-24 02:09:21','2026-02-24 02:09:21',NULL),(550,91,'sim-Line-3-2026-02-24-001','sim-Line-3-2026-02-24-001-004','CPK Keltrol','CPK Keltrol',0.2,'SPP',1,'2026-02-24 02:09:22','2026-02-24 02:09:22',NULL),(551,91,'sim-Line-3-2026-02-24-001','sim-Line-3-2026-02-24-001-004','W100 CG 50 kg','W100 CG 50 kg',1,'SPP',1,'2026-02-24 02:09:22','2026-02-24 02:09:22',NULL),(552,91,'sim-Line-3-2026-02-24-001','sim-Line-3-2026-02-24-001-004','Potassium Sorbate','Potassium Sorbate, 25 kgs/bag.',0.5,'SPP',1,'2026-02-24 02:09:22','2026-02-24 02:09:22',NULL),(553,91,'sim-Line-3-2026-02-24-001','sim-Line-3-2026-02-24-001-004','Sodium Benzoate','Sodium Benzoate, 25 kgs/bag',0.5,'SPP',1,'2026-02-24 02:09:22','2026-02-24 02:09:22',NULL),(554,91,'sim-Line-3-2026-02-24-001','sim-Line-3-2026-02-24-001-004','Trisodium Citrate','Trisodium Citrate',3,'SPP',0,'2026-02-24 02:09:22','2026-02-24 02:09:22',NULL),(555,91,'sim-Line-3-2026-02-24-001','sim-Line-3-2026-02-24-001-004','Citric Acid','Citric Acid',10,'SPP',0,'2026-02-24 02:09:23','2026-02-24 02:09:23',NULL),(556,91,'sim-Line-3-2026-02-24-001','sim-Line-3-2026-02-24-001-004','CL004A','Eurocert Carmoisine',0.28,'FH',1,'2026-02-24 02:09:23','2026-02-24 02:09:23',NULL),(557,91,'sim-Line-3-2026-02-24-001','sim-Line-3-2026-02-24-001-004','CL005A','FD&C BLUE NO.1 (Brilliant Blue Colour).',0.0014,'FH',1,'2026-02-24 02:09:23','2026-02-24 02:09:23',NULL),(558,91,'sim-Line-3-2026-02-24-001','sim-Line-3-2026-02-24-001-004','Mixed Berry Concentrate','Mixed Berry Concentrate',20,'MIX',0,'2026-02-24 02:09:23','2026-02-24 02:09:23',NULL),(559,91,'sim-Line-3-2026-02-24-001','sim-Line-3-2026-02-24-001-004','Frozen Pomegranate Concentrate (DKSH)','Frozen Pomegranate Concentrate (DKSH)',30,'MIX',1,'2026-02-24 02:09:23','2026-02-24 02:09:23',NULL),(560,91,'sim-Line-3-2026-02-24-001','sim-Line-3-2026-02-24-001-004','FV059A','Natural Pomegranate Flavor 001772',5,'FH',0,'2026-02-24 02:09:23','2026-02-24 02:09:23',NULL),(561,91,'sim-Line-3-2026-02-24-001','sim-Line-3-2026-02-24-001-004','FV064A','Natural Grenadine Flavor T10116600',2,'FH',0,'2026-02-24 02:09:24','2026-02-24 02:09:24',NULL),(562,92,'sim-Line-3-2026-02-24-001','sim-Line-3-2026-02-24-001-005','MIS','MIS',787.019,'MIX',2,'2026-02-24 02:09:24','2026-02-24 02:09:24',NULL),(563,92,'sim-Line-3-2026-02-24-001','sim-Line-3-2026-02-24-001-005','RO-Water','RO-Water',140,'MIX',2,'2026-02-24 02:09:24','2026-02-24 02:09:24',NULL),(564,92,'sim-Line-3-2026-02-24-001','sim-Line-3-2026-02-24-001-005','CPK Keltrol','CPK Keltrol',0.2,'SPP',2,'2026-02-24 02:09:25','2026-02-24 02:09:25',NULL),(565,92,'sim-Line-3-2026-02-24-001','sim-Line-3-2026-02-24-001-005','W100 CG 50 kg','W100 CG 50 kg',1,'SPP',2,'2026-02-24 02:09:25','2026-02-24 02:09:25',NULL),(566,92,'sim-Line-3-2026-02-24-001','sim-Line-3-2026-02-24-001-005','Potassium Sorbate','Potassium Sorbate, 25 kgs/bag.',0.5,'SPP',2,'2026-02-24 02:09:26','2026-02-24 02:09:26',NULL),(567,92,'sim-Line-3-2026-02-24-001','sim-Line-3-2026-02-24-001-005','Sodium Benzoate','Sodium Benzoate, 25 kgs/bag',0.5,'SPP',2,'2026-02-24 02:09:26','2026-02-24 02:09:26',NULL),(568,92,'sim-Line-3-2026-02-24-001','sim-Line-3-2026-02-24-001-005','Trisodium Citrate','Trisodium Citrate',3,'SPP',2,'2026-02-24 02:09:26','2026-02-24 02:09:26',NULL),(569,92,'sim-Line-3-2026-02-24-001','sim-Line-3-2026-02-24-001-005','Citric Acid','Citric Acid',10,'SPP',2,'2026-02-24 02:09:27','2026-02-24 02:09:27',NULL),(570,92,'sim-Line-3-2026-02-24-001','sim-Line-3-2026-02-24-001-005','CL004A','Eurocert Carmoisine',0.28,'FH',2,'2026-02-24 02:09:28','2026-02-24 02:09:28',NULL),(571,92,'sim-Line-3-2026-02-24-001','sim-Line-3-2026-02-24-001-005','CL005A','FD&C BLUE NO.1 (Brilliant Blue Colour).',0.0014,'FH',2,'2026-02-24 02:09:28','2026-02-24 02:09:28',NULL),(572,92,'sim-Line-3-2026-02-24-001','sim-Line-3-2026-02-24-001-005','Mixed Berry Concentrate','Mixed Berry Concentrate',20,'MIX',2,'2026-02-24 02:09:28','2026-02-24 02:09:28',NULL),(573,92,'sim-Line-3-2026-02-24-001','sim-Line-3-2026-02-24-001-005','Frozen Pomegranate Concentrate (DKSH)','Frozen Pomegranate Concentrate (DKSH)',30,'MIX',2,'2026-02-24 02:09:28','2026-02-24 02:09:28',NULL),(574,92,'sim-Line-3-2026-02-24-001','sim-Line-3-2026-02-24-001-005','FV059A','Natural Pomegranate Flavor 001772',5,'FH',2,'2026-02-24 02:09:29','2026-02-24 02:09:29',NULL),(575,92,'sim-Line-3-2026-02-24-001','sim-Line-3-2026-02-24-001-005','FV064A','Natural Grenadine Flavor T10116600',2,'FH',2,'2026-02-24 02:09:29','2026-02-24 02:09:29',NULL),(576,93,'sim-Line-3-2026-02-24-001','sim-Line-3-2026-02-24-001-006','MIS','MIS',787.019,'MIX',1,'2026-02-24 02:09:29','2026-02-24 02:09:29',NULL),(577,93,'sim-Line-3-2026-02-24-001','sim-Line-3-2026-02-24-001-006','RO-Water','RO-Water',140,'MIX',1,'2026-02-24 02:09:29','2026-02-24 02:09:29',NULL),(578,93,'sim-Line-3-2026-02-24-001','sim-Line-3-2026-02-24-001-006','CPK Keltrol','CPK Keltrol',0.2,'SPP',1,'2026-02-24 02:09:30','2026-02-24 02:09:30',NULL),(579,93,'sim-Line-3-2026-02-24-001','sim-Line-3-2026-02-24-001-006','W100 CG 50 kg','W100 CG 50 kg',1,'SPP',0,'2026-02-24 02:09:30','2026-02-24 02:09:30',NULL),(580,93,'sim-Line-3-2026-02-24-001','sim-Line-3-2026-02-24-001-006','Potassium Sorbate','Potassium Sorbate, 25 kgs/bag.',0.5,'SPP',1,'2026-02-24 02:09:31','2026-02-24 02:09:31',NULL),(581,93,'sim-Line-3-2026-02-24-001','sim-Line-3-2026-02-24-001-006','Sodium Benzoate','Sodium Benzoate, 25 kgs/bag',0.5,'SPP',0,'2026-02-24 02:09:31','2026-02-24 02:09:31',NULL),(582,93,'sim-Line-3-2026-02-24-001','sim-Line-3-2026-02-24-001-006','Trisodium Citrate','Trisodium Citrate',3,'SPP',1,'2026-02-24 02:09:31','2026-02-24 02:09:31',NULL),(583,93,'sim-Line-3-2026-02-24-001','sim-Line-3-2026-02-24-001-006','Citric Acid','Citric Acid',10,'SPP',1,'2026-02-24 02:09:31','2026-02-24 02:09:31',NULL),(584,93,'sim-Line-3-2026-02-24-001','sim-Line-3-2026-02-24-001-006','CL004A','Eurocert Carmoisine',0.28,'FH',1,'2026-02-24 02:09:32','2026-02-24 02:09:32',NULL),(585,93,'sim-Line-3-2026-02-24-001','sim-Line-3-2026-02-24-001-006','CL005A','FD&C BLUE NO.1 (Brilliant Blue Colour).',0.0014,'FH',1,'2026-02-24 02:09:32','2026-02-24 02:09:32',NULL),(586,93,'sim-Line-3-2026-02-24-001','sim-Line-3-2026-02-24-001-006','Mixed Berry Concentrate','Mixed Berry Concentrate',20,'MIX',0,'2026-02-24 02:09:32','2026-02-24 02:09:32',NULL),(587,93,'sim-Line-3-2026-02-24-001','sim-Line-3-2026-02-24-001-006','Frozen Pomegranate Concentrate (DKSH)','Frozen Pomegranate Concentrate (DKSH)',30,'MIX',1,'2026-02-24 02:09:33','2026-02-24 02:09:33',NULL),(588,93,'sim-Line-3-2026-02-24-001','sim-Line-3-2026-02-24-001-006','FV059A','Natural Pomegranate Flavor 001772',5,'FH',0,'2026-02-24 02:09:33','2026-02-24 02:09:33',NULL),(589,93,'sim-Line-3-2026-02-24-001','sim-Line-3-2026-02-24-001-006','FV064A','Natural Grenadine Flavor T10116600',2,'FH',0,'2026-02-24 02:09:33','2026-02-24 02:09:33',NULL),(590,94,'sim-Line-3-2026-02-24-001','sim-Line-3-2026-02-24-001-007','MIS','MIS',787.019,'MIX',1,'2026-02-24 02:09:33','2026-02-24 02:09:33',NULL),(591,94,'sim-Line-3-2026-02-24-001','sim-Line-3-2026-02-24-001-007','RO-Water','RO-Water',140,'MIX',1,'2026-02-24 02:09:33','2026-02-24 02:09:33',NULL),(592,94,'sim-Line-3-2026-02-24-001','sim-Line-3-2026-02-24-001-007','CPK Keltrol','CPK Keltrol',0.2,'SPP',1,'2026-02-24 02:09:33','2026-02-24 02:09:33',NULL),(593,94,'sim-Line-3-2026-02-24-001','sim-Line-3-2026-02-24-001-007','W100 CG 50 kg','W100 CG 50 kg',1,'SPP',1,'2026-02-24 02:09:35','2026-02-24 02:09:35',NULL),(594,94,'sim-Line-3-2026-02-24-001','sim-Line-3-2026-02-24-001-007','Potassium Sorbate','Potassium Sorbate, 25 kgs/bag.',0.5,'SPP',0,'2026-02-24 02:09:35','2026-02-24 02:09:35',NULL),(595,94,'sim-Line-3-2026-02-24-001','sim-Line-3-2026-02-24-001-007','Sodium Benzoate','Sodium Benzoate, 25 kgs/bag',0.5,'SPP',1,'2026-02-24 02:09:36','2026-02-24 02:09:36',NULL),(596,94,'sim-Line-3-2026-02-24-001','sim-Line-3-2026-02-24-001-007','Trisodium Citrate','Trisodium Citrate',3,'SPP',1,'2026-02-24 02:09:36','2026-02-24 02:09:36',NULL),(597,94,'sim-Line-3-2026-02-24-001','sim-Line-3-2026-02-24-001-007','Citric Acid','Citric Acid',10,'SPP',1,'2026-02-24 02:09:36','2026-02-24 02:09:36',NULL),(598,94,'sim-Line-3-2026-02-24-001','sim-Line-3-2026-02-24-001-007','CL004A','Eurocert Carmoisine',0.28,'FH',1,'2026-02-24 02:09:37','2026-02-24 02:09:37',NULL),(599,94,'sim-Line-3-2026-02-24-001','sim-Line-3-2026-02-24-001-007','CL005A','FD&C BLUE NO.1 (Brilliant Blue Colour).',0.0014,'FH',0,'2026-02-24 02:09:37','2026-02-24 02:09:37',NULL),(600,94,'sim-Line-3-2026-02-24-001','sim-Line-3-2026-02-24-001-007','Mixed Berry Concentrate','Mixed Berry Concentrate',20,'MIX',0,'2026-02-24 02:09:37','2026-02-24 02:09:37',NULL),(601,94,'sim-Line-3-2026-02-24-001','sim-Line-3-2026-02-24-001-007','Frozen Pomegranate Concentrate (DKSH)','Frozen Pomegranate Concentrate (DKSH)',30,'MIX',0,'2026-02-24 02:09:37','2026-02-24 02:09:37',NULL),(602,94,'sim-Line-3-2026-02-24-001','sim-Line-3-2026-02-24-001-007','FV059A','Natural Pomegranate Flavor 001772',5,'FH',1,'2026-02-24 02:09:37','2026-02-24 02:09:37',NULL),(603,94,'sim-Line-3-2026-02-24-001','sim-Line-3-2026-02-24-001-007','FV064A','Natural Grenadine Flavor T10116600',2,'FH',1,'2026-02-24 02:09:37','2026-02-24 02:09:37',NULL),(604,95,'sim-Line-3-2026-02-24-003','sim-Line-3-2026-02-24-003-001','MIS','MIS',591.65,'MIX',0,'2026-02-24 02:09:38','2026-02-24 02:09:38',NULL),(605,95,'sim-Line-3-2026-02-24-003','sim-Line-3-2026-02-24-003-001','RO-Water','RO-Water',155.8,'MIX',0,'2026-02-24 02:09:39','2026-02-24 02:09:39',NULL),(606,95,'sim-Line-3-2026-02-24-003','sim-Line-3-2026-02-24-003-001','Liquid Glucose, กลูโคสเหลว 80 บริกซ์.','Liquid Glucose, กลูโคสเหลว 80 บริกซ์.',250,'SPP',0,'2026-02-24 02:09:39','2026-02-24 02:09:39',NULL),(607,95,'sim-Line-3-2026-02-24-003','sim-Line-3-2026-02-24-003-001','Potassium Sorbate','Potassium Sorbate, 25 kgs/bag.',0.95,'SPP',1,'2026-02-24 02:09:39','2026-02-24 02:09:39',NULL),(608,95,'sim-Line-3-2026-02-24-003','sim-Line-3-2026-02-24-003-001','Salt, NaCl','Salt, NaCl, เกลือ บรรจุ 400 g,25 kg/bag.',1.08,'SPP',0,'2026-02-24 02:09:39','2026-02-24 02:09:39',NULL),(609,95,'sim-Line-3-2026-02-24-003','sim-Line-3-2026-02-24-003-001','Citric Acid','Citric Acid',0.52,'SPP',1,'2026-02-24 02:09:39','2026-02-24 02:09:39',NULL),(610,96,'sim-Line-3-2026-02-24-003','sim-Line-3-2026-02-24-003-002','MIS','MIS',591.65,'MIX',2,'2026-02-24 02:09:40','2026-02-24 02:09:40',NULL),(611,96,'sim-Line-3-2026-02-24-003','sim-Line-3-2026-02-24-003-002','RO-Water','RO-Water',155.8,'MIX',2,'2026-02-24 02:09:40','2026-02-24 02:09:40',NULL),(612,96,'sim-Line-3-2026-02-24-003','sim-Line-3-2026-02-24-003-002','Liquid Glucose, กลูโคสเหลว 80 บริกซ์.','Liquid Glucose, กลูโคสเหลว 80 บริกซ์.',250,'SPP',2,'2026-02-24 02:09:40','2026-02-24 02:09:40',NULL),(613,96,'sim-Line-3-2026-02-24-003','sim-Line-3-2026-02-24-003-002','Potassium Sorbate','Potassium Sorbate, 25 kgs/bag.',0.95,'SPP',2,'2026-02-24 02:09:41','2026-02-24 02:09:41',NULL),(614,96,'sim-Line-3-2026-02-24-003','sim-Line-3-2026-02-24-003-002','Salt, NaCl','Salt, NaCl, เกลือ บรรจุ 400 g,25 kg/bag.',1.08,'SPP',2,'2026-02-24 02:09:41','2026-02-24 02:09:41',NULL),(615,96,'sim-Line-3-2026-02-24-003','sim-Line-3-2026-02-24-003-002','Citric Acid','Citric Acid',0.52,'SPP',2,'2026-02-24 02:09:41','2026-02-24 02:09:41',NULL),(616,97,'sim-Line-3-2026-02-24-003','sim-Line-3-2026-02-24-003-003','MIS','MIS',591.65,'MIX',1,'2026-02-24 02:09:42','2026-02-24 02:09:42',NULL),(617,97,'sim-Line-3-2026-02-24-003','sim-Line-3-2026-02-24-003-003','RO-Water','RO-Water',155.8,'MIX',1,'2026-02-24 02:09:42','2026-02-24 02:09:42',NULL),(618,97,'sim-Line-3-2026-02-24-003','sim-Line-3-2026-02-24-003-003','Liquid Glucose, กลูโคสเหลว 80 บริกซ์.','Liquid Glucose, กลูโคสเหลว 80 บริกซ์.',250,'SPP',0,'2026-02-24 02:09:42','2026-02-24 02:09:42',NULL),(619,97,'sim-Line-3-2026-02-24-003','sim-Line-3-2026-02-24-003-003','Potassium Sorbate','Potassium Sorbate, 25 kgs/bag.',0.95,'SPP',1,'2026-02-24 02:09:43','2026-02-24 02:09:43',NULL),(620,97,'sim-Line-3-2026-02-24-003','sim-Line-3-2026-02-24-003-003','Salt, NaCl','Salt, NaCl, เกลือ บรรจุ 400 g,25 kg/bag.',1.08,'SPP',1,'2026-02-24 02:09:43','2026-02-24 02:09:43',NULL),(621,97,'sim-Line-3-2026-02-24-003','sim-Line-3-2026-02-24-003-003','Citric Acid','Citric Acid',0.52,'SPP',1,'2026-02-24 02:09:43','2026-02-24 02:09:43',NULL),(622,98,'sim-Line-3-2026-02-24-003','sim-Line-3-2026-02-24-003-004','MIS','MIS',591.65,'MIX',2,'2026-02-24 02:09:44','2026-02-24 02:09:44',NULL),(623,98,'sim-Line-3-2026-02-24-003','sim-Line-3-2026-02-24-003-004','RO-Water','RO-Water',155.8,'MIX',2,'2026-02-24 02:09:45','2026-02-24 02:09:45',NULL),(624,98,'sim-Line-3-2026-02-24-003','sim-Line-3-2026-02-24-003-004','Liquid Glucose, กลูโคสเหลว 80 บริกซ์.','Liquid Glucose, กลูโคสเหลว 80 บริกซ์.',250,'SPP',2,'2026-02-24 02:09:45','2026-02-24 02:09:45',NULL),(625,98,'sim-Line-3-2026-02-24-003','sim-Line-3-2026-02-24-003-004','Potassium Sorbate','Potassium Sorbate, 25 kgs/bag.',0.95,'SPP',2,'2026-02-24 02:09:45','2026-02-24 02:09:45',NULL),(626,98,'sim-Line-3-2026-02-24-003','sim-Line-3-2026-02-24-003-004','Salt, NaCl','Salt, NaCl, เกลือ บรรจุ 400 g,25 kg/bag.',1.08,'SPP',2,'2026-02-24 02:09:46','2026-02-24 02:09:46',NULL),(627,98,'sim-Line-3-2026-02-24-003','sim-Line-3-2026-02-24-003-004','Citric Acid','Citric Acid',0.52,'SPP',2,'2026-02-24 02:09:46','2026-02-24 02:09:46',NULL),(628,99,'sim-Line-3-2026-02-24-003','sim-Line-3-2026-02-24-003-005','MIS','MIS',591.65,'MIX',0,'2026-02-24 02:09:46','2026-02-24 02:09:46',NULL),(629,99,'sim-Line-3-2026-02-24-003','sim-Line-3-2026-02-24-003-005','RO-Water','RO-Water',155.8,'MIX',0,'2026-02-24 02:09:46','2026-02-24 02:09:46',NULL),(630,99,'sim-Line-3-2026-02-24-003','sim-Line-3-2026-02-24-003-005','Liquid Glucose, กลูโคสเหลว 80 บริกซ์.','Liquid Glucose, กลูโคสเหลว 80 บริกซ์.',250,'SPP',1,'2026-02-24 02:09:46','2026-02-24 02:09:46',NULL),(631,99,'sim-Line-3-2026-02-24-003','sim-Line-3-2026-02-24-003-005','Potassium Sorbate','Potassium Sorbate, 25 kgs/bag.',0.95,'SPP',0,'2026-02-24 02:09:46','2026-02-24 02:09:46',NULL),(632,99,'sim-Line-3-2026-02-24-003','sim-Line-3-2026-02-24-003-005','Salt, NaCl','Salt, NaCl, เกลือ บรรจุ 400 g,25 kg/bag.',1.08,'SPP',1,'2026-02-24 02:09:47','2026-02-24 02:09:47',NULL),(633,99,'sim-Line-3-2026-02-24-003','sim-Line-3-2026-02-24-003-005','Citric Acid','Citric Acid',0.52,'SPP',0,'2026-02-24 02:09:47','2026-02-24 02:09:47',NULL),(634,100,'sim-Line-3-2026-02-24-003','sim-Line-3-2026-02-24-003-006','MIS','MIS',591.65,'MIX',2,'2026-02-24 02:09:47','2026-02-24 02:09:47',NULL),(635,100,'sim-Line-3-2026-02-24-003','sim-Line-3-2026-02-24-003-006','RO-Water','RO-Water',155.8,'MIX',2,'2026-02-24 02:09:47','2026-02-24 02:09:47',NULL),(636,100,'sim-Line-3-2026-02-24-003','sim-Line-3-2026-02-24-003-006','Liquid Glucose, กลูโคสเหลว 80 บริกซ์.','Liquid Glucose, กลูโคสเหลว 80 บริกซ์.',250,'SPP',2,'2026-02-24 02:09:47','2026-02-24 02:09:47',NULL),(637,100,'sim-Line-3-2026-02-24-003','sim-Line-3-2026-02-24-003-006','Potassium Sorbate','Potassium Sorbate, 25 kgs/bag.',0.95,'SPP',2,'2026-02-24 02:09:48','2026-02-24 02:09:48',NULL),(638,100,'sim-Line-3-2026-02-24-003','sim-Line-3-2026-02-24-003-006','Salt, NaCl','Salt, NaCl, เกลือ บรรจุ 400 g,25 kg/bag.',1.08,'SPP',2,'2026-02-24 02:09:48','2026-02-24 02:09:48',NULL),(639,100,'sim-Line-3-2026-02-24-003','sim-Line-3-2026-02-24-003-006','Citric Acid','Citric Acid',0.52,'SPP',2,'2026-02-24 02:09:48','2026-02-24 02:09:48',NULL),(640,101,'sim-Line-3-2026-02-24-003','sim-Line-3-2026-02-24-003-007','MIS','MIS',591.65,'MIX',0,'2026-02-24 02:09:49','2026-02-24 02:09:49',NULL),(641,101,'sim-Line-3-2026-02-24-003','sim-Line-3-2026-02-24-003-007','RO-Water','RO-Water',155.8,'MIX',1,'2026-02-24 02:09:49','2026-02-24 02:09:49',NULL),(642,101,'sim-Line-3-2026-02-24-003','sim-Line-3-2026-02-24-003-007','Liquid Glucose, กลูโคสเหลว 80 บริกซ์.','Liquid Glucose, กลูโคสเหลว 80 บริกซ์.',250,'SPP',0,'2026-02-24 02:09:49','2026-02-24 02:09:49',NULL),(643,101,'sim-Line-3-2026-02-24-003','sim-Line-3-2026-02-24-003-007','Potassium Sorbate','Potassium Sorbate, 25 kgs/bag.',0.95,'SPP',0,'2026-02-24 02:09:50','2026-02-24 02:09:50',NULL),(644,101,'sim-Line-3-2026-02-24-003','sim-Line-3-2026-02-24-003-007','Salt, NaCl','Salt, NaCl, เกลือ บรรจุ 400 g,25 kg/bag.',1.08,'SPP',0,'2026-02-24 02:09:50','2026-02-24 02:09:50',NULL),(645,101,'sim-Line-3-2026-02-24-003','sim-Line-3-2026-02-24-003-007','Citric Acid','Citric Acid',0.52,'SPP',0,'2026-02-24 02:09:50','2026-02-24 02:09:50',NULL),(646,102,'sim-Line-3-2026-02-24-003','sim-Line-3-2026-02-24-003-008','MIS','MIS',591.65,'MIX',2,'2026-02-24 02:09:50','2026-02-24 02:09:50',NULL),(647,102,'sim-Line-3-2026-02-24-003','sim-Line-3-2026-02-24-003-008','RO-Water','RO-Water',155.8,'MIX',2,'2026-02-24 02:09:50','2026-02-24 02:09:50',NULL),(648,102,'sim-Line-3-2026-02-24-003','sim-Line-3-2026-02-24-003-008','Liquid Glucose, กลูโคสเหลว 80 บริกซ์.','Liquid Glucose, กลูโคสเหลว 80 บริกซ์.',250,'SPP',2,'2026-02-24 02:09:51','2026-02-24 02:09:51',NULL),(649,102,'sim-Line-3-2026-02-24-003','sim-Line-3-2026-02-24-003-008','Potassium Sorbate','Potassium Sorbate, 25 kgs/bag.',0.95,'SPP',2,'2026-02-24 02:09:51','2026-02-24 02:09:51',NULL),(650,102,'sim-Line-3-2026-02-24-003','sim-Line-3-2026-02-24-003-008','Salt, NaCl','Salt, NaCl, เกลือ บรรจุ 400 g,25 kg/bag.',1.08,'SPP',2,'2026-02-24 02:09:52','2026-02-24 02:09:52',NULL),(651,102,'sim-Line-3-2026-02-24-003','sim-Line-3-2026-02-24-003-008','Citric Acid','Citric Acid',0.52,'SPP',2,'2026-02-24 02:09:53','2026-02-24 02:09:53',NULL),(652,103,'sim-Line-3-2026-02-24-003','sim-Line-3-2026-02-24-003-009','MIS','MIS',591.65,'MIX',0,'2026-02-24 02:09:54','2026-02-24 02:09:54',NULL),(653,103,'sim-Line-3-2026-02-24-003','sim-Line-3-2026-02-24-003-009','RO-Water','RO-Water',155.8,'MIX',1,'2026-02-24 02:09:54','2026-02-24 02:09:54',NULL),(654,103,'sim-Line-3-2026-02-24-003','sim-Line-3-2026-02-24-003-009','Liquid Glucose, กลูโคสเหลว 80 บริกซ์.','Liquid Glucose, กลูโคสเหลว 80 บริกซ์.',250,'SPP',1,'2026-02-24 02:09:54','2026-02-24 02:09:54',NULL),(655,103,'sim-Line-3-2026-02-24-003','sim-Line-3-2026-02-24-003-009','Potassium Sorbate','Potassium Sorbate, 25 kgs/bag.',0.95,'SPP',1,'2026-02-24 02:09:56','2026-02-24 02:09:56',NULL),(656,103,'sim-Line-3-2026-02-24-003','sim-Line-3-2026-02-24-003-009','Salt, NaCl','Salt, NaCl, เกลือ บรรจุ 400 g,25 kg/bag.',1.08,'SPP',0,'2026-02-24 02:09:57','2026-02-24 02:09:57',NULL),(657,103,'sim-Line-3-2026-02-24-003','sim-Line-3-2026-02-24-003-009','Citric Acid','Citric Acid',0.52,'SPP',0,'2026-02-24 02:09:57','2026-02-24 02:09:57',NULL),(658,104,'sim-Line-3-2026-02-24-003','sim-Line-3-2026-02-24-003-010','MIS','MIS',591.65,'MIX',1,'2026-02-24 02:09:58','2026-02-24 02:09:58',NULL),(659,104,'sim-Line-3-2026-02-24-003','sim-Line-3-2026-02-24-003-010','RO-Water','RO-Water',155.8,'MIX',1,'2026-02-24 02:09:58','2026-02-24 02:09:58',NULL),(660,104,'sim-Line-3-2026-02-24-003','sim-Line-3-2026-02-24-003-010','Liquid Glucose, กลูโคสเหลว 80 บริกซ์.','Liquid Glucose, กลูโคสเหลว 80 บริกซ์.',250,'SPP',0,'2026-02-24 02:09:58','2026-02-24 02:09:58',NULL),(661,104,'sim-Line-3-2026-02-24-003','sim-Line-3-2026-02-24-003-010','Potassium Sorbate','Potassium Sorbate, 25 kgs/bag.',0.95,'SPP',1,'2026-02-24 02:09:59','2026-02-24 02:09:59',NULL),(662,104,'sim-Line-3-2026-02-24-003','sim-Line-3-2026-02-24-003-010','Salt, NaCl','Salt, NaCl, เกลือ บรรจุ 400 g,25 kg/bag.',1.08,'SPP',1,'2026-02-24 02:09:59','2026-02-24 02:09:59',NULL),(663,104,'sim-Line-3-2026-02-24-003','sim-Line-3-2026-02-24-003-010','Citric Acid','Citric Acid',0.52,'SPP',0,'2026-02-24 02:09:59','2026-02-24 02:09:59',NULL),(700,111,'PL-PKL-TEST-001','PL-PKL-TEST-001-001','CL001A','Caramel Colour Class III (INS 150c).',13.14,'FH',2,'2026-02-24 15:58:06','2026-02-24 15:58:06',NULL),(701,111,'PL-PKL-TEST-001','PL-PKL-TEST-001-001','CL002A','Caramel Colour Class IV (INS 150d).',10.09,'FH',2,'2026-02-24 15:58:06','2026-02-24 15:58:06',NULL),(702,111,'PL-PKL-TEST-001','PL-PKL-TEST-001-001','CL003A','Cloudy SC4',5.69,'FH',2,'2026-02-24 15:58:06','2026-02-24 15:58:06',NULL),(703,111,'PL-PKL-TEST-001','PL-PKL-TEST-001-001','Potassium Sorbate','Potassium Sorbate, 25 kgs/bag.',4.03,'SPP',2,'2026-02-24 15:58:06','2026-02-24 15:58:06',NULL),(704,111,'PL-PKL-TEST-001','PL-PKL-TEST-001-001','Citric Acid','Citric Acid',14.06,'SPP',2,'2026-02-24 15:58:07','2026-02-24 15:58:07',NULL),(705,111,'PL-PKL-TEST-001','PL-PKL-TEST-001-001','Sodium Benzoate','Sodium Benzoate, 25 kgs/bag',8.19,'SPP',2,'2026-02-24 15:58:07','2026-02-24 15:58:07',NULL),(706,112,'PL-PKL-TEST-001','PL-PKL-TEST-001-002','CL001A','Caramel Colour Class III (INS 150c).',13.87,'FH',2,'2026-02-24 15:58:07','2026-02-24 15:58:07',NULL),(707,112,'PL-PKL-TEST-001','PL-PKL-TEST-001-002','CL002A','Caramel Colour Class IV (INS 150d).',7.28,'FH',2,'2026-02-24 15:58:07','2026-02-24 15:58:07',NULL),(708,112,'PL-PKL-TEST-001','PL-PKL-TEST-001-002','CL003A','Cloudy SC4',5.52,'FH',2,'2026-02-24 15:58:07','2026-02-24 15:58:07',NULL),(709,112,'PL-PKL-TEST-001','PL-PKL-TEST-001-002','Potassium Sorbate','Potassium Sorbate, 25 kgs/bag.',14.23,'SPP',2,'2026-02-24 15:58:07','2026-02-24 15:58:07',NULL),(710,112,'PL-PKL-TEST-001','PL-PKL-TEST-001-002','Citric Acid','Citric Acid',2.45,'SPP',2,'2026-02-24 15:58:07','2026-02-24 15:58:07',NULL),(711,112,'PL-PKL-TEST-001','PL-PKL-TEST-001-002','Sodium Benzoate','Sodium Benzoate, 25 kgs/bag',5.15,'SPP',2,'2026-02-24 15:58:07','2026-02-24 15:58:07',NULL),(712,113,'PL-PKL-TEST-001','PL-PKL-TEST-001-003','CL001A','Caramel Colour Class III (INS 150c).',6.57,'FH',2,'2026-02-24 15:58:08','2026-02-24 15:58:08',NULL),(713,113,'PL-PKL-TEST-001','PL-PKL-TEST-001-003','CL002A','Caramel Colour Class IV (INS 150d).',7.65,'FH',1,'2026-02-24 15:58:08','2026-02-24 15:58:08',NULL),(714,113,'PL-PKL-TEST-001','PL-PKL-TEST-001-003','CL003A','Cloudy SC4',9.76,'FH',1,'2026-02-24 15:58:08','2026-02-24 15:58:08',NULL),(715,113,'PL-PKL-TEST-001','PL-PKL-TEST-001-003','Potassium Sorbate','Potassium Sorbate, 25 kgs/bag.',14.3,'SPP',1,'2026-02-24 15:58:08','2026-02-24 15:58:08',NULL),(716,113,'PL-PKL-TEST-001','PL-PKL-TEST-001-003','Citric Acid','Citric Acid',5.38,'SPP',1,'2026-02-24 15:58:08','2026-02-24 15:58:08',NULL),(717,113,'PL-PKL-TEST-001','PL-PKL-TEST-001-003','Sodium Benzoate','Sodium Benzoate, 25 kgs/bag',1.16,'SPP',1,'2026-02-24 15:58:08','2026-02-24 15:58:08',NULL),(718,114,'PL-PKL-TEST-001','PL-PKL-TEST-001-004','CL001A','Caramel Colour Class III (INS 150c).',6.25,'FH',1,'2026-02-24 15:58:08','2026-02-24 15:58:08',NULL),(719,114,'PL-PKL-TEST-001','PL-PKL-TEST-001-004','CL002A','Caramel Colour Class IV (INS 150d).',6.33,'FH',1,'2026-02-24 15:58:08','2026-02-24 15:58:08',NULL),(720,114,'PL-PKL-TEST-001','PL-PKL-TEST-001-004','CL003A','Cloudy SC4',13.46,'FH',1,'2026-02-24 15:58:08','2026-02-24 15:58:08',NULL),(721,114,'PL-PKL-TEST-001','PL-PKL-TEST-001-004','Potassium Sorbate','Potassium Sorbate, 25 kgs/bag.',4.39,'SPP',2,'2026-02-24 15:58:08','2026-02-24 15:58:08',NULL),(722,114,'PL-PKL-TEST-001','PL-PKL-TEST-001-004','Citric Acid','Citric Acid',1.65,'SPP',2,'2026-02-24 15:58:08','2026-02-24 15:58:08',NULL),(723,114,'PL-PKL-TEST-001','PL-PKL-TEST-001-004','Sodium Benzoate','Sodium Benzoate, 25 kgs/bag',1.97,'SPP',1,'2026-02-24 15:58:08','2026-02-24 15:58:08',NULL),(724,115,'PL-PKL-TEST-001','PL-PKL-TEST-001-005','CL001A','Caramel Colour Class III (INS 150c).',5.64,'FH',1,'2026-02-24 15:58:09','2026-02-24 15:58:09',NULL),(725,115,'PL-PKL-TEST-001','PL-PKL-TEST-001-005','CL002A','Caramel Colour Class IV (INS 150d).',2.9,'FH',0,'2026-02-24 15:58:09','2026-02-24 15:58:09',NULL),(726,115,'PL-PKL-TEST-001','PL-PKL-TEST-001-005','CL003A','Cloudy SC4',13.97,'FH',0,'2026-02-24 15:58:09','2026-02-24 15:58:09',NULL),(727,115,'PL-PKL-TEST-001','PL-PKL-TEST-001-005','Potassium Sorbate','Potassium Sorbate, 25 kgs/bag.',7.13,'SPP',1,'2026-02-24 15:58:09','2026-02-24 15:58:09',NULL),(728,115,'PL-PKL-TEST-001','PL-PKL-TEST-001-005','Citric Acid','Citric Acid',8.81,'SPP',0,'2026-02-24 15:58:09','2026-02-24 15:58:09',NULL),(729,115,'PL-PKL-TEST-001','PL-PKL-TEST-001-005','Sodium Benzoate','Sodium Benzoate, 25 kgs/bag',10.08,'SPP',1,'2026-02-24 15:58:09','2026-02-24 15:58:09',NULL);
/*!40000 ALTER TABLE `prebatch_reqs` ENABLE KEYS */;
UNLOCK TABLES;

--
-- Table structure for table `prebatch_scans`
--

DROP TABLE IF EXISTS `prebatch_scans`;
/*!40101 SET @saved_cs_client     = @@character_set_client */;
/*!50503 SET character_set_client = utf8mb4 */;
CREATE TABLE `prebatch_scans` (
  `id` int NOT NULL AUTO_INCREMENT,
  `item_id` int NOT NULL,
  `batch_record_id` varchar(100) NOT NULL,
  `package_no` int DEFAULT NULL,
  `total_packages` int DEFAULT NULL,
  `net_volume` float DEFAULT NULL,
  `total_volume` float DEFAULT NULL,
  `total_request_volume` float DEFAULT NULL,
  `intake_lot_id` varchar(50) DEFAULT NULL,
  `created_at` timestamp NULL DEFAULT CURRENT_TIMESTAMP,
  PRIMARY KEY (`id`),
  UNIQUE KEY `ix_prebatch_scans_batch_record_id` (`batch_record_id`),
  KEY `item_id` (`item_id`),
  KEY `ix_prebatch_scans_id` (`id`),
  KEY `ix_prebatch_scans_intake_lot_id` (`intake_lot_id`),
  CONSTRAINT `prebatch_scans_ibfk_1` FOREIGN KEY (`item_id`) REFERENCES `prebatch_items` (`id`)
) ENGINE=InnoDB AUTO_INCREMENT=5 DEFAULT CHARSET=utf8mb4 COLLATE=utf8mb4_0900_ai_ci;
/*!40101 SET character_set_client = @saved_cs_client */;

--
-- Dumping data for table `prebatch_scans`
--

LOCK TABLES `prebatch_scans` WRITE;
/*!40000 ALTER TABLE `prebatch_scans` DISABLE KEYS */;
/*!40000 ALTER TABLE `prebatch_scans` ENABLE KEYS */;
UNLOCK TABLES;

--
-- Table structure for table `production_batches`
--

DROP TABLE IF EXISTS `production_batches`;
/*!40101 SET @saved_cs_client     = @@character_set_client */;
/*!50503 SET character_set_client = utf8mb4 */;
CREATE TABLE `production_batches` (
  `id` int NOT NULL AUTO_INCREMENT,
  `plan_id` int NOT NULL,
  `batch_id` varchar(100) NOT NULL,
  `sku_id` varchar(50) NOT NULL,
  `plant` varchar(50) DEFAULT NULL,
  `batch_size` float DEFAULT NULL,
  `status` varchar(50) DEFAULT NULL,
  `created_at` timestamp NULL DEFAULT CURRENT_TIMESTAMP,
  `updated_at` timestamp NULL DEFAULT CURRENT_TIMESTAMP ON UPDATE CURRENT_TIMESTAMP,
  `flavour_house` tinyint(1) DEFAULT '0',
  `spp` tinyint(1) DEFAULT '0',
  `batch_prepare` tinyint(1) DEFAULT '0',
  `ready_to_product` tinyint(1) DEFAULT '0',
  `production` tinyint(1) DEFAULT '0',
  `done` tinyint(1) DEFAULT '0',
  `fh_boxed_at` timestamp NULL DEFAULT NULL,
  `spp_boxed_at` timestamp NULL DEFAULT NULL,
  `fh_delivered_at` timestamp NULL DEFAULT NULL,
  `fh_delivered_by` varchar(50) DEFAULT NULL,
  `spp_delivered_at` timestamp NULL DEFAULT NULL,
  `spp_delivered_by` varchar(50) DEFAULT NULL,
  PRIMARY KEY (`id`),
  UNIQUE KEY `ix_production_batches_batch_id` (`batch_id`),
  KEY `plan_id` (`plan_id`),
  KEY `ix_production_batches_id` (`id`),
  KEY `idx_prod_batch_fh_boxed` (`fh_boxed_at`),
  KEY `idx_prod_batch_spp_boxed` (`spp_boxed_at`),
  KEY `idx_prod_batch_fh_delivered` (`fh_delivered_at`),
  KEY `idx_prod_batch_spp_delivered` (`spp_delivered_at`),
  CONSTRAINT `production_batches_ibfk_1` FOREIGN KEY (`plan_id`) REFERENCES `production_plans` (`id`)
) ENGINE=InnoDB AUTO_INCREMENT=116 DEFAULT CHARSET=utf8mb4 COLLATE=utf8mb4_0900_ai_ci;
/*!40101 SET character_set_client = @saved_cs_client */;

--
-- Dumping data for table `production_batches`
--

LOCK TABLES `production_batches` WRITE;
/*!40000 ALTER TABLE `production_batches` DISABLE KEYS */;
INSERT INTO `production_batches` VALUES (5,5,'plan-Line-1-2026-02-23-001-001','S7OS9Z0000','Line-1',1200,'Cancelled','2026-02-22 17:15:31','2026-02-22 20:24:17',0,0,0,0,0,0,NULL,NULL,NULL,NULL,NULL,NULL),(6,5,'plan-Line-1-2026-02-23-001-002','S7OS9Z0000','Line-1',1200,'Cancelled','2026-02-22 17:15:31','2026-02-22 20:24:17',0,0,0,0,0,0,NULL,NULL,NULL,NULL,NULL,NULL),(7,5,'plan-Line-1-2026-02-23-001-003','S7OS9Z0000','Line-1',1200,'Cancelled','2026-02-22 17:15:32','2026-02-22 20:24:17',0,0,0,0,0,0,NULL,NULL,NULL,NULL,NULL,NULL),(8,5,'plan-Line-1-2026-02-23-001-004','S7OS9Z0000','Line-1',1200,'Cancelled','2026-02-22 17:15:33','2026-02-22 20:24:17',0,0,0,0,0,0,NULL,NULL,NULL,NULL,NULL,NULL),(9,5,'plan-Line-1-2026-02-23-001-005','S7OS9Z0000','Line-1',1200,'Cancelled','2026-02-22 17:15:33','2026-02-22 20:24:17',0,0,0,0,0,0,NULL,NULL,NULL,NULL,NULL,NULL),(10,5,'plan-Line-1-2026-02-23-001-006','S7OS9Z0000','Line-1',1200,'Cancelled','2026-02-22 17:15:34','2026-02-22 20:24:17',0,0,0,0,0,0,NULL,NULL,NULL,NULL,NULL,NULL),(11,5,'plan-Line-1-2026-02-23-001-007','S7OS9Z0000','Line-1',1200,'Cancelled','2026-02-22 17:15:35','2026-02-22 20:24:17',0,0,0,0,0,0,NULL,NULL,NULL,NULL,NULL,NULL),(12,5,'plan-Line-1-2026-02-23-001-008','S7OS9Z0000','Line-1',1200,'Cancelled','2026-02-22 17:15:35','2026-02-22 20:24:17',0,0,0,0,0,0,NULL,NULL,NULL,NULL,NULL,NULL),(13,5,'plan-Line-1-2026-02-23-001-009','S7OS9Z0000','Line-1',1200,'Cancelled','2026-02-22 17:15:36','2026-02-22 20:24:17',0,0,0,0,0,0,NULL,NULL,NULL,NULL,NULL,NULL),(16,8,'plan-Line-1-2026-02-23-002-001','S7OS9Z0000','Line-1',1200,'Created','2026-02-22 20:24:52','2026-02-22 20:24:52',0,0,0,0,0,0,NULL,NULL,NULL,NULL,NULL,NULL),(17,8,'plan-Line-1-2026-02-23-002-002','S7OS9Z0000','Line-1',1200,'Created','2026-02-22 20:24:52','2026-02-22 20:24:52',0,0,0,0,0,0,NULL,NULL,NULL,NULL,NULL,NULL),(18,8,'plan-Line-1-2026-02-23-002-003','S7OS9Z0000','Line-1',1200,'Created','2026-02-22 20:24:53','2026-02-22 20:24:53',0,0,0,0,0,0,NULL,NULL,NULL,NULL,NULL,NULL),(19,8,'plan-Line-1-2026-02-23-002-004','S7OS9Z0000','Line-1',1200,'Created','2026-02-22 20:24:54','2026-02-22 20:24:54',0,0,0,0,0,0,NULL,NULL,NULL,NULL,NULL,NULL),(20,8,'plan-Line-1-2026-02-23-002-005','S7OS9Z0000','Line-1',1200,'Created','2026-02-22 20:24:55','2026-02-22 20:24:55',0,0,0,0,0,0,NULL,NULL,NULL,NULL,NULL,NULL),(21,8,'plan-Line-1-2026-02-23-002-006','S7OS9Z0000','Line-1',1200,'Created','2026-02-22 20:24:56','2026-02-22 20:24:56',0,0,0,0,0,0,NULL,NULL,NULL,NULL,NULL,NULL),(22,8,'plan-Line-1-2026-02-23-002-007','S7OS9Z0000','Line-1',1200,'Created','2026-02-22 20:24:57','2026-02-22 20:24:57',0,0,0,0,0,0,NULL,NULL,NULL,NULL,NULL,NULL),(23,8,'plan-Line-1-2026-02-23-002-008','S7OS9Z0000','Line-1',1200,'Created','2026-02-22 20:24:58','2026-02-22 20:24:58',0,0,0,0,0,0,NULL,NULL,NULL,NULL,NULL,NULL),(24,8,'plan-Line-1-2026-02-23-002-009','S7OS9Z0000','Line-1',1200,'Created','2026-02-22 20:24:59','2026-02-22 20:24:59',0,0,0,0,0,0,NULL,NULL,NULL,NULL,NULL,NULL),(25,9,'plan-Line-2-2026-02-23-001-001','SFJDBUSS00','Line-2',1200,'Created','2026-02-22 20:25:47','2026-02-22 20:25:47',0,0,0,0,0,0,NULL,NULL,NULL,NULL,NULL,NULL),(26,9,'plan-Line-2-2026-02-23-001-002','SFJDBUSS00','Line-2',1200,'Created','2026-02-22 20:25:48','2026-02-22 20:25:48',0,0,0,0,0,0,NULL,NULL,NULL,NULL,NULL,NULL),(27,9,'plan-Line-2-2026-02-23-001-003','SFJDBUSS00','Line-2',1200,'Created','2026-02-22 20:25:51','2026-02-22 20:25:51',0,0,0,0,0,0,NULL,NULL,NULL,NULL,NULL,NULL),(28,9,'plan-Line-2-2026-02-23-001-004','SFJDBUSS00','Line-2',1200,'Created','2026-02-22 20:25:53','2026-02-22 20:25:53',0,0,0,0,0,0,NULL,NULL,NULL,NULL,NULL,NULL),(29,9,'plan-Line-2-2026-02-23-001-005','SFJDBUSS00','Line-2',1200,'Created','2026-02-22 20:25:56','2026-02-22 20:25:56',0,0,0,0,0,0,NULL,NULL,NULL,NULL,NULL,NULL),(30,9,'plan-Line-2-2026-02-23-001-006','SFJDBUSS00','Line-2',1200,'Created','2026-02-22 20:25:58','2026-02-22 20:25:58',0,0,0,0,0,0,NULL,NULL,NULL,NULL,NULL,NULL),(31,9,'plan-Line-2-2026-02-23-001-007','SFJDBUSS00','Line-2',1200,'Created','2026-02-22 20:26:01','2026-02-22 20:26:01',0,0,0,0,0,0,NULL,NULL,NULL,NULL,NULL,NULL),(32,9,'plan-Line-2-2026-02-23-001-008','SFJDBUSS00','Line-2',1200,'Created','2026-02-22 20:26:03','2026-02-22 20:26:03',0,0,0,0,0,0,NULL,NULL,NULL,NULL,NULL,NULL),(33,9,'plan-Line-2-2026-02-23-001-009','SFJDBUSS00','Line-2',1200,'Created','2026-02-22 20:26:05','2026-02-22 20:26:05',0,0,0,0,0,0,NULL,NULL,NULL,NULL,NULL,NULL),(34,10,'plan-Line-1-2026-02-23-003-001','S76S44TM00','Line-1',1200,'Created','2026-02-22 20:32:46','2026-02-22 20:32:46',0,0,0,0,0,0,NULL,NULL,NULL,NULL,NULL,NULL),(35,10,'plan-Line-1-2026-02-23-003-002','S76S44TM00','Line-1',1200,'Created','2026-02-22 20:32:47','2026-02-22 20:32:47',0,0,0,0,0,0,NULL,NULL,NULL,NULL,NULL,NULL),(36,10,'plan-Line-1-2026-02-23-003-003','S76S44TM00','Line-1',1200,'Created','2026-02-22 20:32:48','2026-02-22 20:32:48',0,0,0,0,0,0,NULL,NULL,NULL,NULL,NULL,NULL),(37,10,'plan-Line-1-2026-02-23-003-004','S76S44TM00','Line-1',1200,'Created','2026-02-22 20:32:49','2026-02-22 20:32:49',0,0,0,0,0,0,NULL,NULL,NULL,NULL,NULL,NULL),(38,10,'plan-Line-1-2026-02-23-003-005','S76S44TM00','Line-1',1200,'Created','2026-02-22 20:32:50','2026-02-22 20:32:50',0,0,0,0,0,0,NULL,NULL,NULL,NULL,NULL,NULL),(39,10,'plan-Line-1-2026-02-23-003-006','S76S44TM00','Line-1',1200,'Created','2026-02-22 20:32:51','2026-02-22 20:32:51',0,0,0,0,0,0,NULL,NULL,NULL,NULL,NULL,NULL),(40,10,'plan-Line-1-2026-02-23-003-007','S76S44TM00','Line-1',1200,'Created','2026-02-22 20:32:52','2026-02-22 20:32:52',0,0,0,0,0,0,NULL,NULL,NULL,NULL,NULL,NULL),(41,10,'plan-Line-1-2026-02-23-003-008','S76S44TM00','Line-1',1200,'Created','2026-02-22 20:32:53','2026-02-22 20:32:53',0,0,0,0,0,0,NULL,NULL,NULL,NULL,NULL,NULL),(42,10,'plan-Line-1-2026-02-23-003-009','S76S44TM00','Line-1',1200,'Created','2026-02-22 20:32:54','2026-02-22 20:32:54',0,0,0,0,0,0,NULL,NULL,NULL,NULL,NULL,NULL),(55,23,'sim-Line-1-2026-02-24-001-001','S77S743200-COPY','Line-1',1000,'Prepared','2026-02-24 02:07:11','2026-02-24 20:42:59',0,0,1,0,0,0,'2026-02-25 01:20:20','2026-02-25 01:35:20','2026-02-25 03:42:59','op1','2026-02-25 03:43:00','op2'),(56,23,'sim-Line-1-2026-02-24-001-002','S77S743200-COPY','Line-1',1000,'Created','2026-02-24 02:07:17','2026-02-24 02:07:17',0,0,0,0,0,0,NULL,NULL,NULL,NULL,NULL,NULL),(57,23,'sim-Line-1-2026-02-24-001-003','S77S743200-COPY','Line-1',1000,'Created','2026-02-24 02:07:21','2026-02-24 02:07:21',0,0,0,0,0,0,NULL,NULL,NULL,NULL,NULL,NULL),(58,23,'sim-Line-1-2026-02-24-001-004','S77S743200-COPY','Line-1',1000,'Prepared','2026-02-24 02:07:25','2026-02-24 20:54:28',0,0,1,0,0,0,'2026-02-25 02:20:20',NULL,'2026-02-25 03:54:28','operator',NULL,NULL),(59,23,'sim-Line-1-2026-02-24-001-005','S77S743200-COPY','Line-1',1000,'Created','2026-02-24 02:07:31','2026-02-24 02:07:31',0,0,0,0,0,0,NULL,NULL,NULL,NULL,NULL,NULL),(60,23,'sim-Line-1-2026-02-24-001-006','S77S743200-COPY','Line-1',1000,'Prepared','2026-02-24 02:07:34','2026-02-24 20:52:05',0,0,1,0,0,0,NULL,'2026-02-25 02:35:20',NULL,NULL,'2026-02-25 03:52:05','operator'),(61,23,'sim-Line-1-2026-02-24-001-007','S77S743200-COPY','Line-1',1000,'Prepared','2026-02-24 02:07:38','2026-02-24 20:52:05',0,0,1,0,0,0,'2026-02-25 00:20:20','2026-02-25 00:30:20','2026-02-25 02:50:20','operator','2026-02-25 03:52:06','operator'),(62,23,'sim-Line-1-2026-02-24-001-008','S77S743200-COPY','Line-1',1000,'Created','2026-02-24 02:07:43','2026-02-24 02:07:43',0,0,0,0,0,0,NULL,NULL,NULL,NULL,NULL,NULL),(63,23,'sim-Line-1-2026-02-24-001-009','S77S743200-COPY','Line-1',1000,'Created','2026-02-24 02:07:46','2026-02-24 02:07:46',0,0,0,0,0,0,NULL,NULL,NULL,NULL,NULL,NULL),(64,24,'sim-Line-1-2026-02-24-003-001','S77S743200','Line-1',1000,'Created','2026-02-24 02:07:50','2026-02-24 02:07:50',0,0,0,0,0,0,NULL,NULL,NULL,NULL,NULL,NULL),(65,24,'sim-Line-1-2026-02-24-003-002','S77S743200','Line-1',1000,'Created','2026-02-24 02:07:51','2026-02-24 02:07:51',0,0,0,0,0,0,NULL,NULL,NULL,NULL,NULL,NULL),(66,24,'sim-Line-1-2026-02-24-003-003','S77S743200','Line-1',1000,'Created','2026-02-24 02:07:56','2026-02-24 02:07:56',0,0,0,0,0,0,NULL,NULL,NULL,NULL,NULL,NULL),(67,24,'sim-Line-1-2026-02-24-003-004','S77S743200','Line-1',1000,'Prepared','2026-02-24 02:07:58','2026-02-24 20:54:29',0,0,1,0,0,0,'2026-02-25 03:00:20','2026-02-25 03:05:20','2026-02-25 03:54:29','operator','2026-02-25 03:52:07','operator'),(68,24,'sim-Line-1-2026-02-24-003-005','S77S743200','Line-1',1000,'Created','2026-02-24 02:08:03','2026-02-24 02:08:03',0,0,0,0,0,0,NULL,NULL,NULL,NULL,NULL,NULL),(69,24,'sim-Line-1-2026-02-24-003-006','S77S743200','Line-1',1000,'Prepared','2026-02-24 02:08:07','2026-02-24 20:20:20',0,0,1,0,0,0,'2026-02-24 23:20:20',NULL,'2026-02-25 02:20:20','admin',NULL,NULL),(70,24,'sim-Line-1-2026-02-24-003-007','S77S743200','Line-1',1000,'Prepared','2026-02-24 02:08:11','2026-02-24 02:08:11',0,0,1,0,0,0,NULL,NULL,NULL,NULL,NULL,NULL),(71,24,'sim-Line-1-2026-02-24-003-008','S77S743200','Line-1',1000,'Created','2026-02-24 02:08:18','2026-02-24 02:08:18',0,0,0,0,0,0,NULL,NULL,NULL,NULL,NULL,NULL),(72,24,'sim-Line-1-2026-02-24-003-009','S77S743200','Line-1',1000,'Created','2026-02-24 02:08:20','2026-02-24 02:08:20',0,0,0,0,0,0,NULL,NULL,NULL,NULL,NULL,NULL),(73,24,'sim-Line-1-2026-02-24-003-010','S77S743200','Line-1',1000,'Created','2026-02-24 02:08:24','2026-02-24 02:08:24',0,0,0,0,0,0,NULL,NULL,NULL,NULL,NULL,NULL),(74,25,'sim-Line-2-2026-02-24-001-001','SFJDBUSS00','Line-2',1000,'Prepared','2026-02-24 02:08:31','2026-02-24 02:08:31',0,0,1,0,0,0,NULL,NULL,NULL,NULL,NULL,NULL),(75,25,'sim-Line-2-2026-02-24-001-002','SFJDBUSS00','Line-2',1000,'Created','2026-02-24 02:08:35','2026-02-24 02:08:35',0,0,0,0,0,0,NULL,NULL,NULL,NULL,NULL,NULL),(76,25,'sim-Line-2-2026-02-24-001-003','SFJDBUSS00','Line-2',1000,'Prepared','2026-02-24 02:08:40','2026-02-24 02:08:40',0,0,1,0,0,0,NULL,NULL,NULL,NULL,NULL,NULL),(77,25,'sim-Line-2-2026-02-24-001-004','SFJDBUSS00','Line-2',1000,'Created','2026-02-24 02:08:44','2026-02-24 02:08:44',0,0,0,0,0,0,NULL,NULL,NULL,NULL,NULL,NULL),(78,26,'sim-Line-2-2026-02-24-003-001','SKU-CONCEPT-01','Line-2',1000,'Created','2026-02-24 02:08:48','2026-02-24 02:08:48',0,0,0,0,0,0,NULL,NULL,NULL,NULL,NULL,NULL),(79,26,'sim-Line-2-2026-02-24-003-002','SKU-CONCEPT-01','Line-2',1000,'Created','2026-02-24 02:08:48','2026-02-24 02:08:48',0,0,0,0,0,0,NULL,NULL,NULL,NULL,NULL,NULL),(80,26,'sim-Line-2-2026-02-24-003-003','SKU-CONCEPT-01','Line-2',1000,'Created','2026-02-24 02:08:49','2026-02-24 02:08:49',0,0,0,0,0,0,NULL,NULL,NULL,NULL,NULL,NULL),(81,26,'sim-Line-2-2026-02-24-003-004','SKU-CONCEPT-01','Line-2',1000,'Created','2026-02-24 02:08:49','2026-02-24 02:08:49',0,0,0,0,0,0,NULL,NULL,NULL,NULL,NULL,NULL),(82,26,'sim-Line-2-2026-02-24-003-005','SKU-CONCEPT-01','Line-2',1000,'Prepared','2026-02-24 02:08:53','2026-02-24 02:08:53',0,0,1,0,0,0,NULL,NULL,NULL,NULL,NULL,NULL),(83,26,'sim-Line-2-2026-02-24-003-006','SKU-CONCEPT-01','Line-2',1000,'Prepared','2026-02-24 02:08:57','2026-02-24 02:08:57',0,0,1,0,0,0,NULL,NULL,NULL,NULL,NULL,NULL),(84,26,'sim-Line-2-2026-02-24-003-007','SKU-CONCEPT-01','Line-2',1000,'Created','2026-02-24 02:09:02','2026-02-24 02:09:02',0,0,0,0,0,0,NULL,NULL,NULL,NULL,NULL,NULL),(85,26,'sim-Line-2-2026-02-24-003-008','SKU-CONCEPT-01','Line-2',1000,'Created','2026-02-24 02:09:02','2026-02-24 02:09:02',0,0,0,0,0,0,NULL,NULL,NULL,NULL,NULL,NULL),(86,26,'sim-Line-2-2026-02-24-003-009','SKU-CONCEPT-01','Line-2',1000,'Created','2026-02-24 02:09:02','2026-02-24 02:09:02',0,0,0,0,0,0,NULL,NULL,NULL,NULL,NULL,NULL),(87,26,'sim-Line-2-2026-02-24-003-010','SKU-CONCEPT-01','Line-2',1000,'Created','2026-02-24 02:09:06','2026-02-24 02:09:06',0,0,0,0,0,0,NULL,NULL,NULL,NULL,NULL,NULL),(88,27,'sim-Line-3-2026-02-24-001-001','SFJDBUSS00','Line-3',1000,'Created','2026-02-24 02:09:12','2026-02-24 02:09:12',0,0,0,0,0,0,NULL,NULL,NULL,NULL,NULL,NULL),(89,27,'sim-Line-3-2026-02-24-001-002','SFJDBUSS00','Line-3',1000,'Created','2026-02-24 02:09:16','2026-02-24 02:09:16',0,0,0,0,0,0,NULL,NULL,NULL,NULL,NULL,NULL),(90,27,'sim-Line-3-2026-02-24-001-003','SFJDBUSS00','Line-3',1000,'Prepared','2026-02-24 02:09:18','2026-02-24 02:09:18',0,0,1,0,0,0,NULL,NULL,NULL,NULL,NULL,NULL),(91,27,'sim-Line-3-2026-02-24-001-004','SFJDBUSS00','Line-3',1000,'Created','2026-02-24 02:09:21','2026-02-24 02:09:21',0,0,0,0,0,0,NULL,NULL,NULL,NULL,NULL,NULL),(92,27,'sim-Line-3-2026-02-24-001-005','SFJDBUSS00','Line-3',1000,'Prepared','2026-02-24 02:09:24','2026-02-24 02:09:24',0,0,1,0,0,0,NULL,NULL,NULL,NULL,NULL,NULL),(93,27,'sim-Line-3-2026-02-24-001-006','SFJDBUSS00','Line-3',1000,'Created','2026-02-24 02:09:29','2026-02-24 02:09:29',0,0,0,0,0,0,NULL,NULL,NULL,NULL,NULL,NULL),(94,27,'sim-Line-3-2026-02-24-001-007','SFJDBUSS00','Line-3',1000,'Created','2026-02-24 02:09:33','2026-02-24 02:09:33',0,0,0,0,0,0,NULL,NULL,NULL,NULL,NULL,NULL),(95,28,'sim-Line-3-2026-02-24-003-001','S76S44TM00','Line-3',1000,'Created','2026-02-24 02:09:38','2026-02-24 02:09:38',0,0,0,0,0,0,NULL,NULL,NULL,NULL,NULL,NULL),(96,28,'sim-Line-3-2026-02-24-003-002','S76S44TM00','Line-3',1000,'Prepared','2026-02-24 02:09:39','2026-02-24 20:59:17',0,0,1,0,0,0,NULL,'2026-02-25 03:59:14',NULL,NULL,'2026-02-25 03:59:17','operator'),(97,28,'sim-Line-3-2026-02-24-003-003','S76S44TM00','Line-3',1000,'Created','2026-02-24 02:09:42','2026-02-24 02:09:42',0,0,0,0,0,0,NULL,NULL,NULL,NULL,NULL,NULL),(98,28,'sim-Line-3-2026-02-24-003-004','S76S44TM00','Line-3',1000,'Prepared','2026-02-24 02:09:44','2026-02-24 02:09:44',0,0,1,0,0,0,NULL,NULL,NULL,NULL,NULL,NULL),(99,28,'sim-Line-3-2026-02-24-003-005','S76S44TM00','Line-3',1000,'Created','2026-02-24 02:09:46','2026-02-24 02:09:46',0,0,0,0,0,0,NULL,NULL,NULL,NULL,NULL,NULL),(100,28,'sim-Line-3-2026-02-24-003-006','S76S44TM00','Line-3',1000,'Prepared','2026-02-24 02:09:47','2026-02-24 02:09:47',0,0,1,0,0,0,NULL,NULL,NULL,NULL,NULL,NULL),(101,28,'sim-Line-3-2026-02-24-003-007','S76S44TM00','Line-3',1000,'Created','2026-02-24 02:09:49','2026-02-24 02:09:49',0,0,0,0,0,0,NULL,NULL,NULL,NULL,NULL,NULL),(102,28,'sim-Line-3-2026-02-24-003-008','S76S44TM00','Line-3',1000,'Prepared','2026-02-24 02:09:50','2026-02-24 02:09:50',0,0,1,0,0,0,NULL,NULL,NULL,NULL,NULL,NULL),(103,28,'sim-Line-3-2026-02-24-003-009','S76S44TM00','Line-3',1000,'Created','2026-02-24 02:09:54','2026-02-24 02:09:54',0,0,0,0,0,0,NULL,NULL,NULL,NULL,NULL,NULL),(104,28,'sim-Line-3-2026-02-24-003-010','S76S44TM00','Line-3',1000,'Created','2026-02-24 02:09:57','2026-02-24 02:09:57',0,0,0,0,0,0,NULL,NULL,NULL,NULL,NULL,NULL),(111,31,'PL-PKL-TEST-001-001','Coconut Syrup Senorita','Line-1',1000,'Prepared','2026-02-24 15:58:06','2026-02-24 20:54:30',0,0,1,0,0,0,'2026-02-25 03:26:38','2026-02-25 03:24:16','2026-02-25 03:54:30','operator','2026-02-25 03:52:10','operator'),(112,31,'PL-PKL-TEST-001-002','Coconut Syrup Senorita','Line-1',1000,'Prepared','2026-02-24 15:58:07','2026-02-24 15:58:07',0,0,1,0,0,0,NULL,NULL,NULL,NULL,NULL,NULL),(113,31,'PL-PKL-TEST-001-003','Coconut Syrup Senorita','Line-1',1000,'In-Progress','2026-02-24 15:58:08','2026-02-24 20:54:31',0,0,0,0,0,0,'2026-02-25 03:27:07','2026-02-25 03:27:07','2026-02-25 03:54:31','operator','2026-02-25 03:52:10','operator'),(114,31,'PL-PKL-TEST-001-004','Coconut Syrup Senorita','Line-1',1000,'In-Progress','2026-02-24 15:58:08','2026-02-24 15:58:08',0,0,0,0,0,0,NULL,NULL,NULL,NULL,NULL,NULL),(115,31,'PL-PKL-TEST-001-005','Coconut Syrup Senorita','Line-1',1000,'Created','2026-02-24 15:58:09','2026-02-24 15:58:09',0,0,0,0,0,0,NULL,NULL,NULL,NULL,NULL,NULL);
/*!40000 ALTER TABLE `production_batches` ENABLE KEYS */;
UNLOCK TABLES;

--
-- Table structure for table `production_orders`
--

DROP TABLE IF EXISTS `production_orders`;
/*!40101 SET @saved_cs_client     = @@character_set_client */;
/*!50503 SET character_set_client = utf8mb4 */;
CREATE TABLE `production_orders` (
  `id` int NOT NULL AUTO_INCREMENT,
  `order_number` varchar(50) NOT NULL,
  `plant_id` int NOT NULL,
  `recipe_id` int NOT NULL,
  `target_quantity` decimal(10,2) NOT NULL,
  `start_date` date DEFAULT NULL,
  `status` enum('planned','released','in_progress','completed','cancelled') DEFAULT 'planned',
  `created_at` timestamp NULL DEFAULT CURRENT_TIMESTAMP,
  PRIMARY KEY (`id`),
  UNIQUE KEY `order_number` (`order_number`),
  KEY `plant_id` (`plant_id`),
  KEY `recipe_id` (`recipe_id`),
  CONSTRAINT `production_orders_ibfk_1` FOREIGN KEY (`plant_id`) REFERENCES `plants` (`id`),
  CONSTRAINT `production_orders_ibfk_2` FOREIGN KEY (`recipe_id`) REFERENCES `recipes` (`id`)
) ENGINE=InnoDB AUTO_INCREMENT=4 DEFAULT CHARSET=utf8mb4 COLLATE=utf8mb4_0900_ai_ci;
/*!40101 SET character_set_client = @saved_cs_client */;

--
-- Dumping data for table `production_orders`
--

LOCK TABLES `production_orders` WRITE;
/*!40000 ALTER TABLE `production_orders` DISABLE KEYS */;
INSERT INTO `production_orders` VALUES (1,'PO-20231010-001',1,1,500.00,'2023-10-10','completed','2026-01-10 11:20:50'),(2,'PO-20231011-002',1,1,200.00,'2023-10-11','in_progress','2026-01-10 11:20:50'),(3,'PO-20231012-003',1,1,1000.00,'2023-10-12','planned','2026-01-10 11:20:50');
/*!40000 ALTER TABLE `production_orders` ENABLE KEYS */;
UNLOCK TABLES;

--
-- Table structure for table `production_plan_history`
--

DROP TABLE IF EXISTS `production_plan_history`;
/*!40101 SET @saved_cs_client     = @@character_set_client */;
/*!50503 SET character_set_client = utf8mb4 */;
CREATE TABLE `production_plan_history` (
  `id` int NOT NULL AUTO_INCREMENT,
  `plan_db_id` int NOT NULL,
  `action` varchar(50) NOT NULL,
  `old_status` varchar(20) DEFAULT NULL,
  `new_status` varchar(20) DEFAULT NULL,
  `remarks` varchar(255) DEFAULT NULL,
  `changed_by` varchar(50) NOT NULL,
  `changed_at` timestamp NULL DEFAULT CURRENT_TIMESTAMP,
  PRIMARY KEY (`id`),
  KEY `plan_db_id` (`plan_db_id`),
  CONSTRAINT `production_plan_history_ibfk_1` FOREIGN KEY (`plan_db_id`) REFERENCES `production_plans` (`id`) ON DELETE CASCADE
) ENGINE=InnoDB AUTO_INCREMENT=39 DEFAULT CHARSET=utf8mb4 COLLATE=utf8mb4_0900_ai_ci;
/*!40101 SET character_set_client = @saved_cs_client */;

--
-- Dumping data for table `production_plan_history`
--

LOCK TABLES `production_plan_history` WRITE;
/*!40000 ALTER TABLE `production_plan_history` DISABLE KEYS */;
INSERT INTO `production_plan_history` VALUES (1,1,'create',NULL,'Planned','Plan created','system','2026-02-22 16:29:49'),(2,2,'create',NULL,'Planned','Plan created','system','2026-02-22 16:34:34'),(3,1,'cancel','Planned','Cancelled','Wrong Plan','user','2026-02-22 17:05:10'),(4,2,'cancel','Planned','Cancelled','Wrong Plan','user','2026-02-22 17:05:22'),(5,3,'create',NULL,'Planned','Plan created','system','2026-02-22 17:05:39'),(6,3,'cancel','Planned','Cancelled','Wrong Plan','user','2026-02-22 17:08:30'),(7,4,'create',NULL,'Planned','Plan created','system','2026-02-22 17:12:08'),(8,5,'create',NULL,'Planned','Plan created','system','2026-02-22 17:15:31'),(9,6,'create',NULL,'Planned','Plan created','system','2026-02-22 20:22:12'),(10,4,'cancel','Planned','Cancelled','Plan Change','user','2026-02-22 20:22:48'),(11,7,'create',NULL,'Planned','Plan created','system','2026-02-22 20:23:41'),(12,5,'cancel','Planned','Cancelled','Quality Issue','user','2026-02-22 20:24:17'),(13,8,'create',NULL,'Planned','Plan created','system','2026-02-22 20:24:51'),(14,9,'create',NULL,'Planned','Plan created','system','2026-02-22 20:25:46'),(15,3,'cancel','Cancelled','Cancelled','cleanup orphan','system','2026-02-22 20:30:55'),(16,4,'cancel','Cancelled','Cancelled','cleanup orphan','system','2026-02-22 20:30:55'),(17,6,'cancel','Planned','Cancelled','cleanup orphan','system','2026-02-22 20:30:56'),(18,7,'cancel','Planned','Cancelled','cleanup orphan','system','2026-02-22 20:30:56'),(19,6,'cancel','Cancelled','Cancelled','Equipment Failure','user','2026-02-22 20:32:22'),(20,10,'create',NULL,'Planned','Plan created','system','2026-02-22 20:32:46'),(33,23,'create',NULL,'In-Progress','Simulated plan','simulator','2026-02-24 02:07:11'),(34,24,'create',NULL,'In-Progress','Simulated plan','simulator','2026-02-24 02:07:50'),(35,25,'create',NULL,'In-Progress','Simulated plan','simulator','2026-02-24 02:08:31'),(36,26,'create',NULL,'In-Progress','Simulated plan','simulator','2026-02-24 02:08:48'),(37,27,'create',NULL,'In-Progress','Simulated plan','simulator','2026-02-24 02:09:12'),(38,28,'create',NULL,'In-Progress','Simulated plan','simulator','2026-02-24 02:09:38');
/*!40000 ALTER TABLE `production_plan_history` ENABLE KEYS */;
UNLOCK TABLES;

--
-- Table structure for table `production_plans`
--

DROP TABLE IF EXISTS `production_plans`;
/*!40101 SET @saved_cs_client     = @@character_set_client */;
/*!50503 SET character_set_client = utf8mb4 */;
CREATE TABLE `production_plans` (
  `id` int NOT NULL AUTO_INCREMENT,
  `sku_id` varchar(50) NOT NULL,
  `sku_name` varchar(200) DEFAULT NULL,
  `plant` varchar(50) DEFAULT NULL,
  `total_volume` float DEFAULT NULL,
  `batch_size` float DEFAULT NULL,
  `num_batches` int DEFAULT NULL,
  `start_date` date DEFAULT NULL,
  `finish_date` date DEFAULT NULL,
  `status` varchar(20) DEFAULT NULL,
  `created_at` timestamp NULL DEFAULT CURRENT_TIMESTAMP,
  `updated_at` timestamp NULL DEFAULT CURRENT_TIMESTAMP ON UPDATE CURRENT_TIMESTAMP,
  `flavour_house` tinyint(1) DEFAULT '0',
  `spp` tinyint(1) DEFAULT '0',
  `batch_prepare` tinyint(1) DEFAULT '0',
  `ready_to_product` tinyint(1) DEFAULT '0',
  `production` tinyint(1) DEFAULT '0',
  `done` tinyint(1) DEFAULT '0',
  `plan_id` varchar(50) DEFAULT NULL,
  `total_plan_volume` float DEFAULT NULL,
  `created_by` varchar(50) DEFAULT NULL,
  `updated_by` varchar(50) DEFAULT NULL,
  PRIMARY KEY (`id`),
  KEY `ix_production_plans_id` (`id`),
  KEY `ix_production_plans_plan_id` (`plan_id`)
) ENGINE=InnoDB AUTO_INCREMENT=32 DEFAULT CHARSET=utf8mb4 COLLATE=utf8mb4_0900_ai_ci;
/*!40101 SET character_set_client = @saved_cs_client */;

--
-- Dumping data for table `production_plans`
--

LOCK TABLES `production_plans` WRITE;
/*!40000 ALTER TABLE `production_plans` DISABLE KEYS */;
INSERT INTO `production_plans` VALUES (1,'S77S743200','Cafe Amazon','Line-1',10000,1200,9,'2026-02-22','2026-02-22','Cancelled','2026-02-22 16:29:49','2026-02-22 17:05:10',0,0,0,0,0,0,'plan-Line-1-2026-02-22-001',10800,'system',NULL),(2,'S77S743200','Cafe Amazon','Line-1',10000,1200,9,'2026-02-22','2026-02-22','Cancelled','2026-02-22 16:34:33','2026-02-22 17:05:22',0,0,0,0,0,0,'plan-Line-1-2026-02-22-002',10800,'system',NULL),(3,'S77S743200','Cafe Amazon','Line-1',10000,1200,9,'2026-02-23','2026-02-23','Cancelled','2026-02-22 17:05:39','2026-02-22 17:08:30',0,0,0,0,0,0,'plan-Line-1-2026-02-23-001',10800,'system',NULL),(4,'S77S743200','Cafe Amazon','Line-1',10000,1200,9,'2026-02-23','2026-02-23','Cancelled','2026-02-22 17:12:08','2026-02-22 20:22:48',0,0,0,0,0,0,'plan-Line-1-2026-02-23-001',10800,'system',NULL),(5,'S7OS9Z0000','Fast Dissolving Syrup Mitrphol ','Line-1',10000,1200,9,'2026-02-23','2026-02-23','Cancelled','2026-02-22 17:15:31','2026-02-22 20:24:16',0,0,0,0,0,0,'plan-Line-1-2026-02-23-001',10800,'system',NULL),(6,'S7OS9Z0000','Fast Dissolving Syrup Mitrphol ','Line-1',10000,1200,9,'2026-02-23','2026-02-23','Cancelled','2026-02-22 20:22:11','2026-02-22 20:30:56',0,0,0,0,0,0,'plan-Line-1-2026-02-23-001',10800,'system',NULL),(7,'S7OS9Z0000','Fast Dissolving Syrup Mitrphol ','Line-1',10000,1200,9,'2026-02-23','2026-02-23','Cancelled','2026-02-22 20:23:41','2026-02-22 20:30:56',0,0,0,0,0,0,'plan-Line-1-2026-02-23-001',10800,'system',NULL),(8,'S7OS9Z0000','Fast Dissolving Syrup Mitrphol ','Line-1',10000,1200,9,'2026-02-23','2026-02-23','Planned','2026-02-22 20:24:51','2026-02-22 20:24:51',0,0,0,0,0,0,'plan-Line-1-2026-02-23-002',10800,'system',NULL),(9,'SFJDBUSS00','Pomegranate Senorita Signature','Line-2',10000,1200,9,'2026-02-23','2026-02-23','Planned','2026-02-22 20:25:46','2026-02-22 20:25:46',0,0,0,0,0,0,'plan-Line-2-2026-02-23-001',10800,'system',NULL),(10,'S76S44TM00','Simple Syrup (Tim Hortons)','Line-1',10000,1200,9,'2026-02-23','2026-02-23','Planned','2026-02-22 20:32:46','2026-02-22 20:32:46',0,0,0,0,0,0,'plan-Line-1-2026-02-23-003',10800,'system',NULL),(23,'S77S743200-COPY','Cafe Amazon (Copy)','Line-1',9000,1000,9,'2026-02-24',NULL,'In-Progress','2026-02-24 02:07:10','2026-02-24 02:07:10',0,0,0,0,0,0,'sim-Line-1-2026-02-24-001',9000,'simulator',NULL),(24,'S77S743200','Cafe Amazon','Line-1',10000,1000,10,'2026-02-24',NULL,'In-Progress','2026-02-24 02:07:49','2026-02-24 02:07:49',0,0,0,0,0,0,'sim-Line-1-2026-02-24-003',10000,'simulator',NULL),(25,'SFJDBUSS00','Pomegranate Senorita Signature','Line-2',4000,1000,4,'2026-02-24',NULL,'In-Progress','2026-02-24 02:08:29','2026-02-24 02:08:29',0,0,0,0,0,0,'sim-Line-2-2026-02-24-001',4000,'simulator',NULL),(26,'SKU-CONCEPT-01','Concept Design Test Product','Line-2',10000,1000,10,'2026-02-24',NULL,'In-Progress','2026-02-24 02:08:47','2026-02-24 02:08:47',0,0,0,0,0,0,'sim-Line-2-2026-02-24-003',10000,'simulator',NULL),(27,'SFJDBUSS00','Pomegranate Senorita Signature','Line-3',7000,1000,7,'2026-02-24',NULL,'In-Progress','2026-02-24 02:09:10','2026-02-24 02:09:10',0,0,0,0,0,0,'sim-Line-3-2026-02-24-001',7000,'simulator',NULL),(28,'S76S44TM00','Simple Syrup (Tim Hortons)','Line-3',10000,1000,10,'2026-02-24',NULL,'In-Progress','2026-02-24 02:09:38','2026-02-24 02:09:38',0,0,0,0,0,0,'sim-Line-3-2026-02-24-003',10000,'simulator',NULL),(31,'Coconut Syrup Senorita','Coconut Syrup Senorita','Line-1',5000,1000,5,NULL,NULL,'In-Progress','2026-02-24 15:58:06','2026-02-24 15:58:06',0,0,0,0,0,0,'PL-PKL-TEST-001',NULL,'seed_script',NULL);
/*!40000 ALTER TABLE `production_plans` ENABLE KEYS */;
UNLOCK TABLES;

--
-- Table structure for table `products`
--

DROP TABLE IF EXISTS `products`;
/*!40101 SET @saved_cs_client     = @@character_set_client */;
/*!50503 SET character_set_client = utf8mb4 */;
CREATE TABLE `products` (
  `id` int NOT NULL AUTO_INCREMENT,
  `product_code` varchar(50) NOT NULL,
  `name` varchar(100) NOT NULL,
  `unit_of_measure` varchar(10) DEFAULT 'kg',
  `description` text,
  `created_at` timestamp NULL DEFAULT CURRENT_TIMESTAMP,
  PRIMARY KEY (`id`),
  UNIQUE KEY `product_code` (`product_code`)
) ENGINE=InnoDB AUTO_INCREMENT=3 DEFAULT CHARSET=utf8mb4 COLLATE=utf8mb4_0900_ai_ci;
/*!40101 SET character_set_client = @saved_cs_client */;

--
-- Dumping data for table `products`
--

LOCK TABLES `products` WRITE;
/*!40000 ALTER TABLE `products` DISABLE KEYS */;
INSERT INTO `products` VALUES (1,'PROD-001','Standard Bread','pcs','Standard white bread loaf','2026-01-10 11:20:50'),(2,'PROD-002','Premium Baguette','pcs','Traditional French baguette','2026-01-10 11:20:50');
/*!40000 ALTER TABLE `products` ENABLE KEYS */;
UNLOCK TABLES;

--
-- Table structure for table `sku_actions`
--

DROP TABLE IF EXISTS `sku_actions`;
/*!40101 SET @saved_cs_client     = @@character_set_client */;
/*!50503 SET character_set_client = utf8mb4 */;
CREATE TABLE `sku_actions` (
  `action_code` varchar(50) NOT NULL,
  `action_description` varchar(200) NOT NULL,
  `created_at` timestamp NULL DEFAULT CURRENT_TIMESTAMP,
  `updated_at` timestamp NULL DEFAULT CURRENT_TIMESTAMP ON UPDATE CURRENT_TIMESTAMP,
  `component_filter` varchar(255) DEFAULT NULL,
  PRIMARY KEY (`action_code`)
) ENGINE=InnoDB DEFAULT CHARSET=utf8mb4 COLLATE=utf8mb4_0900_ai_ci;
/*!40101 SET character_set_client = @saved_cs_client */;

--
-- Dumping data for table `sku_actions`
--

LOCK TABLES `sku_actions` WRITE;
/*!40000 ALTER TABLE `sku_actions` DISABLE KEYS */;
INSERT INTO `sku_actions` VALUES ('10010','RO Batching Batching','2026-01-28 21:09:56','2026-01-28 21:09:56',NULL),('10020','MIS Batching','2026-01-28 21:09:56','2026-01-28 21:09:56',NULL),('10030','LS Batching','2026-01-28 21:09:56','2026-01-28 21:09:56',NULL),('10040','WLS Batching','2026-01-28 21:09:56','2026-01-28 21:09:56',NULL),('20010','ละลาย Ingredient','2026-02-19 04:38:26','2026-02-19 04:38:26',NULL),('20020','กลั้วภาชนะด้วย RO water','2026-02-20 04:04:21','2026-02-20 04:04:21',NULL),('30010','xxxx','2026-02-01 17:33:11','2026-02-19 07:01:00',''),('30020','xx30020','2026-02-01 17:33:31','2026-02-01 17:33:31',NULL);
/*!40000 ALTER TABLE `sku_actions` ENABLE KEYS */;
UNLOCK TABLES;

--
-- Table structure for table `sku_destinations`
--

DROP TABLE IF EXISTS `sku_destinations`;
/*!40101 SET @saved_cs_client     = @@character_set_client */;
/*!50503 SET character_set_client = utf8mb4 */;
CREATE TABLE `sku_destinations` (
  `id` int NOT NULL AUTO_INCREMENT,
  `destination_code` varchar(50) NOT NULL,
  `description` varchar(200) DEFAULT NULL,
  PRIMARY KEY (`id`),
  UNIQUE KEY `ix_sku_destinations_destination_code` (`destination_code`),
  KEY `ix_sku_destinations_id` (`id`)
) ENGINE=InnoDB AUTO_INCREMENT=8 DEFAULT CHARSET=utf8mb4 COLLATE=utf8mb4_0900_ai_ci;
/*!40101 SET character_set_client = @saved_cs_client */;

--
-- Dumping data for table `sku_destinations`
--

LOCK TABLES `sku_destinations` WRITE;
/*!40000 ALTER TABLE `sku_destinations` DISABLE KEYS */;
INSERT INTO `sku_destinations` VALUES (3,'1010','Mixing Tank'),(4,'2010','High Shear'),(5,'3010','Dissolving'),(6,'3020','Disperse'),(7,'3030','Pre Mixing');
/*!40000 ALTER TABLE `sku_destinations` ENABLE KEYS */;
UNLOCK TABLES;

--
-- Table structure for table `sku_groups`
--

DROP TABLE IF EXISTS `sku_groups`;
/*!40101 SET @saved_cs_client     = @@character_set_client */;
/*!50503 SET character_set_client = utf8mb4 */;
CREATE TABLE `sku_groups` (
  `id` int NOT NULL AUTO_INCREMENT,
  `group_code` varchar(50) NOT NULL,
  `group_name` varchar(100) NOT NULL,
  `description` varchar(255) DEFAULT NULL,
  `status` varchar(20) DEFAULT NULL,
  `created_at` timestamp NULL DEFAULT CURRENT_TIMESTAMP,
  `updated_at` timestamp NULL DEFAULT CURRENT_TIMESTAMP,
  PRIMARY KEY (`id`),
  UNIQUE KEY `ix_sku_groups_group_code` (`group_code`),
  KEY `ix_sku_groups_id` (`id`)
) ENGINE=InnoDB AUTO_INCREMENT=30 DEFAULT CHARSET=utf8mb4 COLLATE=utf8mb4_0900_ai_ci;
/*!40101 SET character_set_client = @saved_cs_client */;

--
-- Dumping data for table `sku_groups`
--

LOCK TABLES `sku_groups` WRITE;
/*!40000 ALTER TABLE `sku_groups` DISABLE KEYS */;
INSERT INTO `sku_groups` VALUES (27,'1','g1','g11','Active','2026-02-22 19:52:39','2026-02-22 19:52:39'),(28,'2','g2','','Active','2026-02-22 19:52:53','2026-02-22 19:52:53'),(29,'3','G3','','Active','2026-02-22 19:53:43','2026-02-22 19:53:43');
/*!40000 ALTER TABLE `sku_groups` ENABLE KEYS */;
UNLOCK TABLES;

--
-- Table structure for table `sku_histories`
--

DROP TABLE IF EXISTS `sku_histories`;
/*!40101 SET @saved_cs_client     = @@character_set_client */;
/*!50503 SET character_set_client = utf8mb4 */;
CREATE TABLE `sku_histories` (
  `id` int NOT NULL AUTO_INCREMENT,
  `sku_db_id` int NOT NULL,
  `action` varchar(50) NOT NULL,
  `old_status` varchar(20) DEFAULT NULL,
  `new_status` varchar(20) DEFAULT NULL,
  `remarks` varchar(255) DEFAULT NULL,
  `update_by` varchar(50) NOT NULL,
  `update_at` timestamp NULL DEFAULT CURRENT_TIMESTAMP,
  PRIMARY KEY (`id`),
  KEY `sku_db_id` (`sku_db_id`),
  KEY `ix_sku_histories_id` (`id`),
  CONSTRAINT `sku_histories_ibfk_1` FOREIGN KEY (`sku_db_id`) REFERENCES `sku_masters` (`id`)
) ENGINE=InnoDB AUTO_INCREMENT=3 DEFAULT CHARSET=utf8mb4 COLLATE=utf8mb4_0900_ai_ci;
/*!40101 SET character_set_client = @saved_cs_client */;

--
-- Dumping data for table `sku_histories`
--

LOCK TABLES `sku_histories` WRITE;
/*!40000 ALTER TABLE `sku_histories` DISABLE KEYS */;
/*!40000 ALTER TABLE `sku_histories` ENABLE KEYS */;
UNLOCK TABLES;

--
-- Table structure for table `sku_masters`
--

DROP TABLE IF EXISTS `sku_masters`;
/*!40101 SET @saved_cs_client     = @@character_set_client */;
/*!50503 SET character_set_client = utf8mb4 */;
CREATE TABLE `sku_masters` (
  `id` int NOT NULL AUTO_INCREMENT,
  `sku_id` varchar(50) NOT NULL,
  `sku_name` varchar(200) NOT NULL,
  `std_batch_size` float DEFAULT '1000',
  `uom` varchar(20) DEFAULT NULL,
  `status` varchar(20) DEFAULT NULL,
  `creat_by` varchar(50) NOT NULL,
  `update_by` varchar(50) DEFAULT NULL,
  `created_at` timestamp NULL DEFAULT CURRENT_TIMESTAMP,
  `updated_at` timestamp NULL DEFAULT CURRENT_TIMESTAMP ON UPDATE CURRENT_TIMESTAMP,
  `sku_group` int DEFAULT NULL,
  PRIMARY KEY (`id`),
  UNIQUE KEY `ix_skus_sku_id` (`sku_id`),
  KEY `ix_skus_id` (`id`),
  KEY `fk_sku_group` (`sku_group`),
  CONSTRAINT `fk_sku_group` FOREIGN KEY (`sku_group`) REFERENCES `sku_groups` (`id`) ON DELETE SET NULL ON UPDATE CASCADE
) ENGINE=InnoDB AUTO_INCREMENT=23 DEFAULT CHARSET=utf8mb4 COLLATE=utf8mb4_0900_ai_ci;
/*!40101 SET character_set_client = @saved_cs_client */;

--
-- Dumping data for table `sku_masters`
--

LOCK TABLES `sku_masters` WRITE;
/*!40000 ALTER TABLE `sku_masters` DISABLE KEYS */;
INSERT INTO `sku_masters` VALUES (13,'SKU-CONCEPT-01','Concept Design Test Product',1000,'kg','Deleted','system','system','2026-01-28 08:02:14','2026-02-21 08:18:06',NULL),(15,'SKU-CONCEPT-01-001','Concept Design Test Product (Copy)',1000,'kg','Deleted','system','system','2026-02-01 17:24:49','2026-02-21 08:18:02',NULL),(16,'Coconut Syrup Senorita','Coconut Syrup Senorita',1000,'kg','Active','system',NULL,'2026-02-18 07:37:52','2026-02-18 07:37:52',NULL),(17,'Strawberry Syrup Freshy','S7EFRU4200',1000,'kg','Active','system',NULL,'2026-02-19 09:36:58','2026-02-19 09:36:58',NULL),(18,'S76S44TM00','Simple Syrup (Tim Hortons)',1000,'kg','Active','system',NULL,'2026-02-20 04:39:57','2026-02-20 04:39:57',NULL),(19,'SFJDBUSS00','Pomegranate Senorita Signature',1000,'kg','Active','system',NULL,'2026-02-20 07:45:07','2026-02-22 19:53:50',29),(20,'S7OS9Z0000','Fast Dissolving Syrup Mitrphol ',1000,'kg','Active','system',NULL,'2026-02-20 09:19:06','2026-02-22 19:53:22',28),(21,'S77S743200','Cafe Amazon',1000,'kg','Active','system',NULL,'2026-02-20 09:41:05','2026-02-22 19:53:31',27),(22,'S77S743200-COPY','Cafe Amazon (Copy)',1000,'kg','Active','system','system','2026-02-22 19:47:42','2026-02-22 19:53:07',27);
/*!40000 ALTER TABLE `sku_masters` ENABLE KEYS */;
UNLOCK TABLES;

--
-- Table structure for table `sku_phases`
--

DROP TABLE IF EXISTS `sku_phases`;
/*!40101 SET @saved_cs_client     = @@character_set_client */;
/*!50503 SET character_set_client = utf8mb4 */;
CREATE TABLE `sku_phases` (
  `phase_id` int NOT NULL,
  `phase_code` varchar(50) DEFAULT NULL,
  `phase_description` varchar(200) NOT NULL,
  `created_at` timestamp NULL DEFAULT CURRENT_TIMESTAMP,
  `updated_at` timestamp NULL DEFAULT CURRENT_TIMESTAMP ON UPDATE CURRENT_TIMESTAMP,
  PRIMARY KEY (`phase_id`)
) ENGINE=InnoDB DEFAULT CHARSET=utf8mb4 COLLATE=utf8mb4_0900_ai_ci;
/*!40101 SET character_set_client = @saved_cs_client */;

--
-- Dumping data for table `sku_phases`
--

LOCK TABLES `sku_phases` WRITE;
/*!40000 ALTER TABLE `sku_phases` DISABLE KEYS */;
INSERT INTO `sku_phases` VALUES (10,'A1010','Mixing','2026-01-28 21:06:23','2026-01-28 21:06:23'),(20,'A1020','High Shear','2026-01-28 21:06:23','2026-01-28 21:06:23'),(30,'D1010','ละลาย ingredient','2026-01-28 21:06:23','2026-02-19 04:36:46'),(40,'D1030','Disperse Ingredient','2026-01-28 21:06:23','2026-02-19 06:56:52'),(50,'x1010','Heating','2026-01-28 21:06:23','2026-01-28 21:06:23'),(60,'x1020','Pasteurized','2026-01-28 21:06:23','2026-01-28 21:06:23'),(70,'x1030','Holding','2026-01-28 21:06:23','2026-01-28 21:06:23'),(80,'x1040','Cooldown','2026-01-28 21:06:23','2026-01-28 21:06:23');
/*!40000 ALTER TABLE `sku_phases` ENABLE KEYS */;
UNLOCK TABLES;

--
-- Table structure for table `sku_steps`
--

DROP TABLE IF EXISTS `sku_steps`;
/*!40101 SET @saved_cs_client     = @@character_set_client */;
/*!50503 SET character_set_client = utf8mb4 */;
CREATE TABLE `sku_steps` (
  `id` int NOT NULL AUTO_INCREMENT,
  `sku_id` varchar(50) CHARACTER SET utf8mb4 COLLATE utf8mb4_0900_ai_ci NOT NULL,
  `phase_number` varchar(20) DEFAULT NULL,
  `phase_id` varchar(50) DEFAULT NULL,
  `master_step` int NOT NULL,
  `sub_step` int NOT NULL,
  `destination` varchar(100) CHARACTER SET utf8mb4 COLLATE utf8mb4_0900_ai_ci DEFAULT NULL,
  `re_code` varchar(50) DEFAULT NULL,
  `action_code` varchar(50) DEFAULT NULL,
  `action_description` varchar(100) NOT NULL,
  `setup_step` varchar(100) DEFAULT NULL,
  `require` float DEFAULT NULL,
  `low_tol` float DEFAULT '0.001',
  `high_tol` float DEFAULT NULL,
  `agitator_rpm` float DEFAULT NULL,
  `high_shear_rpm` float DEFAULT NULL,
  `temperature` float DEFAULT NULL,
  `ph` float DEFAULT '7',
  `step_time` int DEFAULT NULL,
  `step_timer_control` int DEFAULT NULL,
  `created_at` timestamp NULL DEFAULT CURRENT_TIMESTAMP,
  `updated_at` timestamp NULL DEFAULT CURRENT_TIMESTAMP ON UPDATE CURRENT_TIMESTAMP,
  `qc_temperature` tinyint(1) DEFAULT '0',
  `brix` float DEFAULT NULL,
  `qc_ph` tinyint(1) DEFAULT NULL,
  `qc_brix` tinyint(1) DEFAULT NULL,
  `uom` varchar(20) DEFAULT NULL,
  `temp_low` float DEFAULT NULL,
  `temp_high` float DEFAULT NULL,
  `step_condition` varchar(100) DEFAULT NULL,
  `qc_temp` tinyint(1) DEFAULT '0',
  `record_steam_pressure` tinyint(1) DEFAULT '0',
  `record_ctw` tinyint(1) DEFAULT '0',
  `operation_brix_record` tinyint(1) DEFAULT '0',
  `operation_ph_record` tinyint(1) DEFAULT '0',
  `brix_sp` varchar(50) DEFAULT NULL,
  `ph_sp` varchar(50) DEFAULT NULL,
  `action` varchar(100) DEFAULT NULL,
  PRIMARY KEY (`id`),
  KEY `ix_sku_steps_id` (`id`),
  KEY `ix_sku_steps_sku_id` (`sku_id`)
) ENGINE=InnoDB AUTO_INCREMENT=168 DEFAULT CHARSET=utf8mb4 COLLATE=utf8mb4_0900_ai_ci;
/*!40101 SET character_set_client = @saved_cs_client */;

--
-- Dumping data for table `sku_steps`
--

LOCK TABLES `sku_steps` WRITE;
/*!40000 ALTER TABLE `sku_steps` DISABLE KEYS */;
INSERT INTO `sku_steps` VALUES (27,'SKU-CONCEPT-01','p0010','A1010',1,10,'1010','RO-Water','10010','RO Batching Batching',NULL,500,0.001,0.001,200,0,0,7,0,0,'2026-01-29 01:46:48','2026-01-29 01:46:48',0,NULL,NULL,NULL,'kg',0,0,'',0,0,0,0,0,'','','Adding RO Water and MIS'),(28,'SKU-CONCEPT-01','p0010','A1010',0,20,'1010','MIS','10020','MIS Batching',NULL,400,0.001,0.001,200,0,0,7,0,0,'2026-01-29 01:47:51','2026-01-29 01:57:55',0,NULL,NULL,NULL,'kg',0,0,'',0,0,0,0,0,'','','Add MIS'),(29,'SKU-CONCEPT-01','p0020','A1020',1,10,'2010','RO-Water','10010','RO Batching Batching',NULL,200,0.001,0.001,200,1000,55,7,0,0,'2026-01-29 01:58:52','2026-01-29 01:58:52',0,NULL,NULL,NULL,'kg',0,0,'',0,0,0,0,0,'','','High Shere'),(30,'SKU-CONCEPT-01-001','p0010','A1010',1,10,'1010','RO-Water','10010','RO Batching Batching',NULL,500,0.001,0.001,200,0,0,7,0,0,'2026-02-01 17:24:49','2026-02-07 16:07:27',0,NULL,NULL,NULL,'kg',0,0,'',0,0,0,0,0,'','','Adding RO Water and MIS'),(31,'SKU-CONCEPT-01-001','p0010','A1010',0,20,'1010','MIS','10020','MIS Batching',NULL,400,0.001,0.001,200,0,0,7,0,0,'2026-02-01 17:24:49','2026-02-07 16:07:31',0,NULL,NULL,NULL,'kg',0,0,'',0,0,0,0,0,'','','Add MIS'),(32,'SKU-CONCEPT-01-001','p0020','A1020',1,10,'2010','RO-Water','10010','RO Batching Batching',NULL,200,0.001,0.001,200,1000,55,7,0,0,'2026-02-01 17:24:49','2026-02-07 16:07:38',0,NULL,NULL,NULL,'kg',0,0,'',0,0,0,0,0,'','','High Shere'),(33,'SKU-CONCEPT-01-001','p0030','D1010',0,10,'','CL001A','30020','xx30020',NULL,0.045,0.001,0.001,0,0,0,7,0,0,'2026-02-01 17:54:44','2026-02-07 16:07:49',0,NULL,NULL,NULL,'kg',0,0,'',0,0,0,0,0,'','',''),(39,'SKU-CONCEPT-01-001','p0030','D1010',0,20,'3020','FV041A','30020','xx30020',NULL,2,0.001,0.001,0,0,0,7,0,0,'2026-02-07 16:12:13','2026-02-07 16:13:11',0,NULL,NULL,NULL,'kg',0,0,'',0,0,0,0,0,'','',''),(40,'SKU-CONCEPT-01-001','p0030','D1010',0,30,'','XX0018','','',NULL,2.3,0.001,0.001,0,0,0,7,0,0,'2026-02-07 16:33:48','2026-02-07 16:33:48',0,NULL,NULL,NULL,'kg',0,0,'',0,0,0,0,0,'','',''),(41,'Coconut Syrup Senorita','p0010','A1010',0,10,'1010','MIS','10020','MIS Batching',NULL,809.36,0.001,0.001,80,0,60,7,0,0,'2026-02-19 04:25:46','2026-02-19 04:26:10',0,NULL,NULL,NULL,'kg',0,0,'',1,1,0,0,0,'','','Syrupt Mix'),(42,'Coconut Syrup Senorita','p0010','A1010',0,20,'1010','RO-Water','10010','RO Batching Batching',NULL,141.3,0.001,0.001,80,0,60,7,0,0,'2026-02-19 04:28:21','2026-02-19 04:28:21',0,NULL,NULL,NULL,'kg',0,0,'Room Temp',1,1,0,0,0,'','','Add Water'),(43,'Coconut Syrup Senorita','p0020','D1010',0,10,'1010','RO-Water','20010','ละลาย Ingredient',NULL,0.5,0.001,0.001,30,0,60,7,0,0,'2026-02-19 06:16:54','2026-02-19 07:34:03',0,NULL,NULL,NULL,'kg',0,0,'',0,0,0,0,0,'','','ละลาย Ingredient'),(44,'Coconut Syrup Senorita','p0020','D1010',0,20,'1010','Potassium Sorbate','20010','ละลาย Ingredient',NULL,0.6,0.001,0.001,30,0,60,7,0,0,'2026-02-19 06:18:54','2026-02-19 07:34:11',0,NULL,NULL,NULL,'kg',0,0,'Room Temp',0,0,0,0,0,'','','ละลาย Ingredient'),(45,'Coconut Syrup Senorita','p0030','D1010',0,10,'1010','RO-Water','20010','ละลาย Ingredient',NULL,0.5,0.001,0.001,30,0,60,7,0,0,'2026-02-19 06:39:21','2026-02-19 07:34:19',0,NULL,NULL,NULL,'kg',0,0,'',0,0,0,0,0,'','','ละลาย Ingredient'),(46,'Coconut Syrup Senorita','p0030','D1010',0,20,'','Sodium Benzoate','20010','ละลาย Ingredient',NULL,0.3,0.001,0.001,30,0,60,7,0,0,'2026-02-19 06:45:24','2026-02-19 07:34:26',0,NULL,NULL,NULL,'kg',0,0,'Room Temp',0,0,0,0,0,'','','ละลาย Ingredient'),(48,'Coconut Syrup Senorita','p0040','D1030',0,10,'1010','Potasium Chloride (KCl)','30010','xxxx',NULL,12.8,0.001,0.001,30,0,60,7,0,0,'2026-02-19 07:04:40','2026-02-19 07:31:29',0,NULL,NULL,NULL,'kg',0,0,'Room Temp',0,0,0,0,0,'','','Disperse Ingredient'),(49,'Coconut Syrup Senorita','p0040','D1030',0,20,'2010','Citric Acid','30010','xxxx',NULL,0.5,0.001,0.001,30,0,60,7,0,0,'2026-02-19 07:08:38','2026-02-19 07:31:35',0,NULL,NULL,NULL,'kg',0,0,'',0,0,0,0,0,'','','Disperse Ingredient'),(50,'Coconut Syrup Senorita','p0040','D1030',0,30,'3010','Magnesium Lactate','30010','xxxx',NULL,0.15,0.001,0.001,30,0,60,7,0,0,'2026-02-19 07:13:59','2026-02-19 07:31:42',0,NULL,NULL,NULL,'kg',0,0,'',0,0,0,0,0,'','','Disperse Ingredient '),(51,'Coconut Syrup Senorita','p0040','D1030',0,40,'3010','Coconut Water Powder','30010','xxxx',NULL,10,0.001,0.001,30,0,60,7,0,0,'2026-02-19 07:17:10','2026-02-19 07:31:49',0,NULL,NULL,NULL,'kg',0,0,'',0,0,0,0,0,'','','Disperse'),(52,'Coconut Syrup Senorita','p0050','x1010',0,10,'1010','FV052A','30010','xxxx',NULL,15,0.001,0.001,30,0,80,7,0,0,'2026-02-19 07:20:17','2026-02-19 07:31:03',0,NULL,NULL,NULL,'kg',0,0,'Room Temp',1,1,0,0,0,'','','Heating'),(53,'Coconut Syrup Senorita','p0050','x1010',0,20,'','RO-Water','30010','xxxx',NULL,1,0.001,0.001,30,0,80,7,0,0,'2026-02-19 07:21:10','2026-02-19 07:31:11',0,NULL,NULL,NULL,'kg',0,0,'Room Temp',1,1,0,0,0,'','','Heating'),(54,'Coconut Syrup Senorita','p0060','x1010',0,10,'1010','RO-Water','30010','xxxx',NULL,1,0.001,0.001,30,0,80,7,0,0,'2026-02-19 07:22:30','2026-02-19 07:30:44',0,NULL,NULL,NULL,'kg',0,0,'Room Temp',1,1,0,0,0,'','','Heating'),(55,'Coconut Syrup Senorita','p0060','x1010',0,20,'2010','FV012A','30010','xxxx',NULL,10,0.001,0.001,30,0,80,7,0,0,'2026-02-19 07:23:34','2026-02-19 07:30:53',0,NULL,NULL,NULL,'kg',0,0,'Room Temp',1,1,0,0,0,'','','Heating'),(56,'Coconut Syrup Senorita','p0070','x1020',1,10,'','','','',NULL,0,0.001,0.001,80,0,83,7,0,0,'2026-02-19 07:26:02','2026-02-19 07:26:02',0,NULL,NULL,NULL,'kg',80,85,'',1,1,0,0,0,'','','Pasteurized'),(57,'Coconut Syrup Senorita','p0080','x1030',0,10,'','','30010','xxxx',NULL,0,0.001,0.001,80,0,83,7,300,0,'2026-02-19 07:27:51','2026-02-19 07:33:33',0,NULL,NULL,NULL,'kg',80,85,'',1,1,0,1,1,'64-66','3.9-4.5','Holding'),(58,'Coconut Syrup Senorita','p0090','x1040',1,10,'','','','',NULL,0,0.001,0.001,80,0,35,7,0,0,'2026-02-19 07:30:18','2026-02-19 07:30:18',0,NULL,NULL,NULL,'kg',30,37,'',1,1,1,1,1,'64-66','3.9-4.5',''),(59,'Strawberry Syrup Freshy','p0010','A1010',0,10,'1010','MIS','10020','MIS Batching',NULL,620.55,0.001,0.001,80,0,60,7,0,0,'2026-02-19 09:43:48','2026-02-19 09:55:20',0,NULL,NULL,NULL,'kg',0,0,'Room Temp',1,1,0,0,0,'','','Mixing'),(60,'Strawberry Syrup Freshy','p0010','A1010',0,20,'1010','W100 CG 50 kg','30010','xxxx',NULL,100,0.001,0.001,80,0,60,7,0,0,'2026-02-19 09:53:40','2026-02-19 09:53:40',0,NULL,NULL,NULL,'kg',0,0,'Room Temp',1,1,0,0,0,'','','Mixing'),(61,'Strawberry Syrup Freshy','p0020','A1020',0,10,'2010','CMC Blanose 7HOF','30010','xxxx',NULL,0.5,0.001,0.001,60,1700,60,7,180,0,'2026-02-19 09:56:54','2026-02-20 03:56:50',0,NULL,NULL,NULL,'kg',0,0,'Mixed with Sugar',1,1,0,0,0,'','','High Shear'),(62,'Strawberry Syrup Freshy','p0020','A1020',0,20,'2010','W100 CG 50 kg','30010','xxxx',NULL,2.5,0.001,0.001,60,1700,60,7,180,0,'2026-02-19 09:58:39','2026-02-20 03:57:01',0,NULL,NULL,NULL,'kg',0,0,'Mixed with CMC ',1,1,0,0,0,'','','High Sugar'),(63,'Strawberry Syrup Freshy','p0030','A1020',0,10,'2010','NATIONAL FRIGEX CL','30010','xxxx',NULL,20,0.001,0.001,60,800,60,7,120,0,'2026-02-19 10:00:16','2026-02-20 03:57:25',0,NULL,NULL,NULL,'kg',0,0,'',1,1,0,0,0,'','','High Shear'),(64,'Strawberry Syrup Freshy','p0020','A1020',0,30,'2010','RO-Water','10010','RO Batching Batching',NULL,80,0.001,0.001,60,1700,60,7,180,0,'2026-02-19 10:01:17','2026-02-20 03:57:11',0,NULL,NULL,NULL,'kg',0,0,'Room Temp',1,1,0,0,0,'','','High Shear'),(65,'Strawberry Syrup Freshy','p0030','A1020',0,20,'2010','RO-Water','10010','RO Batching Batching',NULL,30,0.001,0.001,60,800,60,7,120,0,'2026-02-19 10:02:13','2026-02-20 03:57:36',0,NULL,NULL,NULL,'kg',0,0,'Room Temp',1,1,0,0,0,'','','High Shear'),(66,'Strawberry Syrup Freshy','p0040','A1020',0,10,'2010','Textaid A','30010','xxxx',NULL,3,0.001,0.001,60,800,60,7,120,0,'2026-02-19 10:03:38','2026-02-20 03:57:54',0,NULL,NULL,NULL,'kg',0,0,'Room Temp',1,1,0,0,0,'','','High Shear'),(67,'Strawberry Syrup Freshy','p0040','A1020',0,20,'2010','RO-Water','10010','RO Batching Batching',NULL,50,0.001,0.001,60,800,60,7,120,0,'2026-02-19 10:05:29','2026-02-20 04:05:44',0,NULL,NULL,NULL,'kg',0,0,'Room Temp',1,1,0,0,0,'','','High Shear'),(68,'Strawberry Syrup Freshy','p0050','D1010',1,10,'1010','Potassium Sorbate','20010','ละลาย Ingredient',NULL,0.5,0.001,0.001,30,0,60,7,0,0,'2026-02-19 10:10:55','2026-02-19 10:10:55',0,NULL,NULL,NULL,'kg',0,0,'',1,1,0,0,0,'','','ละลาย Ingredient'),(69,'Strawberry Syrup Freshy','p0050','D1010',0,20,'','RO-Water','20010','ละลาย Ingredient',NULL,0.5,0.001,0.001,30,0,60,7,0,0,'2026-02-19 10:11:50','2026-02-19 10:11:50',0,NULL,NULL,NULL,'kg',0,0,'',1,1,0,0,0,'','',''),(70,'Strawberry Syrup Freshy','p0060','D1010',0,10,'1010','RO-Water','20010','ละลาย Ingredient',NULL,0.5,0.001,0.001,30,0,60,7,0,0,'2026-02-20 03:19:49','2026-02-20 03:21:50',0,NULL,NULL,NULL,'kg',0,0,'Room Temp',1,1,0,0,0,'','',''),(71,'Strawberry Syrup Freshy','p0060','D1010',0,20,'1010','Sodium Benzoate','20010','ละลาย Ingredient',NULL,0.5,0.001,0.001,30,0,60,7,0,0,'2026-02-20 03:21:36','2026-02-20 03:21:36',0,NULL,NULL,NULL,'kg',0,0,'Room Temp',1,1,0,0,0,'','',''),(72,'Strawberry Syrup Freshy','p0070','D1010',1,10,'','Frozen  Lemon Concentrate','20010','ละลาย Ingredient',NULL,20,0.001,0.001,30,0,60,7,0,0,'2026-02-20 03:37:01','2026-02-20 03:37:01',0,NULL,NULL,NULL,'kg',0,0,'',1,1,0,0,0,'','',''),(73,'Strawberry Syrup Freshy','p0070','D1010',0,20,'','Frozen Strawberry Puree','20010','ละลาย Ingredient',NULL,30,0.001,0.001,30,0,60,7,0,0,'2026-02-20 03:37:46','2026-02-20 03:37:46',0,NULL,NULL,NULL,'kg',0,0,'',1,1,0,0,0,'','',''),(74,'Strawberry Syrup Freshy','p0070','D1010',0,30,'','RO-Water','20010','ละลาย Ingredient',NULL,1,0.001,0.001,30,0,60,7,0,0,'2026-02-20 03:38:42','2026-02-20 03:38:42',0,NULL,NULL,NULL,'kg',0,0,'',1,1,0,0,0,'','',''),(75,'Strawberry Syrup Freshy','p0080','D1030',1,10,'1010','Salt, NaCl','30010','xxxx',NULL,5,0.001,0.001,30,0,60,7,0,0,'2026-02-20 03:40:57','2026-02-20 03:40:57',0,NULL,NULL,NULL,'kg',0,0,'Room Temp',1,1,0,0,0,'','',''),(76,'Strawberry Syrup Freshy','p0080','D1030',0,20,'1010','Trisodium Citrate','30010','xxxx',NULL,3,0.001,0.001,30,0,60,7,0,0,'2026-02-20 03:41:54','2026-02-20 03:42:04',0,NULL,NULL,NULL,'kg',0,0,'',1,1,0,0,0,'','',''),(77,'Strawberry Syrup Freshy','p0080','D1030',0,30,'','Sucralose, 1kg * 10/bag.','30010','xxxx',NULL,0.25,0.001,0.001,30,0,60,7,0,0,'2026-02-20 03:43:28','2026-02-20 03:43:28',0,NULL,NULL,NULL,'kg',0,0,'',1,1,0,0,0,'','',''),(78,'Strawberry Syrup Freshy','p0080','D1030',0,40,'','Vitasweet® Ace-K (E950)','30010','xxxx',NULL,0.1,0.001,0.001,30,0,60,7,0,0,'2026-02-20 03:43:54','2026-02-20 03:46:32',0,NULL,NULL,NULL,'kg',0,0,'',1,1,0,0,0,'','',''),(79,'Strawberry Syrup Freshy','p0080','D1030',0,50,'1010','Citric Acid','30010','xxxx',NULL,15,0.001,0.001,30,0,60,7,0,0,'2026-02-20 03:47:20','2026-02-20 03:47:20',0,NULL,NULL,NULL,'kg',0,0,'',1,1,0,0,0,'','',''),(80,'Strawberry Syrup Freshy','p0090','x1010',1,10,'3010','','','',NULL,0,0.001,0.001,80,0,87,7,0,0,'2026-02-20 03:56:20','2026-02-20 03:56:20',0,NULL,NULL,NULL,'kg',86,90,'',1,1,0,0,0,'','',''),(81,'Strawberry Syrup Freshy','p0100','D1030',1,10,'3010','CL006A','20010','ละลาย Ingredient',NULL,0.175,0.001,0.001,30,0,87,7,0,0,'2026-02-20 04:00:12','2026-02-20 04:00:12',0,NULL,NULL,NULL,'kg',86,90,'',1,1,0,0,0,'','',''),(82,'Strawberry Syrup Freshy','p0100','D1010',0,20,'3010','RO-Water','20010','ละลาย Ingredient',NULL,0.5,0.001,0.001,30,0,87,7,0,0,'2026-02-20 04:01:25','2026-02-20 04:01:25',0,NULL,NULL,NULL,'kg',86,90,'',1,1,0,0,0,'','',''),(83,'Strawberry Syrup Freshy','p0110','D1030',1,10,'3010','FV044A','30010','xxxx',NULL,8.925,0.001,0.001,30,0,87,7,0,0,'2026-02-20 04:10:03','2026-02-20 04:10:03',0,NULL,NULL,NULL,'kg',86,90,'',1,1,0,0,0,'','',''),(84,'Strawberry Syrup Freshy','p0110','D1030',0,20,'3010','RO-Water','20020','กลั้วภาชนะด้วย RO water',NULL,0.5,0.001,0.001,30,0,87,7,0,0,'2026-02-20 04:11:48','2026-02-20 04:11:48',0,NULL,NULL,NULL,'kg',86,90,'',1,1,0,0,0,'','',''),(85,'Strawberry Syrup Freshy','p0120','x1010',1,10,'','','','',NULL,0,0.001,0.001,80,0,87,7,0,0,'2026-02-20 04:14:47','2026-02-20 04:14:47',0,NULL,NULL,NULL,'kg',86,90,'',1,1,0,0,0,'','',''),(86,'Strawberry Syrup Freshy','p0130','x1020',1,10,'','','','',NULL,0,0.001,0.001,80,0,87,7,300,0,'2026-02-20 04:15:47','2026-02-20 04:15:47',0,NULL,NULL,NULL,'kg',86,90,'',1,1,0,0,0,'','',''),(87,'Strawberry Syrup Freshy','p0140','x1030',1,10,'','','','',NULL,0,0.001,0.001,80,0,82,7,0,0,'2026-02-20 04:20:20','2026-02-20 04:20:20',0,NULL,NULL,NULL,'kg',80,85,'',1,1,0,1,1,'','',''),(88,'Strawberry Syrup Freshy','p0150','x1040',1,10,'','','','',NULL,0,0.001,0.001,80,0,43,7,0,0,'2026-02-20 04:26:41','2026-02-20 04:26:41',0,NULL,NULL,NULL,'kg',40,45,'',1,1,1,1,1,'','',''),(89,'S76S44TM00','p0010','A1010',1,10,'1010','MIS','10020','MIS Batching',NULL,591.65,0.001,0.001,80,0,40,7,0,0,'2026-02-20 04:41:58','2026-02-20 04:41:58',0,NULL,NULL,NULL,'kg',0,0,'',1,1,0,0,0,'','',''),(92,'S76S44TM00','p0010','A1010',0,20,'','RO-Water','10010','RO Batching Batching',NULL,154.3,0.001,0.001,80,0,40,7,0,0,'2026-02-20 06:54:40','2026-02-20 06:57:47',0,NULL,NULL,NULL,'kg',0,0,'',1,1,0,0,0,'','',''),(93,'S76S44TM00','p0020','x1010',1,10,'','','','',NULL,0,0.001,0.001,80,0,60,7,0,0,'2026-02-20 06:58:25','2026-02-20 06:58:25',0,NULL,NULL,NULL,'kg',0,0,'',1,1,0,0,0,'','',''),(94,'S76S44TM00','p0030','D1030',1,10,'1010','Liquid Glucose, กลูโคสเหลว 80 บริกซ์.','30010','xxxx',NULL,250,0.001,0.001,40,0,60,7,0,0,'2026-02-20 07:14:56','2026-02-20 07:14:56',0,NULL,NULL,NULL,'kg',0,0,'',1,1,0,0,0,'','',''),(95,'S76S44TM00','p0040','D1010',1,10,'','Potassium Sorbate','20010','ละลาย Ingredient',NULL,0.95,0.001,0.001,40,0,60,7,0,0,'2026-02-20 07:16:07','2026-02-20 07:16:07',0,NULL,NULL,NULL,'kg',0,0,'',1,1,0,0,0,'','',''),(96,'S76S44TM00','p0040','D1010',0,20,'','RO-Water','20010','ละลาย Ingredient',NULL,0.5,0.001,0.001,40,0,60,7,0,0,'2026-02-20 07:19:02','2026-02-20 07:19:02',0,NULL,NULL,NULL,'kg',0,0,'',1,1,0,0,0,'','',''),(97,'S76S44TM00','p0050','D1010',1,10,'','Salt, NaCl','20010','ละลาย Ingredient',NULL,1.08,0.001,0.001,40,0,60,7,0,0,'2026-02-20 07:21:37','2026-02-20 07:21:37',0,NULL,NULL,NULL,'kg',0,0,'',1,1,0,0,0,'','',''),(98,'S76S44TM00','p0050','D1010',0,20,'','RO-Water','20010','ละลาย Ingredient',NULL,0.5,0.001,0.001,40,0,60,7,0,0,'2026-02-20 07:22:07','2026-02-20 07:22:07',0,NULL,NULL,NULL,'kg',0,0,'',1,1,0,0,0,'','',''),(99,'S76S44TM00','p0060','D1010',1,10,'','Citric Acid','20010','ละลาย Ingredient',NULL,0.52,0.001,0.001,40,0,60,7,0,0,'2026-02-20 07:22:56','2026-02-20 07:22:56',0,NULL,NULL,NULL,'kg',0,0,'',1,1,0,0,0,'','',''),(100,'S76S44TM00','p0060','D1010',0,20,'1010','RO-Water','20010','ละลาย Ingredient',NULL,0.5,0.001,0.001,40,0,60,7,0,0,'2026-02-20 07:23:34','2026-02-20 07:23:34',0,NULL,NULL,NULL,'kg',0,0,'',1,1,0,0,0,'','',''),(101,'S76S44TM00','p0070','x1010',1,10,'','','','',NULL,0,0.001,0.001,80,0,93,7,0,0,'2026-02-20 07:30:22','2026-02-20 07:30:22',0,NULL,NULL,NULL,'kg',90,95,'',1,1,0,0,0,'','',''),(102,'S76S44TM00','p0080','x1020',1,10,'','','','',NULL,0,0.001,0.001,80,0,93,7,300,0,'2026-02-20 07:35:45','2026-02-20 07:35:45',0,NULL,NULL,NULL,'kg',90,95,'',1,1,0,0,0,'','',''),(103,'S76S44TM00','p0090','x1030',1,10,'','','','',NULL,0,0.001,0.001,80,0,75,7,0,0,'2026-02-20 07:40:06','2026-02-20 07:40:06',0,NULL,NULL,NULL,'kg',70,80,'',1,1,0,1,1,'','',''),(104,'S76S44TM00','p0100','x1040',1,10,'','','','',NULL,0,0.001,0.001,80,0,33,7,0,0,'2026-02-20 07:41:42','2026-02-20 07:41:42',0,NULL,NULL,NULL,'kg',30,35,'',1,1,1,1,1,'','',''),(105,'SFJDBUSS00','p0010','A1010',1,10,'1010','MIS','10020','MIS Batching',NULL,787.019,0.001,0.001,80,0,40,7,0,0,'2026-02-20 08:15:12','2026-02-20 08:15:12',0,NULL,NULL,NULL,'kg',0,0,'',1,1,0,0,0,'','',''),(106,'SFJDBUSS00','p0010','A1010',0,20,'1010','RO-Water','10010','RO Batching Batching',NULL,50,0.001,0.001,80,0,40,7,0,0,'2026-02-20 08:16:41','2026-02-20 08:16:41',0,NULL,NULL,NULL,'kg',0,0,'',1,1,0,0,0,'','',''),(107,'SFJDBUSS00','p0020','A1020',1,10,'','RO-Water','10010','RO Batching Batching',NULL,80,0.001,0.001,80,1000,60,7,180,0,'2026-02-20 08:18:47','2026-02-20 08:18:47',0,NULL,NULL,NULL,'kg',0,0,'',1,1,0,0,0,'','',''),(108,'SFJDBUSS00','p0020','A1020',0,20,'1010','CPK Keltrol','30010','xxxx',NULL,0.2,0.001,0.001,80,1000,60,7,180,0,'2026-02-20 08:25:28','2026-02-20 08:25:28',0,NULL,NULL,NULL,'kg',0,0,'Mixed with Sugar ',1,1,0,0,0,'','',''),(109,'SFJDBUSS00','p0020','A1020',0,30,'','W100 CG 50 kg','30010','xxxx',NULL,1,0.001,0.001,80,1000,60,7,0,0,'2026-02-20 08:28:48','2026-02-20 08:28:48',0,NULL,NULL,NULL,'kg',0,0,'Mixed with Xanthan (Gum)',1,1,0,0,0,'','',''),(110,'SFJDBUSS00','p0030','D1010',1,10,'','Potassium Sorbate','20010','ละลาย Ingredient',NULL,0.5,0.001,0.001,30,0,60,7,0,0,'2026-02-20 08:30:32','2026-02-20 08:30:32',0,NULL,NULL,NULL,'kg',0,0,'',1,1,0,0,0,'','',''),(111,'SFJDBUSS00','p0030','D1010',0,20,'1010','RO-Water','20010','ละลาย Ingredient',NULL,1,0.001,0.001,30,0,60,7,0,0,'2026-02-20 08:32:09','2026-02-20 08:40:48',0,NULL,NULL,NULL,'kg',0,0,'',1,1,0,0,0,'','',''),(112,'SFJDBUSS00','p0040','D1010',1,10,'1010','Sodium Benzoate','20010','ละลาย Ingredient',NULL,0.5,0.001,0.001,30,0,60,7,0,0,'2026-02-20 08:33:11','2026-02-20 08:33:11',0,NULL,NULL,NULL,'kg',0,0,'',1,1,0,0,0,'','',''),(113,'SFJDBUSS00','p0040','D1010',0,20,'','RO-Water','20010','ละลาย Ingredient',NULL,1,0.001,0.001,30,0,60,7,0,0,'2026-02-20 08:33:40','2026-02-20 08:40:55',0,NULL,NULL,NULL,'kg',0,0,'',1,1,0,0,0,'','',''),(115,'SFJDBUSS00','p0050','D1030',1,10,'1010','Trisodium Citrate','30010','xxxx',NULL,3,0.001,0.001,30,0,60,7,0,0,'2026-02-20 08:39:11','2026-02-20 08:39:11',0,NULL,NULL,NULL,'kg',0,0,'',1,1,0,0,0,'','',''),(116,'SFJDBUSS00','p0050','D1030',0,20,'1010','Citric Acid','30010','xxxx',NULL,10,0.001,0.001,30,0,60,7,0,0,'2026-02-20 08:39:44','2026-02-20 08:39:44',0,NULL,NULL,NULL,'kg',0,0,'',1,1,0,0,0,'','',''),(117,'SFJDBUSS00','p0060','D1010',1,10,'1010','CL004A','20010','ละลาย Ingredient',NULL,0.28,0.001,0.001,30,0,60,7,0,0,'2026-02-20 08:43:58','2026-02-20 08:43:58',0,NULL,NULL,NULL,'kg',0,0,'',1,1,0,0,0,'','',''),(118,'SFJDBUSS00','p0060','D1010',0,20,'1010','RO-Water','30010','xxxx',NULL,1,0.001,0.001,30,0,60,7,0,0,'2026-02-20 08:44:48','2026-02-20 08:44:48',0,NULL,NULL,NULL,'kg',0,0,'',1,1,0,0,0,'','',''),(119,'SFJDBUSS00','p0070','D1010',1,10,'1010','CL005A','20010','ละลาย Ingredient',NULL,0.0014,0.001,0.001,30,0,60,7,0,0,'2026-02-20 08:45:46','2026-02-20 08:45:46',0,NULL,NULL,NULL,'kg',0,0,'',1,1,0,0,0,'','',''),(120,'SFJDBUSS00','p0070','D1010',0,20,'1010','RO-Water','20010','ละลาย Ingredient',NULL,1,0.001,0.001,30,0,60,7,0,0,'2026-02-20 08:46:22','2026-02-20 08:46:22',0,NULL,NULL,NULL,'kg',0,0,'',1,1,0,0,0,'','',''),(121,'SFJDBUSS00','p0080','D1030',1,10,'1010','Mixed Berry Concentrate','30010','xxxx',NULL,20,0.001,0.001,30,0,60,7,0,0,'2026-02-20 08:49:56','2026-02-20 08:49:56',0,NULL,NULL,NULL,'kg',0,0,'',1,1,0,0,0,'','',''),(122,'SFJDBUSS00','p0080','D1030',0,20,'1010','RO-Water','20020','กลั้วภาชนะด้วย RO water',NULL,1,0.001,0.001,30,0,60,7,0,0,'2026-02-20 08:50:32','2026-02-20 08:50:32',0,NULL,NULL,NULL,'kg',0,0,'',1,1,0,0,0,'','',''),(123,'SFJDBUSS00','p0090','D1030',1,10,'1010','Frozen Pomegranate Concentrate (DKSH)','30010','xxxx',NULL,30,0.001,0.001,30,0,60,7,0,0,'2026-02-20 08:51:39','2026-02-20 08:51:39',0,NULL,NULL,NULL,'kg',0,0,'',1,1,0,0,0,'','',''),(124,'SFJDBUSS00','p0090','D1030',0,20,'','RO-Water','20020','กลั้วภาชนะด้วย RO water',NULL,5,0.001,0.001,30,0,60,7,0,0,'2026-02-20 08:52:09','2026-02-20 08:54:12',0,NULL,NULL,NULL,'kg',0,0,'',1,1,0,0,0,'','',''),(125,'SFJDBUSS00','p0100','x1010',1,10,'','','','',NULL,0,0.001,0.001,80,0,83,7,0,0,'2026-02-20 08:57:48','2026-02-20 08:57:48',0,NULL,NULL,NULL,'kg',80,85,'',1,1,0,0,0,'','',''),(126,'SFJDBUSS00','p0110','x1030',1,10,'1010','FV059A','30010','xxxx',NULL,5,0.001,0.001,30,0,83,7,0,0,'2026-02-20 08:58:57','2026-02-20 08:58:57',0,NULL,NULL,NULL,'kg',80,85,'',1,1,0,0,0,'','',''),(127,'SFJDBUSS00','p0110','x1030',0,20,'1010','FV064A','30010','xxxx',NULL,2,0.001,0.001,30,0,83,7,0,0,'2026-02-20 08:59:39','2026-02-20 08:59:39',0,NULL,NULL,NULL,'kg',80,85,'',1,1,0,0,0,'','',''),(128,'SFJDBUSS00','p0120','x1020',1,10,'1010','','','',NULL,0,0.001,0.001,80,0,83,7,300,0,'2026-02-20 09:00:33','2026-02-20 09:00:33',0,NULL,NULL,NULL,'kg',80,85,'',1,1,0,0,0,'','',''),(129,'SFJDBUSS00','p0130','x1030',1,10,'1010','','','',NULL,0,0.001,0.001,80,0,75,7,0,0,'2026-02-20 09:03:03','2026-02-20 09:03:03',0,NULL,NULL,NULL,'kg',70,80,'',1,1,0,0,0,'64-66','2.7-3.3',''),(130,'SFJDBUSS00','p0140','x1040',1,10,'1010','','','',NULL,0,0.001,0.001,50,0,37,7,0,0,'2026-02-20 09:04:38','2026-02-20 09:04:38',0,NULL,NULL,NULL,'kg',35,40,'',1,1,1,1,1,'64-66','2.7-3.3',''),(131,'S7OS9Z0000','p0010','A1010',1,10,'1010','LS in Line','10030','LS Batching',NULL,983.3,0.001,0.001,80,0,40,7,0,0,'2026-02-20 09:28:01','2026-02-20 09:28:01',0,NULL,NULL,NULL,'kg',0,0,'',1,1,0,0,0,'','',''),(132,'S7OS9Z0000','p0010','A1010',0,20,'1010','RO-Water','10010','RO Batching Batching',NULL,12.2,0.001,0.001,80,0,40,7,0,0,'2026-02-20 09:28:43','2026-02-20 09:28:43',0,NULL,NULL,NULL,'kg',0,0,'',1,1,0,0,0,'','',''),(133,'S7OS9Z0000','p0020','x1010',1,10,'1010','','','',NULL,0,0.001,0.001,80,0,60,7,0,0,'2026-02-20 09:29:04','2026-02-20 09:29:04',0,NULL,NULL,NULL,'kg',0,0,'',1,1,0,0,0,'','',''),(134,'S7OS9Z0000','p0030','D1010',1,10,'1010','Potassium Sorbate','20010','ละลาย Ingredient',NULL,0.8,0.001,0.001,30,0,60,7,0,0,'2026-02-20 09:29:52','2026-02-20 09:29:52',0,NULL,NULL,NULL,'kg',0,0,'',1,1,0,0,0,'','',''),(135,'S7OS9Z0000','p0030','D1010',0,20,'1010','RO-Water','20010','ละลาย Ingredient',NULL,1,0.001,0.001,30,0,60,7,0,0,'2026-02-20 09:30:19','2026-02-20 09:30:19',0,NULL,NULL,NULL,'kg',0,0,'',1,1,0,0,0,'','',''),(136,'S7OS9Z0000','p0040','D1010',1,10,'1010','Sodium Benzoate','20010','ละลาย Ingredient',NULL,0.2,0.001,0.001,30,0,60,7,0,0,'2026-02-20 09:30:54','2026-02-20 09:30:54',0,NULL,NULL,NULL,'kg',0,0,'',1,1,0,0,0,'','',''),(137,'S7OS9Z0000','p0040','D1010',0,20,'1010','RO-Water','20010','ละลาย Ingredient',NULL,1,0.001,0.001,30,0,60,7,0,0,'2026-02-20 09:31:24','2026-02-20 09:31:24',0,NULL,NULL,NULL,'kg',0,0,'',1,1,0,0,0,'','',''),(138,'S7OS9Z0000','p0050','D1010',0,10,'1010','Citric Acid','20010','ละลาย Ingredient',NULL,0.5,0.001,0.001,30,0,60,7,0,0,'2026-02-20 09:32:10','2026-02-20 09:32:30',0,NULL,NULL,NULL,'kg',0,0,'',1,1,0,0,0,'','',''),(139,'S7OS9Z0000','p0050','D1010',0,20,'1010','RO-Water','20010','ละลาย Ingredient',NULL,1,0.001,0.001,30,0,60,7,0,0,'2026-02-20 09:32:52','2026-02-20 09:32:52',0,NULL,NULL,NULL,'kg',0,0,'',1,1,0,0,0,'','',''),(140,'S7OS9Z0000','p0060','x1010',1,10,'1010','','','',NULL,0,0.001,0.001,80,0,97,7,0,0,'2026-02-20 09:33:30','2026-02-20 09:33:30',0,NULL,NULL,NULL,'kg',95,100,'',1,1,0,0,0,'','',''),(141,'S7OS9Z0000','p0070','x1020',1,10,'','','','',NULL,0,0.001,0.001,80,0,97,7,300,0,'2026-02-20 09:34:00','2026-02-20 09:34:00',0,NULL,NULL,NULL,'kg',95,100,'',1,1,0,0,0,'','',''),(142,'S7OS9Z0000','p0080','x1030',1,10,'1010','','','',NULL,0,0.001,0.001,80,0,75,7,0,0,'2026-02-20 09:35:20','2026-02-20 09:35:20',0,NULL,NULL,NULL,'kg',70,80,'',1,1,0,1,1,'65-67','4.0-4.5',''),(143,'S7OS9Z0000','p0090','x1040',1,10,'','','','',NULL,0,0.001,0.001,50,0,33,7,0,0,'2026-02-20 09:36:15','2026-02-20 09:36:15',0,NULL,NULL,NULL,'kg',30,35,'',1,1,1,1,1,'65-67','4.0-4.5',''),(144,'S77S743200','p0010','A1010',1,10,'1010','LS in Line','10030','LS Batching',NULL,371.71,0.001,0.001,80,0,40,7,0,0,'2026-02-20 09:43:37','2026-02-20 09:43:37',0,NULL,NULL,NULL,'kg',0,0,'',1,1,0,0,0,'','',''),(145,'S77S743200','p0010','A1010',0,20,'1010','RO-Water','10010','RO Batching Batching',NULL,372.87,0.001,0.001,80,0,40,7,0,0,'2026-02-20 09:44:37','2026-02-20 09:44:37',0,NULL,NULL,NULL,'kg',0,0,'',1,1,0,0,0,'','',''),(146,'S77S743200','p0010','A1010',0,30,'1010','White Sugar W150 1000kg For Repack','30010','xxxx',NULL,250,0.001,0.001,80,0,40,7,0,0,'2026-02-20 09:46:53','2026-02-20 09:46:53',0,NULL,NULL,NULL,'kg',0,0,'',1,1,0,0,0,'','',''),(147,'S77S743200','p0020','x1010',1,10,'','','','',NULL,0,0.001,0.001,80,0,60,7,0,0,'2026-02-20 09:51:22','2026-02-20 09:51:22',0,NULL,NULL,NULL,'kg',0,0,'',1,1,0,0,0,'','',''),(148,'S77S743200','p0030','D1010',1,10,'1010','Potassium Sorbate','20010','ละลาย Ingredient',NULL,0.8,0.001,0.001,30,0,60,7,0,0,'2026-02-20 09:52:21','2026-02-20 09:52:21',0,NULL,NULL,NULL,'kg',0,0,'',1,1,0,0,0,'','',''),(149,'S77S743200','p0030','D1010',0,20,'1010','Sodium Benzoate','20010','ละลาย Ingredient',NULL,0.2,0.001,0.001,30,0,60,7,0,0,'2026-02-20 09:52:55','2026-02-20 09:52:55',0,NULL,NULL,NULL,'kg',0,0,'',1,1,0,0,0,'','',''),(150,'S77S743200','p0030','D1010',0,30,'','Malic Acid, 25 kgs/bag.','20010','ละลาย Ingredient',NULL,0.115,0.001,0.001,30,0,60,7,0,0,'2026-02-20 09:54:29','2026-02-20 09:54:29',0,NULL,NULL,NULL,'kg',0,0,'',1,1,0,0,0,'','',''),(151,'S77S743200','p0030','D1010',0,40,'1010','CL001A','20010','ละลาย Ingredient',NULL,0.2,0.001,0.001,30,0,60,7,0,0,'2026-02-20 09:55:56','2026-02-20 09:55:56',0,NULL,NULL,NULL,'kg',0,0,'',1,1,0,0,0,'','',''),(152,'S77S743200','p0030','D1010',0,50,'1010','RO-Water','20010','ละลาย Ingredient',NULL,4,0.001,0.001,30,0,60,7,0,0,'2026-02-20 09:56:35','2026-02-20 09:56:35',0,NULL,NULL,NULL,'kg',0,0,'',1,1,0,0,0,'','',''),(153,'S77S743200','p0040','x1010',1,10,'1010','','','',NULL,0,0.001,0.001,80,0,83,7,0,0,'2026-02-20 09:57:01','2026-02-20 09:57:01',0,NULL,NULL,NULL,'kg',80,85,'',1,1,0,0,0,'','',''),(154,'S77S743200','p0050','x1020',1,10,'','','','',NULL,0,0.001,0.001,80,0,83,7,300,0,'2026-02-20 09:57:26','2026-02-20 09:57:26',0,NULL,NULL,NULL,'kg',80,85,'',1,1,0,0,0,'','',''),(155,'S77S743200','p0060','x1030',1,10,'','','','',NULL,0,0.001,0.001,80,0,75,7,0,0,'2026-02-20 09:58:04','2026-02-20 09:58:04',0,NULL,NULL,NULL,'kg',70,73,'',1,1,0,0,0,'','',''),(156,'S77S743200-COPY','p0010','A1010',1,10,'1010','LS in Line','10030','LS Batching',NULL,371.71,0.001,0.001,80,0,40,7,0,0,'2026-02-22 19:47:42','2026-02-22 19:47:42',0,NULL,NULL,NULL,'kg',0,0,'',1,1,0,0,0,'','',''),(157,'S77S743200-COPY','p0010','A1010',0,20,'1010','RO-Water','10010','RO Batching Batching',NULL,372.87,0.001,0.001,80,0,40,7,0,0,'2026-02-22 19:47:42','2026-02-22 19:47:42',0,NULL,NULL,NULL,'kg',0,0,'',1,1,0,0,0,'','',''),(158,'S77S743200-COPY','p0010','A1010',0,30,'1010','White Sugar W150 1000kg For Repack','30010','xxxx',NULL,250,0.001,0.001,80,0,40,7,0,0,'2026-02-22 19:47:42','2026-02-22 19:47:42',0,NULL,NULL,NULL,'kg',0,0,'',1,1,0,0,0,'','',''),(159,'S77S743200-COPY','p0020','x1010',1,10,'','','','',NULL,0,0.001,0.001,80,0,60,7,0,0,'2026-02-22 19:47:43','2026-02-22 19:47:43',0,NULL,NULL,NULL,'kg',0,0,'',1,1,0,0,0,'','',''),(160,'S77S743200-COPY','p0030','D1010',1,10,'1010','Potassium Sorbate','20010','ละลาย Ingredient',NULL,0.8,0.001,0.001,30,0,60,7,0,0,'2026-02-22 19:47:43','2026-02-22 19:47:43',0,NULL,NULL,NULL,'kg',0,0,'',1,1,0,0,0,'','',''),(161,'S77S743200-COPY','p0030','D1010',0,20,'1010','Sodium Benzoate','20010','ละลาย Ingredient',NULL,0.2,0.001,0.001,30,0,60,7,0,0,'2026-02-22 19:47:43','2026-02-22 19:47:43',0,NULL,NULL,NULL,'kg',0,0,'',1,1,0,0,0,'','',''),(162,'S77S743200-COPY','p0030','D1010',0,30,'','Malic Acid, 25 kgs/bag.','20010','ละลาย Ingredient',NULL,0.115,0.001,0.001,30,0,60,7,0,0,'2026-02-22 19:47:43','2026-02-22 19:47:43',0,NULL,NULL,NULL,'kg',0,0,'',1,1,0,0,0,'','',''),(163,'S77S743200-COPY','p0030','D1010',0,40,'1010','CL001A','20010','ละลาย Ingredient',NULL,0.2,0.001,0.001,30,0,60,7,0,0,'2026-02-22 19:47:43','2026-02-22 19:47:43',0,NULL,NULL,NULL,'kg',0,0,'',1,1,0,0,0,'','',''),(164,'S77S743200-COPY','p0030','D1010',0,50,'1010','RO-Water','20010','ละลาย Ingredient',NULL,4,0.001,0.001,30,0,60,7,0,0,'2026-02-22 19:47:43','2026-02-22 19:47:43',0,NULL,NULL,NULL,'kg',0,0,'',1,1,0,0,0,'','',''),(165,'S77S743200-COPY','p0040','x1010',1,10,'1010','','','',NULL,0,0.001,0.001,80,0,83,7,0,0,'2026-02-22 19:47:43','2026-02-22 19:47:43',0,NULL,NULL,NULL,'kg',80,85,'',1,1,0,0,0,'','',''),(166,'S77S743200-COPY','p0050','x1020',1,10,'','','','',NULL,0,0.001,0.001,80,0,83,7,300,0,'2026-02-22 19:47:43','2026-02-22 19:47:43',0,NULL,NULL,NULL,'kg',80,85,'',1,1,0,0,0,'','',''),(167,'S77S743200-COPY','p0060','x1030',1,10,'','','','',NULL,0,0.001,0.001,80,0,75,7,0,0,'2026-02-22 19:47:43','2026-02-22 19:47:43',0,NULL,NULL,NULL,'kg',70,73,'',1,1,0,0,0,'','','');
/*!40000 ALTER TABLE `sku_steps` ENABLE KEYS */;
UNLOCK TABLES;

--
-- Table structure for table `users`
--

DROP TABLE IF EXISTS `users`;
/*!40101 SET @saved_cs_client     = @@character_set_client */;
/*!50503 SET character_set_client = utf8mb4 */;
CREATE TABLE `users` (
  `id` int NOT NULL AUTO_INCREMENT,
  `username` varchar(50) NOT NULL,
  `email` varchar(100) NOT NULL,
  `password_hash` varchar(255) NOT NULL,
  `full_name` varchar(100) DEFAULT NULL,
  `role` enum('Admin','Manager','Operator','QC_Inspector','Viewer') DEFAULT NULL,
  `department` varchar(100) DEFAULT NULL,
  `status` enum('Active','Inactive') DEFAULT NULL,
  `permissions` json DEFAULT NULL,
  `last_login` datetime DEFAULT NULL,
  `created_at` timestamp NULL DEFAULT CURRENT_TIMESTAMP,
  `updated_at` timestamp NULL DEFAULT CURRENT_TIMESTAMP ON UPDATE CURRENT_TIMESTAMP,
  PRIMARY KEY (`id`),
  UNIQUE KEY `username` (`username`),
  UNIQUE KEY `email` (`email`),
  KEY `ix_users_id` (`id`)
) ENGINE=InnoDB AUTO_INCREMENT=19 DEFAULT CHARSET=utf8mb4 COLLATE=utf8mb4_0900_ai_ci;
/*!40101 SET character_set_client = @saved_cs_client */;

--
-- Dumping data for table `users`
--

LOCK TABLES `users` WRITE;
/*!40000 ALTER TABLE `users` DISABLE KEYS */;
INSERT INTO `users` VALUES (1,'cj','cj@xdev.co.th','$2b$12$uuH4pX2Upca07vdaEnuYo.IpvRuPQiW5it5860Vcaw0nQBhfgXWJG','CJ - Super Admin Updated','Admin','Admin','Active','[\"read\", \"write\", \"execute\"]','2026-02-25 02:18:05','2026-01-10 15:25:46','2026-02-24 19:18:04'),(2,'vilailuk','vilailuka@mitrphol.com','$2b$12$9Q.rehlCJxMxwTPepk.Sdex6mtM0arbZkNR33Ycb.NJxN/aRY2Zle','Vilailuk','Admin','Fravor House','Active','[\"Recipe\", \"Receive\", \"Planning\", \"PrePare Batch\", \"Packing\", \"Admin\", \"User Manage\", \"sku_management\", \"ingredient_receipt\", \"production_planning\", \"production_list\", \"prepare_batch\", \"admin\"]','2026-01-29 04:37:32','2026-01-13 06:45:53','2026-01-29 04:37:32'),(4,'User-1','user-1@example.com','$2b$12$sUkTyD7QHQ0XOPcMIzai7ee.Cx3sIdFkxuhE3kMN3qrHvZwGtvp8W','User-1','Operator','Prepare','Active','[\"PrePare Batch\", \"Packing\"]',NULL,'2026-01-13 06:45:53','2026-01-13 06:45:53'),(5,'User-2','user-2@example.com','$2b$12$eGpA.zsxLPztzW.5VrMTQeuK6u/w/.K5iZ2t4YqIrdyMOQvF16IiW','User-2','Operator','Fravor House','Active','[\"Receive\", \"Planning\", \"PrePare Batch\", \"Packing\"]',NULL,'2026-01-13 06:45:53','2026-01-13 06:45:53'),(6,'User-3','user-3@example.com','$2b$12$hcL4fXC0YhULx081wGvRR.6Z3ZHHwZfdhbDlqn0CAYbWxuYDmRLUK','User-3','Operator','SPP','Active','[\"PrePare Batch\", \"Packing\"]',NULL,'2026-01-13 06:45:53','2026-01-13 06:45:53'),(7,'User-4','user-4@example.com','$2b$12$JTgZCm8w/Iy1wdbB8qe6GO2z/GKf2vV/aE.ErJrcIx0ys2aMSSPq6','User-4','Operator','SPP','Active','[\"Planning\", \"PrePare Batch\", \"Packing\"]',NULL,'2026-01-13 06:45:53','2026-01-13 06:45:53'),(8,'PD-1','pd-1@example.com','$2b$12$/NEghEGSwd4d1QT7rJBPP.0juNB/6E0GFDJCF31F6ueNnuXEiao8y','PD-1','Operator','Production','Active','[\"Production\"]',NULL,'2026-01-13 06:45:53','2026-01-13 06:45:53'),(9,'PD-2','pd-2@example.com','$2b$12$f/seWjUMU31a8Neq.bPGduFgEITLXnETzK.kdSSoe/36OQNC631OK','PD-2','Operator','Production','Active','[\"Production\"]',NULL,'2026-01-13 06:45:53','2026-01-13 06:45:53'),(10,'PD-3','pd-3@example.com','$2b$12$Oj7Setbr8zYAO7Q9lMas6O9fkXFDmOjihOzkNO6SoMy2rvHVZ5UQq','PD-3','Operator','Production','Active','[\"Production\"]',NULL,'2026-01-13 06:45:53','2026-01-13 06:45:53'),(11,'PD-4','pd-4@example.com','$2b$12$xljtTbxB9GmMH4S4/atu/uOkZE6eweymd3tUMoj0vbV.Lq2yf8Bqy','PD-4','Operator','Production','Active','[\"Production\"]',NULL,'2026-01-13 06:45:53','2026-01-13 06:45:53'),(12,'PD-5','pd-5@example.com','$2b$12$y0wHLO2jgE6i4DKWZ/KdxepFNjeZ5Fa4IofOHMecbvpiUWbm37h8m','PD-5','Operator','Production','Active','[\"Production\"]',NULL,'2026-01-13 06:45:53','2026-01-13 06:45:53'),(13,'PD-6','pd-6@example.com','$2b$12$HPqq9P3rGGkpH2OM42eSfOTDGjjgtRGrkMFXN4PKnSqKSr8RlTD4K','PD-6','Operator','Production','Active','[\"Production\"]',NULL,'2026-01-13 06:45:53','2026-01-13 06:45:53'),(14,'antigravity','anti@gravity.ai','$2b$12$/vjqDyi02LMx3bdJUSOFUOdQ7HeVrpYHJ9RdPRwOvs5Yfiw70kSdy','Antigravity AI','Admin',NULL,'Active','[\"admin\", \"sku_management\", \"ingredient_receipt\", \"prepare_batch\", \"production_planning\", \"production_list\"]','2026-02-02 00:19:58','2026-01-31 00:08:00','2026-02-01 17:19:57'),(15,'agent1','agent@example.com','$2b$12$pigF5jf0RdaxWyl1vx4OJO.pU/HMn/LMbp3szu0A9tVFnCVAxzxui','Agent One','Operator','Admin','Active','[]','2026-02-10 07:36:38','2026-02-10 00:35:55','2026-02-10 00:36:39'),(16,'testuser','test@example.com','$2b$12$bY1AXikzP4LxzmYoM0fbj.nJ.Zw3eS9QPoPX5NDLg2up30xKWzdXK','Test User','Operator','Production','Active','[]','2026-02-17 08:32:03','2026-02-17 01:31:49','2026-02-17 01:32:03'),(17,'tester','tester@example.com','$2b$12$MtQxEOvlfiJ8ncS1eucwfupB8VAdXFmMZs/cjuxaeLT8YrcgvimL6','Tester User','Operator','','Active','[]',NULL,'2026-02-17 01:53:44','2026-02-17 01:53:44'),(18,'Siriworadap','siriworadap@mitrphol.com','$2b$12$S63FuYLnA.nDB1pS.bw7o.Q3nphokj8Fq2rrkeJEGzm9s4/J4481S','Siriworada','Operator','Admin','Active','[\"admin\", \"prepare_batch\", \"production_list\", \"production_planning\", \"ingredient_receipt\", \"sku_management\"]','2026-02-19 16:30:08','2026-02-19 03:36:00','2026-02-19 09:30:08');
/*!40000 ALTER TABLE `users` ENABLE KEYS */;
UNLOCK TABLES;

--
-- Temporary view structure for view `v_sku_complete`
--

DROP TABLE IF EXISTS `v_sku_complete`;
/*!50001 DROP VIEW IF EXISTS `v_sku_complete`*/;
SET @saved_cs_client     = @@character_set_client;
/*!50503 SET character_set_client = utf8mb4 */;
/*!50001 CREATE VIEW `v_sku_complete` AS SELECT 
 1 AS `sku_id`,
 1 AS `sku_name`,
 1 AS `std_batch_size`,
 1 AS `uom`,
 1 AS `status`,
 1 AS `phase_number`,
 1 AS `phase_id`,
 1 AS `sub_step`,
 1 AS `step_number`,
 1 AS `action`,
 1 AS `action_code`,
 1 AS `action_description`,
 1 AS `re_code`,
 1 AS `ingredient_name`,
 1 AS `mat_sap_code`,
 1 AS `blind_code`,
 1 AS `destination`,
 1 AS `destination_description`,
 1 AS `required_amount`,
 1 AS `low_tol`,
 1 AS `high_tol`,
 1 AS `agitator_rpm`,
 1 AS `high_shear_rpm`,
 1 AS `temperature`,
 1 AS `step_time`,
 1 AS `qc_temp`,
 1 AS `record_steam_pressure`,
 1 AS `record_ctw`,
 1 AS `operation_brix_record`,
 1 AS `operation_ph_record`,
 1 AS `brix_sp`,
 1 AS `ph_sp`,
 1 AS `setup_step`,
 1 AS `creat_by`,
 1 AS `created_at`,
 1 AS `update_by`,
 1 AS `updated_at`*/;
SET character_set_client = @saved_cs_client;

--
-- Temporary view structure for view `v_sku_master_detail`
--

DROP TABLE IF EXISTS `v_sku_master_detail`;
/*!50001 DROP VIEW IF EXISTS `v_sku_master_detail`*/;
SET @saved_cs_client     = @@character_set_client;
/*!50503 SET character_set_client = utf8mb4 */;
/*!50001 CREATE VIEW `v_sku_master_detail` AS SELECT 
 1 AS `id`,
 1 AS `sku_id`,
 1 AS `sku_name`,
 1 AS `std_batch_size`,
 1 AS `uom`,
 1 AS `status`,
 1 AS `creat_by`,
 1 AS `created_at`,
 1 AS `update_by`,
 1 AS `updated_at`,
 1 AS `sku_group`,
 1 AS `sku_group_code`,
 1 AS `sku_group_name`,
 1 AS `total_phases`,
 1 AS `total_sub_steps`,
 1 AS `last_step_update`*/;
SET character_set_client = @saved_cs_client;

--
-- Temporary view structure for view `v_sku_step_detail`
--

DROP TABLE IF EXISTS `v_sku_step_detail`;
/*!50001 DROP VIEW IF EXISTS `v_sku_step_detail`*/;
SET @saved_cs_client     = @@character_set_client;
/*!50503 SET character_set_client = utf8mb4 */;
/*!50001 CREATE VIEW `v_sku_step_detail` AS SELECT 
 1 AS `step_id`,
 1 AS `sku_id`,
 1 AS `phase_number`,
 1 AS `phase_id`,
 1 AS `sub_step`,
 1 AS `action`,
 1 AS `re_code`,
 1 AS `action_code`,
 1 AS `setup_step`,
 1 AS `destination`,
 1 AS `require`,
 1 AS `uom`,
 1 AS `low_tol`,
 1 AS `high_tol`,
 1 AS `step_condition`,
 1 AS `agitator_rpm`,
 1 AS `high_shear_rpm`,
 1 AS `temperature`,
 1 AS `temp_low`,
 1 AS `temp_high`,
 1 AS `ph`,
 1 AS `brix`,
 1 AS `step_time`,
 1 AS `step_timer_control`,
 1 AS `qc_temp`,
 1 AS `record_steam_pressure`,
 1 AS `record_ctw`,
 1 AS `operation_brix_record`,
 1 AS `operation_ph_record`,
 1 AS `brix_sp`,
 1 AS `ph_sp`,
 1 AS `step_created_at`,
 1 AS `step_updated_at`,
 1 AS `sku_name`,
 1 AS `std_batch_size`,
 1 AS `uom_master`,
 1 AS `sku_status`,
 1 AS `action_description`,
 1 AS `destination_description`,
 1 AS `ingredient_name`,
 1 AS `mat_sap_code`,
 1 AS `blind_code`,
 1 AS `ingredient_category`,
 1 AS `ingredient_unit`,
 1 AS `std_package_size`,
 1 AS `step_label`,
 1 AS `full_action_description`,
 1 AS `full_destination_description`*/;
SET character_set_client = @saved_cs_client;

--
-- Table structure for table `warehouses`
--

DROP TABLE IF EXISTS `warehouses`;
/*!40101 SET @saved_cs_client     = @@character_set_client */;
/*!50503 SET character_set_client = utf8mb4 */;
CREATE TABLE `warehouses` (
  `id` int NOT NULL AUTO_INCREMENT,
  `warehouse_id` varchar(50) NOT NULL,
  `name` varchar(100) NOT NULL,
  `description` varchar(255) DEFAULT NULL,
  `status` varchar(20) DEFAULT NULL,
  `created_at` timestamp NULL DEFAULT CURRENT_TIMESTAMP,
  `updated_at` timestamp NULL DEFAULT CURRENT_TIMESTAMP,
  PRIMARY KEY (`id`),
  UNIQUE KEY `ix_warehouses_warehouse_id` (`warehouse_id`),
  KEY `ix_warehouses_id` (`id`)
) ENGINE=InnoDB AUTO_INCREMENT=6 DEFAULT CHARSET=utf8mb4 COLLATE=utf8mb4_0900_ai_ci;
/*!40101 SET character_set_client = @saved_cs_client */;

--
-- Dumping data for table `warehouses`
--

LOCK TABLES `warehouses` WRITE;
/*!40000 ALTER TABLE `warehouses` DISABLE KEYS */;
INSERT INTO `warehouses` VALUES (3,'FH','Flavour House','Flavour House Storage','Active','2026-02-09 11:55:30','2026-02-09 11:55:30'),(4,'SPP','SPP','SPP Storage','Active','2026-02-09 11:55:30','2026-02-09 11:55:30');
/*!40000 ALTER TABLE `warehouses` ENABLE KEYS */;
UNLOCK TABLES;

--
-- Final view structure for view `v_sku_complete`
--

/*!50001 DROP VIEW IF EXISTS `v_sku_complete`*/;
/*!50001 SET @saved_cs_client          = @@character_set_client */;
/*!50001 SET @saved_cs_results         = @@character_set_results */;
/*!50001 SET @saved_col_connection     = @@collation_connection */;
/*!50001 SET character_set_client      = utf8mb4 */;
/*!50001 SET character_set_results     = utf8mb4 */;
/*!50001 SET collation_connection      = utf8mb4_0900_ai_ci */;
/*!50001 CREATE ALGORITHM=UNDEFINED */
/*!50013 DEFINER=`mixingcontrol`@`%` SQL SECURITY DEFINER */
/*!50001 VIEW `v_sku_complete` AS select `sm`.`sku_id` AS `sku_id`,`sm`.`sku_name` AS `sku_name`,`sm`.`std_batch_size` AS `std_batch_size`,`sm`.`uom` AS `uom`,`sm`.`status` AS `status`,`ss`.`phase_number` AS `phase_number`,`ss`.`phase_id` AS `phase_id`,`ss`.`sub_step` AS `sub_step`,concat(`ss`.`phase_number`,'.',`ss`.`sub_step`) AS `step_number`,`ss`.`action` AS `action`,`ss`.`action_code` AS `action_code`,`sa`.`action_description` AS `action_description`,`ss`.`re_code` AS `re_code`,`ing`.`name` AS `ingredient_name`,`ing`.`mat_sap_code` AS `mat_sap_code`,`ing`.`blind_code` AS `blind_code`,`ss`.`destination` AS `destination`,`sd`.`description` AS `destination_description`,`ss`.`require` AS `required_amount`,`ss`.`low_tol` AS `low_tol`,`ss`.`high_tol` AS `high_tol`,`ss`.`agitator_rpm` AS `agitator_rpm`,`ss`.`high_shear_rpm` AS `high_shear_rpm`,`ss`.`temperature` AS `temperature`,`ss`.`step_time` AS `step_time`,`ss`.`qc_temp` AS `qc_temp`,`ss`.`record_steam_pressure` AS `record_steam_pressure`,`ss`.`record_ctw` AS `record_ctw`,`ss`.`operation_brix_record` AS `operation_brix_record`,`ss`.`operation_ph_record` AS `operation_ph_record`,`ss`.`brix_sp` AS `brix_sp`,`ss`.`ph_sp` AS `ph_sp`,`ss`.`setup_step` AS `setup_step`,`sm`.`creat_by` AS `creat_by`,`sm`.`created_at` AS `created_at`,`sm`.`update_by` AS `update_by`,`sm`.`updated_at` AS `updated_at` from ((((`sku_masters` `sm` left join `sku_steps` `ss` on((`sm`.`sku_id` = `ss`.`sku_id`))) left join `sku_actions` `sa` on((`ss`.`action_code` = `sa`.`action_code`))) left join `sku_destinations` `sd` on((`ss`.`destination` = `sd`.`destination_code`))) left join `ingredients` `ing` on((`ss`.`re_code` = `ing`.`re_code`))) */;
/*!50001 SET character_set_client      = @saved_cs_client */;
/*!50001 SET character_set_results     = @saved_cs_results */;
/*!50001 SET collation_connection      = @saved_col_connection */;

--
-- Final view structure for view `v_sku_master_detail`
--

/*!50001 DROP VIEW IF EXISTS `v_sku_master_detail`*/;
/*!50001 SET @saved_cs_client          = @@character_set_client */;
/*!50001 SET @saved_cs_results         = @@character_set_results */;
/*!50001 SET @saved_col_connection     = @@collation_connection */;
/*!50001 SET character_set_client      = utf8mb4 */;
/*!50001 SET character_set_results     = utf8mb4 */;
/*!50001 SET collation_connection      = utf8mb4_0900_ai_ci */;
/*!50001 CREATE ALGORITHM=UNDEFINED */
/*!50013 DEFINER=`mixingcontrol`@`%` SQL SECURITY DEFINER */
/*!50001 VIEW `v_sku_master_detail` AS select `sm`.`id` AS `id`,`sm`.`sku_id` AS `sku_id`,`sm`.`sku_name` AS `sku_name`,`sm`.`std_batch_size` AS `std_batch_size`,`sm`.`uom` AS `uom`,`sm`.`status` AS `status`,`sm`.`creat_by` AS `creat_by`,`sm`.`created_at` AS `created_at`,`sm`.`update_by` AS `update_by`,`sm`.`updated_at` AS `updated_at`,`sm`.`sku_group` AS `sku_group`,`sg`.`group_code` AS `sku_group_code`,`sg`.`group_name` AS `sku_group_name`,count(distinct `ss`.`phase_number`) AS `total_phases`,count(`ss`.`id`) AS `total_sub_steps`,max(`ss`.`updated_at`) AS `last_step_update` from ((`sku_masters` `sm` left join `sku_groups` `sg` on((`sm`.`sku_group` = `sg`.`id`))) left join `sku_steps` `ss` on((`sm`.`sku_id` = `ss`.`sku_id`))) group by `sm`.`id`,`sm`.`sku_id`,`sm`.`sku_name`,`sm`.`std_batch_size`,`sm`.`uom`,`sm`.`status`,`sm`.`creat_by`,`sm`.`created_at`,`sm`.`update_by`,`sm`.`updated_at`,`sm`.`sku_group`,`sg`.`group_code`,`sg`.`group_name` */;
/*!50001 SET character_set_client      = @saved_cs_client */;
/*!50001 SET character_set_results     = @saved_cs_results */;
/*!50001 SET collation_connection      = @saved_col_connection */;

--
-- Final view structure for view `v_sku_step_detail`
--

/*!50001 DROP VIEW IF EXISTS `v_sku_step_detail`*/;
/*!50001 SET @saved_cs_client          = @@character_set_client */;
/*!50001 SET @saved_cs_results         = @@character_set_results */;
/*!50001 SET @saved_col_connection     = @@collation_connection */;
/*!50001 SET character_set_client      = utf8mb4 */;
/*!50001 SET character_set_results     = utf8mb4 */;
/*!50001 SET collation_connection      = utf8mb4_0900_ai_ci */;
/*!50001 CREATE ALGORITHM=UNDEFINED */
/*!50013 DEFINER=`mixingcontrol`@`%` SQL SECURITY DEFINER */
/*!50001 VIEW `v_sku_step_detail` AS select `ss`.`id` AS `step_id`,`ss`.`sku_id` AS `sku_id`,`ss`.`phase_number` AS `phase_number`,`ss`.`phase_id` AS `phase_id`,`ss`.`sub_step` AS `sub_step`,`ss`.`action` AS `action`,`ss`.`re_code` AS `re_code`,`ss`.`action_code` AS `action_code`,`ss`.`setup_step` AS `setup_step`,`ss`.`destination` AS `destination`,`ss`.`require` AS `require`,`ss`.`uom` AS `uom`,`ss`.`low_tol` AS `low_tol`,`ss`.`high_tol` AS `high_tol`,`ss`.`step_condition` AS `step_condition`,`ss`.`agitator_rpm` AS `agitator_rpm`,`ss`.`high_shear_rpm` AS `high_shear_rpm`,`ss`.`temperature` AS `temperature`,`ss`.`temp_low` AS `temp_low`,`ss`.`temp_high` AS `temp_high`,`ss`.`ph` AS `ph`,`ss`.`brix` AS `brix`,`ss`.`step_time` AS `step_time`,`ss`.`step_timer_control` AS `step_timer_control`,`ss`.`qc_temp` AS `qc_temp`,`ss`.`record_steam_pressure` AS `record_steam_pressure`,`ss`.`record_ctw` AS `record_ctw`,`ss`.`operation_brix_record` AS `operation_brix_record`,`ss`.`operation_ph_record` AS `operation_ph_record`,`ss`.`brix_sp` AS `brix_sp`,`ss`.`ph_sp` AS `ph_sp`,`ss`.`created_at` AS `step_created_at`,`ss`.`updated_at` AS `step_updated_at`,`sm`.`sku_name` AS `sku_name`,`sm`.`std_batch_size` AS `std_batch_size`,`sm`.`uom` AS `uom_master`,`sm`.`status` AS `sku_status`,`sa`.`action_description` AS `action_description`,`sd`.`description` AS `destination_description`,`ing`.`name` AS `ingredient_name`,`ing`.`mat_sap_code` AS `mat_sap_code`,`ing`.`blind_code` AS `blind_code`,`ing`.`Group` AS `ingredient_category`,`ing`.`unit` AS `ingredient_unit`,`ing`.`std_package_size` AS `std_package_size`,concat(`ss`.`phase_number`,'.',`ss`.`sub_step`) AS `step_label`,(case when (`ss`.`action_code` is not null) then concat(`ss`.`action_code`,' - ',`sa`.`action_description`) else `ss`.`action` end) AS `full_action_description`,(case when (`ss`.`destination` is not null) then concat(`ss`.`destination`,' - ',`sd`.`description`) else NULL end) AS `full_destination_description` from ((((`sku_steps` `ss` join `sku_masters` `sm` on((`ss`.`sku_id` = `sm`.`sku_id`))) left join `sku_actions` `sa` on((`ss`.`action_code` = `sa`.`action_code`))) left join `sku_destinations` `sd` on((`ss`.`destination` = `sd`.`destination_code`))) left join `ingredients` `ing` on((`ss`.`re_code` = `ing`.`re_code`))) */;
/*!50001 SET character_set_client      = @saved_cs_client */;
/*!50001 SET character_set_results     = @saved_cs_results */;
/*!50001 SET collation_connection      = @saved_col_connection */;
/*!40103 SET TIME_ZONE=@OLD_TIME_ZONE */;

/*!40101 SET SQL_MODE=@OLD_SQL_MODE */;
/*!40014 SET FOREIGN_KEY_CHECKS=@OLD_FOREIGN_KEY_CHECKS */;
/*!40014 SET UNIQUE_CHECKS=@OLD_UNIQUE_CHECKS */;
/*!40101 SET CHARACTER_SET_CLIENT=@OLD_CHARACTER_SET_CLIENT */;
/*!40101 SET CHARACTER_SET_RESULTS=@OLD_CHARACTER_SET_RESULTS */;
/*!40101 SET COLLATION_CONNECTION=@OLD_COLLATION_CONNECTION */;
/*!40111 SET SQL_NOTES=@OLD_SQL_NOTES */;

-- Dump completed on 2026-02-25  4:14:00
